id,nombre,categoria,marca,precio,stock,sku
1,Calcetines (Paquete) Nike Talla XXL Color Gris,Ropa,Nike,55.78,349,NIK-0001-CKCVE
2,Base de Maquillaje CeraVe Piel Seca,Belleza y Cuidado Personal,CeraVe,116.36,351,CER-0002-NHE34
3,Licuadora T-fal Modelo 6830,Hogar,T-fal,459.16,292,T-F-0003-NQ4WG
4,Goggles de Natación Spalding Profesional Premium,Deportes,Spalding,110.78,637,SPA-0004-2IKCM
5,Rímel Voluminizador La Roche-Posay Tono Medio,Belleza y Cuidado Personal,La Roche-Posay,56.42,677,LA -0005-U09AL
6,Calcetines (Paquete) Converse Talla M Color Blanco,Ropa,Converse,131.14,810,CON-0006-5KGC6
7,Tenis Puma Talla M Color Blanco,Ropa,Puma,45.31,21,PUM-0007-CDI1K
8,"Monitor 24"" Apple Lite",Electrónica,Apple,724.72,267,APP-0008-EDIT6
9,Procesador de Alimentos Dyson Modelo 2179,Hogar,Dyson,578.65,775,DYS-0009-GFTSZ
10,Cámara Mirrorless LG Pro 256GB,Electrónica,LG,357.54,120,LG-0010-I4BOW
11,Sudadera Levi's Talla M Color Rojo,Ropa,Levi's,90.92,363,LEV-0011-QELI6
12,Sudadera Zara Talla S Color Blanco,Ropa,Zara,119.6,201,ZAR-0012-9TD15
13,Calcetines (Paquete) Nike Talla XXL Color Rojo,Ropa,Nike,47.07,347,NIK-0013-QO440
14,Crema Hidratante MAC Tono Medio,Belleza y Cuidado Personal,MAC,87.3,984,MAC-0014-JUL9H
15,Raqueta de Tenis CamelBak Profesional Pro,Deportes,CamelBak,136.04,347,CAM-0015-814YF
16,Chaqueta de Cuero Tommy Hilfiger Talla XXL Color Azul,Ropa,Tommy Hilfiger,97.85,791,TOM-0016-B9PCF
17,Sudadera Vans Talla XXL Color Rojo,Ropa,Vans,119.88,942,VAN-0017-92FM6
18,Freidora de Aire Koblenz Modelo 1641,Hogar,Koblenz,169.34,949,KOB-0018-0ZTFS
19,Smartphone Asus Ultra 256GB,Electrónica,Asus,390.36,34,ASU-0019-3SOJU
20,Guantes de Box Gatorade Profesional Premium,Deportes,Gatorade,275.92,309,GAT-0020-DJRV5
21,Crema Hidratante MAC Piel Seca,Belleza y Cuidado Personal,MAC,33.12,350,MAC-0021-GKLWN
22,Tenis Tommy Hilfiger Talla XL Color Blanco,Ropa,Tommy Hilfiger,66.64,129,TOM-0022-I1EKV
23,Suero de Vitamina C Revlon Tono Oscuro,Belleza y Cuidado Personal,Revlon,51.04,341,REV-0023-9V11J
24,Calcetines (Paquete) Calvin Klein Talla S Color Negro,Ropa,Calvin Klein,65.72,211,CAL-0024-XQ6YR
25,Bocina Bluetooth Xiaomi Gen 7 256GB,Electrónica,Xiaomi,1024.87,265,XIA-0025-JLJTE
26,Labial Líquido MAC Para todo tipo de piel,Belleza y Cuidado Personal,MAC,42.4,307,MAC-0026-5B0X2
27,Cafetera T-fal Modelo 1558,Hogar,T-fal,227.99,329,T-F-0027-OEB5C
28,Chamarra Under Armour Talla XXL Color Negro,Ropa,Under Armour,52.37,931,UND-0028-DD5SU
29,Tapete de Yoga Spalding Profesional Estándar,Deportes,Spalding,121.26,243,SPA-0029-8PHYT
30,Shampoo Nivea Tono Claro,Belleza y Cuidado Personal,Nivea,35.7,566,NIV-0030-47NWB
31,Procesador de Alimentos Ninja Modelo 8948,Hogar,Ninja,339.39,507,NIN-0031-TV95G
32,Gorra Nike Talla L Color Blanco,Ropa,Nike,61.84,542,NIK-0032-XKRVO
33,Mochila de Senderismo Wilson Profesional Pro,Deportes,Wilson,109.38,288,WIL-0033-2E9EP
34,Raqueta de Tenis Everlast Profesional Estándar,Deportes,Everlast,78.37,6,EVE-0034-TMY1P
35,Calcetines (Paquete) H&M Talla XXL Color Gris,Ropa,H&M,29.6,299,H&M-0035-MTANZ
36,"Monitor 24"" Motorola Plus 256GB",Electrónica,Motorola,1792.37,214,MOT-0036-0VNVW
37,Goggles de Natación Gatorade Profesional Estándar,Deportes,Gatorade,84.65,254,GAT-0037-J4Z9L
38,Pantalón de Mezclilla Zara Talla S Color Azul,Ropa,Zara,52.95,451,ZAR-0038-7D2G0
39,Cafetera KitchenAid Modelo 3223,Hogar,KitchenAid,175.68,374,KIT-0039-05WHT
40,Tapete de Yoga Rawlings Profesional Pro,Deportes,Rawlings,56.2,704,RAW-0040-Y0E32
41,Freidora de Aire KitchenAid Modelo 5485,Hogar,KitchenAid,285.55,253,KIT-0041-8BF00
42,Labial Líquido Clinique Tono Medio,Belleza y Cuidado Personal,Clinique,11.95,181,CLI-0042-CN25L
43,Raqueta de Tenis Yeti Profesional Estándar,Deportes,Yeti,40.3,50,YET-0043-RK2YH
44,Audífonos Inalámbricos Acer Ultra 1TB,Electrónica,Acer,1331.59,554,ACE-0044-XYQL6
45,Smartwatch Xiaomi Lite,Electrónica,Xiaomi,1525.12,852,XIA-0045-MAH4U
46,Gorra Levi's Talla L Color Gris,Ropa,Levi's,126.74,481,LEV-0046-VRYLS
47,Refrigerador KitchenAid Modelo 4334,Hogar,KitchenAid,233.02,495,KIT-0047-ZRFV8
48,Cafetera Koblenz Modelo 7964,Hogar,Koblenz,290.28,570,KOB-0048-M453I
49,Mancuernas 10kg Wilson Profesional Pro,Deportes,Wilson,240.67,170,WIL-0049-DML6K
50,Mochila de Senderismo Rawlings Profesional Edición Especial,Deportes,Rawlings,21.35,900,RAW-0050-V18NR
51,Audífonos Inalámbricos Acer Lite,Electrónica,Acer,921.75,934,ACE-0051-M13ZH
52,Audífonos Inalámbricos Lenovo Lite,Electrónica,Lenovo,895.59,233,LEN-0052-0DORJ
53,Suero de Vitamina C MAC Tono Claro,Belleza y Cuidado Personal,MAC,117.06,449,MAC-0053-BWWRQ
54,Sudadera Tommy Hilfiger Talla XXL Color Blanco,Ropa,Tommy Hilfiger,68.24,862,TOM-0054-WA4VS
55,Batidora de Pedestal Philips Modelo 9653,Hogar,Philips,228.86,309,PHI-0055-GUUID
56,Mouse LG Lite,Electrónica,LG,684.56,283,LG-0056-KBEZI
57,Procesador de Alimentos Dyson Modelo 8371,Hogar,Dyson,121.53,502,DYS-0057-ETPWW
58,Teclado Mecánico Lenovo Pro 512GB,Electrónica,Lenovo,1337.85,73,LEN-0058-C1K2S
59,Freidora de Aire Black+Decker Modelo 1300,Hogar,Black+Decker,516.23,343,BLA-0059-WAM3O
60,Crema Hidratante Dove Tono Claro,Belleza y Cuidado Personal,Dove,9.95,612,DOV-0060-NZYLG
61,Short Deportivo Zara Talla XXL Color Gris,Ropa,Zara,30.49,688,ZAR-0061-4QCYB
62,Suéter Zara Talla S Color Negro,Ropa,Zara,92.77,11,ZAR-0062-FWJQ9
63,Tapete de Yoga Spalding Profesional Estándar,Deportes,Spalding,17.45,762,SPA-0063-G2RX0
64,Goggles de Natación CamelBak Profesional Edición Especial,Deportes,CamelBak,109.35,915,CAM-0064-I9IPF
65,Teclado Mecánico Dell Gen 5 256GB,Electrónica,Dell,1612.53,359,DEL-0065-TH81W
66,Suéter Zara Talla XXL Color Gris,Ropa,Zara,78.74,940,ZAR-0066-J4PK6
67,Refrigerador Mabe Modelo 5405,Hogar,Mabe,272.42,379,MAB-0067-6VL1T
68,Crema Hidratante Nivea Tono Medio,Belleza y Cuidado Personal,Nivea,115.28,627,NIV-0068-FLAGY
69,Suéter Under Armour Talla M Color Azul,Ropa,Under Armour,76.41,476,UND-0069-YY93D
70,TV 4K Dell Plus,Electrónica,Dell,2070.42,186,DEL-0070-5283V
71,Teclado Mecánico Lenovo Ultra 1TB,Electrónica,Lenovo,2306.79,759,LEN-0071-376DL
72,Balón de Básquetbol Rawlings Profesional Premium,Deportes,Rawlings,140.2,346,RAW-0072-X0CH9
73,Tablet Lenovo Ultra,Electrónica,Lenovo,1931.3,349,LEN-0073-U3EQS
74,Balón de Básquetbol Gatorade Profesional Estándar,Deportes,Gatorade,209.42,282,GAT-0074-91O79
75,Smartwatch Samsung Ultra 128GB,Electrónica,Samsung,1937.78,492,SAM-0075-6YBBU
76,Perfume 100ml Nivea Tono Claro,Belleza y Cuidado Personal,Nivea,94.12,52,NIV-0076-IYOEP
77,Suero de Vitamina C Maybelline Tono Medio,Belleza y Cuidado Personal,Maybelline,36.56,254,MAY-0077-U6YU8
78,"Monitor 24"" Sony Lite 512GB",Electrónica,Sony,1297.9,748,SON-0078-UDUPD
79,Acondicionador Garnier Tono Oscuro,Belleza y Cuidado Personal,Garnier,99.2,29,GAR-0079-7STN8
80,Short Deportivo Nike Talla S Color Blanco,Ropa,Nike,62.71,875,NIK-0080-1OA77
81,Plancha de Vapor Philips Modelo 9553,Hogar,Philips,428.19,738,PHI-0081-OXNDK
82,Perfume 100ml MAC Tono Medio,Belleza y Cuidado Personal,MAC,32.51,894,MAC-0082-50P3A
83,Base de Maquillaje L'Oréal Tono Claro,Belleza y Cuidado Personal,L'Oréal,9.31,584,L'O-0083-EOTC0
84,Botella de Agua 1L Yeti Profesional Edición Especial,Deportes,Yeti,127.81,275,YET-0084-7DBS6
85,Tienda de Campaña Rawlings Profesional Pro,Deportes,Rawlings,90.94,178,RAW-0085-HZ6O8
86,Bocina Bluetooth Acer Ultra 1TB,Electrónica,Acer,2235.0,746,ACE-0086-7PQNO
87,TV 4K Xiaomi Plus 256GB,Electrónica,Xiaomi,1072.3,491,XIA-0087-7OIF7
88,Bocina Bluetooth HP Pro,Electrónica,HP,1887.05,424,HP-0088-PRKRL
89,Botella de Agua 1L Coleman Profesional Edición Especial,Deportes,Coleman,91.82,114,COL-0089-UM4T1
90,Smartphone Asus Pro 1TB,Electrónica,Asus,1971.71,373,ASU-0090-87Y55
91,Licuadora Whirlpool Modelo 6089,Hogar,Whirlpool,743.88,255,WHI-0091-WNF6V
92,Audífonos Inalámbricos Dell Lite 1TB,Electrónica,Dell,755.91,277,DEL-0092-M5UGL
93,Mancuernas 10kg Wilson Profesional Pro,Deportes,Wilson,120.58,147,WIL-0093-TQOR6
94,Guantes de Box Everlast Profesional Premium,Deportes,Everlast,116.49,933,EVE-0094-TX11W
95,Cámara Mirrorless Bose Lite,Electrónica,Bose,243.98,577,BOS-0095-E88GH
96,Acondicionador Garnier Para todo tipo de piel,Belleza y Cuidado Personal,Garnier,65.12,633,GAR-0096-LR42F
97,Labial Líquido Dove Tono Claro,Belleza y Cuidado Personal,Dove,9.57,400,DOV-0097-8M6HW
98,Chamarra Tommy Hilfiger Talla XXL Color Rojo,Ropa,Tommy Hilfiger,45.9,299,TOM-0098-YSLQ1
99,Rímel Voluminizador Estée Lauder Tono Claro,Belleza y Cuidado Personal,Estée Lauder,98.88,878,EST-0099-QUMVL
100,Mancuernas 10kg Everlast Profesional Premium,Deportes,Everlast,242.33,600,EVE-0100-4AJZ9
101,Suero de Vitamina C Garnier Tono Claro,Belleza y Cuidado Personal,Garnier,24.73,616,GAR-0101-D5WMX
102,Licuadora Whirlpool Modelo 2785,Hogar,Whirlpool,607.91,828,WHI-0102-GIATU
103,Gorra Adidas Talla XXL Color Rojo,Ropa,Adidas,53.2,218,ADI-0103-YP0TN
104,Microondas Ninja Modelo 3496,Hogar,Ninja,432.45,951,NIN-0104-GBTGR
105,Shampoo Nivea Tono Medio,Belleza y Cuidado Personal,Nivea,112.68,717,NIV-0105-184JQ
106,Goggles de Natación Spalding Profesional Premium,Deportes,Spalding,157.49,417,SPA-0106-8AVU4
107,Tienda de Campaña Speedo Profesional Premium,Deportes,Speedo,222.71,395,SPE-0107-75OAK
108,Smartwatch Acer Lite 512GB,Electrónica,Acer,795.13,82,ACE-0108-H489B
109,Smartwatch HP Plus 1TB,Electrónica,HP,2045.82,612,HP-0109-69YOV
110,Short Deportivo Levi's Talla S Color Blanco,Ropa,Levi's,53.33,21,LEV-0110-974GC
111,Laptop Samsung Pro 128GB,Electrónica,Samsung,806.64,512,SAM-0111-93A6V
112,Mouse Acer Plus,Electrónica,Acer,1688.34,395,ACE-0112-V9SK4
113,Microondas Koblenz Modelo 3358,Hogar,Koblenz,289.7,397,KOB-0113-PGH77
114,Batidora de Pedestal Philips Modelo 6115,Hogar,Philips,678.7,930,PHI-0114-IAZ6Q
115,Plancha de Vapor Mabe Modelo 6104,Hogar,Mabe,491.45,208,MAB-0115-VK9DN
116,Suero de Vitamina C Maybelline Para todo tipo de piel,Belleza y Cuidado Personal,Maybelline,43.23,937,MAY-0116-FGT0Y
117,Aspiradora Oster Modelo 8109,Hogar,Oster,542.49,632,OST-0117-5T7OV
118,Licuadora Dyson Modelo 9001,Hogar,Dyson,599.26,711,DYS-0118-A040K
119,Tapete de Yoga Gatorade Profesional Premium,Deportes,Gatorade,292.81,923,GAT-0119-QJ858
120,Camiseta Converse Talla L Color Gris,Ropa,Converse,41.46,182,CON-0120-JUJFH
121,Goggles de Natación Gatorade Profesional Pro,Deportes,Gatorade,34.73,313,GAT-0121-21TYY
122,Perfume 100ml Garnier Piel Seca,Belleza y Cuidado Personal,Garnier,113.33,470,GAR-0122-KBFVM
123,Mochila de Senderismo Rawlings Profesional Edición Especial,Deportes,Rawlings,207.68,741,RAW-0123-T4JSG
124,Labial Líquido Dove Tono Claro,Belleza y Cuidado Personal,Dove,66.27,275,DOV-0124-TWTFN
125,Base de Maquillaje Maybelline Tono Oscuro,Belleza y Cuidado Personal,Maybelline,30.97,246,MAY-0125-ZCMZF
126,Microondas Dyson Modelo 4340,Hogar,Dyson,659.73,561,DYS-0126-PII5Z
127,Shampoo Dove Tono Claro,Belleza y Cuidado Personal,Dove,90.64,90,DOV-0127-9FEOP
128,Chamarra Calvin Klein Talla S Color Azul,Ropa,Calvin Klein,52.53,680,CAL-0128-CRMI7
129,Gorra Vans Talla M Color Azul,Ropa,Vans,142.97,166,VAN-0129-38W78
130,Freidora de Aire Philips Modelo 4895,Hogar,Philips,429.44,175,PHI-0130-MQNZU
131,Protector Solar SPF 50 Estée Lauder Tono Claro,Belleza y Cuidado Personal,Estée Lauder,22.27,991,EST-0131-2BI3K
132,TV 4K Asus Ultra 256GB,Electrónica,Asus,1380.07,718,ASU-0132-RL3ID
133,Tienda de Campaña Speedo Profesional Estándar,Deportes,Speedo,188.92,909,SPE-0133-KYQXH
134,"Monitor 24"" Sony Pro",Electrónica,Sony,146.12,976,SON-0134-NVWTL
135,Pantalón de Mezclilla Zara Talla L Color Azul,Ropa,Zara,69.86,564,ZAR-0135-Q6340
136,Guantes de Box Everlast Profesional Estándar,Deportes,Everlast,227.45,397,EVE-0136-7SUCU
137,Protector Solar SPF 50 Garnier Tono Claro,Belleza y Cuidado Personal,Garnier,70.03,561,GAR-0137-3D0JL
138,Mouse Xiaomi Gen 6,Electrónica,Xiaomi,574.62,345,XIA-0138-061S2
139,Crema Hidratante Estée Lauder Tono Medio,Belleza y Cuidado Personal,Estée Lauder,98.65,385,EST-0139-MLZLR
140,Shampoo Dove Para todo tipo de piel,Belleza y Cuidado Personal,Dove,79.16,69,DOV-0140-05K5Y
141,Tapete de Yoga Speedo Profesional Estándar,Deportes,Speedo,98.74,215,SPE-0141-DBTV0
142,Base de Maquillaje Garnier Tono Claro,Belleza y Cuidado Personal,Garnier,56.73,119,GAR-0142-2ME7Q
143,Sudadera Zara Talla S Color Gris,Ropa,Zara,72.96,898,ZAR-0143-BICRI
144,Labial Líquido Estée Lauder Tono Oscuro,Belleza y Cuidado Personal,Estée Lauder,92.79,543,EST-0144-FH727
145,Plancha de Vapor Philips Modelo 8683,Hogar,Philips,363.9,655,PHI-0145-LELAF
146,Shampoo Clinique Para todo tipo de piel,Belleza y Cuidado Personal,Clinique,79.34,658,CLI-0146-O4Z7W
147,Mancuernas 10kg Coleman Profesional Premium,Deportes,Coleman,178.67,837,COL-0147-BGK4Z
148,Balón de Básquetbol Speedo Profesional Premium,Deportes,Speedo,31.87,174,SPE-0148-3P6H6
149,Camiseta Under Armour Talla S Color Negro,Ropa,Under Armour,53.68,649,UND-0149-F8GII
150,Calcetines (Paquete) H&M Talla M Color Gris,Ropa,H&M,75.54,780,H&M-0150-B8FZN
151,Protector Solar SPF 50 Estée Lauder Tono Claro,Belleza y Cuidado Personal,Estée Lauder,82.07,525,EST-0151-O4TR7
152,Cámara Mirrorless Motorola Lite,Electrónica,Motorola,446.15,0,MOT-0152-MX9I2
153,Suero de Vitamina C Clinique Tono Claro,Belleza y Cuidado Personal,Clinique,36.14,370,CLI-0153-7K1OW
154,Camiseta Nike Talla XL Color Rojo,Ropa,Nike,19.98,763,NIK-0154-QUM7G
155,Suéter Calvin Klein Talla XL Color Gris,Ropa,Calvin Klein,142.76,900,CAL-0155-L4BWQ
156,Chamarra Puma Talla S Color Rojo,Ropa,Puma,102.03,810,PUM-0156-LNF60
157,Teclado Mecánico Acer Plus 128GB,Electrónica,Acer,1840.15,247,ACE-0157-90PFM
158,Refrigerador Oster Modelo 5767,Hogar,Oster,457.25,412,OST-0158-IWUA4
159,Smartphone Bose Ultra 1TB,Electrónica,Bose,1493.75,186,BOS-0159-1U91X
160,Sudadera Puma Talla S Color Blanco,Ropa,Puma,100.93,658,PUM-0160-6BXZP
161,Microondas Mabe Modelo 7495,Hogar,Mabe,366.3,683,MAB-0161-LPCHX
162,Guantes de Box Wilson Profesional Pro,Deportes,Wilson,289.42,322,WIL-0162-06DT2
163,Teclado Mecánico JBL Pro,Electrónica,JBL,2267.48,230,JBL-0163-IGDKV
164,Chamarra Calvin Klein Talla XXL Color Blanco,Ropa,Calvin Klein,60.33,726,CAL-0164-174AU
165,Raqueta de Tenis Gatorade Profesional Premium,Deportes,Gatorade,240.98,394,GAT-0165-UPX37
166,Raqueta de Tenis Rawlings Profesional Edición Especial,Deportes,Rawlings,30.18,328,RAW-0166-XTJCC
167,"Monitor 24"" Lenovo Pro 1TB",Electrónica,Lenovo,2297.48,439,LEN-0167-4W09C
168,Plancha de Vapor Whirlpool Modelo 9816,Hogar,Whirlpool,730.19,867,WHI-0168-XDQO8
169,Shampoo Garnier Tono Oscuro,Belleza y Cuidado Personal,Garnier,26.44,724,GAR-0169-Q680U
170,Licuadora Dyson Modelo 5516,Hogar,Dyson,786.31,418,DYS-0170-4212I
171,Crema Hidratante La Roche-Posay Tono Oscuro,Belleza y Cuidado Personal,La Roche-Posay,87.77,514,LA -0171-UXR0Z
172,Cámara Mirrorless Motorola Max 1TB,Electrónica,Motorola,207.51,475,MOT-0172-2B5G3
173,Batidora de Pedestal Koblenz Modelo 7821,Hogar,Koblenz,397.86,811,KOB-0173-S2W2R
174,Tapete de Yoga Everlast Profesional Premium,Deportes,Everlast,121.21,846,EVE-0174-UA3DT
175,Teclado Mecánico Sony Pro 512GB,Electrónica,Sony,366.94,350,SON-0175-0ANYQ
176,Calcetines (Paquete) Vans Talla XL Color Rojo,Ropa,Vans,27.55,440,VAN-0176-7S6P0
177,Tostador Mabe Modelo 8870,Hogar,Mabe,514.76,654,MAB-0177-TYMS7
178,Balón de Básquetbol Everlast Profesional Premium,Deportes,Everlast,298.85,416,EVE-0178-95NT9
179,Procesador de Alimentos Black+Decker Modelo 6058,Hogar,Black+Decker,725.18,755,BLA-0179-9IGT9
180,Licuadora T-fal Modelo 5280,Hogar,T-fal,334.86,632,T-F-0180-HAORC
181,Laptop Apple Max 1TB,Electrónica,Apple,1020.54,818,APP-0181-D70LG
182,Tostador Hamilton Beach Modelo 2062,Hogar,Hamilton Beach,668.77,918,HAM-0182-46J5Q
183,Suéter Vans Talla XXL Color Azul,Ropa,Vans,39.58,255,VAN-0183-BPHYZ
184,Microondas Dyson Modelo 2485,Hogar,Dyson,104.09,123,DYS-0184-DPPA8
185,Mancuernas 10kg Yeti Profesional Pro,Deportes,Yeti,110.62,313,YET-0185-XXYX0
186,Tenis Nike Talla L Color Azul,Ropa,Nike,22.35,516,NIK-0186-5KCRL
187,Mancuernas 10kg Yeti Profesional Estándar,Deportes,Yeti,160.15,877,YET-0187-XH7QK
188,Balón de Básquetbol Speedo Profesional Edición Especial,Deportes,Speedo,216.54,554,SPE-0188-XBVVT
189,Raqueta de Tenis Everlast Profesional Premium,Deportes,Everlast,82.42,290,EVE-0189-8KXVE
190,Sudadera Adidas Talla XL Color Negro,Ropa,Adidas,145.36,207,ADI-0190-MJSDM
191,Microondas Whirlpool Modelo 9291,Hogar,Whirlpool,155.18,6,WHI-0191-65IGB
192,Calcetines (Paquete) Vans Talla L Color Negro,Ropa,Vans,26.78,806,VAN-0192-6MTQ3
193,Cafetera Black+Decker Modelo 9872,Hogar,Black+Decker,418.83,886,BLA-0193-6ABFP
194,Camiseta H&M Talla M Color Blanco,Ropa,H&M,67.5,88,H&M-0194-9MDY9
195,Cafetera Black+Decker Modelo 6291,Hogar,Black+Decker,526.66,705,BLA-0195-Z6PSU
196,Tapete de Yoga Coleman Profesional Edición Especial,Deportes,Coleman,161.91,19,COL-0196-2FDRJ
197,Mochila de Senderismo Speedo Profesional Edición Especial,Deportes,Speedo,129.64,350,SPE-0197-5WQUN
198,Tapete de Yoga Yeti Profesional Premium,Deportes,Yeti,263.71,239,YET-0198-MFH9T
199,Balón de Básquetbol Speedo Profesional Edición Especial,Deportes,Speedo,74.42,127,SPE-0199-1ZGP5
200,Desmaquillante Garnier Piel Seca,Belleza y Cuidado Personal,Garnier,34.22,669,GAR-0200-C7O41
201,Balón de Básquetbol Yeti Profesional Premium,Deportes,Yeti,262.69,600,YET-0201-9Z4S3
202,Mouse Samsung Lite 1TB,Electrónica,Samsung,1691.91,552,SAM-0202-5536V
203,Teclado Mecánico Motorola Pro 1TB,Electrónica,Motorola,2174.61,233,MOT-0203-B26QN
204,Suero de Vitamina C Maybelline Tono Oscuro,Belleza y Cuidado Personal,Maybelline,89.96,977,MAY-0204-C2CIS
205,Goggles de Natación Everlast Profesional Estándar,Deportes,Everlast,95.31,361,EVE-0205-CYI0J
206,Batidora de Pedestal T-fal Modelo 7363,Hogar,T-fal,666.61,734,T-F-0206-NVO2V
207,Laptop LG Max 1TB,Electrónica,LG,853.5,717,LG-0207-AZWEB
208,Aspiradora Ninja Modelo 3443,Hogar,Ninja,685.97,384,NIN-0208-ZLMP3
209,Rímel Voluminizador La Roche-Posay Piel Seca,Belleza y Cuidado Personal,La Roche-Posay,101.38,552,LA -0209-S9QVZ
210,Mouse Sony Max 512GB,Electrónica,Sony,529.31,13,SON-0210-9FNFA
211,Tienda de Campaña Yeti Profesional Premium,Deportes,Yeti,142.36,379,YET-0211-KJFDX
212,Raqueta de Tenis Coleman Profesional Pro,Deportes,Coleman,43.6,663,COL-0212-SOWIF
213,Pantalón de Mezclilla Zara Talla L Color Azul,Ropa,Zara,46.38,977,ZAR-0213-8S9M6
214,Tapete de Yoga Wilson Profesional Pro,Deportes,Wilson,208.43,458,WIL-0214-XB5M7
215,Crema Hidratante Garnier Piel Seca,Belleza y Cuidado Personal,Garnier,91.1,844,GAR-0215-07JOL
216,"Monitor 24"" Lenovo Ultra 256GB",Electrónica,Lenovo,1836.83,10,LEN-0216-YTYFZ
217,Goggles de Natación Rawlings Profesional Pro,Deportes,Rawlings,115.11,294,RAW-0217-NECPP
218,Plancha de Vapor Whirlpool Modelo 9183,Hogar,Whirlpool,698.91,772,WHI-0218-GOOBP
219,Tapete de Yoga Spalding Profesional Edición Especial,Deportes,Spalding,246.69,996,SPA-0219-7MMHQ
220,Teclado Mecánico Apple Plus 256GB,Electrónica,Apple,1553.37,157,APP-0220-IC929
221,Protector Solar SPF 50 La Roche-Posay Piel Seca,Belleza y Cuidado Personal,La Roche-Posay,104.72,600,LA -0221-FMWLV
222,Batidora de Pedestal T-fal Modelo 6856,Hogar,T-fal,782.18,990,T-F-0222-AFEXV
223,Calcetines (Paquete) Levi's Talla M Color Rojo,Ropa,Levi's,34.43,891,LEV-0223-0F6U7
224,Tapete de Yoga Rawlings Profesional Edición Especial,Deportes,Rawlings,230.03,360,RAW-0224-GLO2E
225,Crema Hidratante Dove Piel Seca,Belleza y Cuidado Personal,Dove,42.96,796,DOV-0225-IUPU5
226,Batidora de Pedestal Mabe Modelo 2284,Hogar,Mabe,312.62,434,MAB-0226-A8OWB
227,Aspiradora KitchenAid Modelo 7145,Hogar,KitchenAid,386.53,999,KIT-0227-PBJYK
228,Calcetines (Paquete) Puma Talla S Color Gris,Ropa,Puma,71.64,985,PUM-0228-8U6BG
229,Tapete de Yoga Yeti Profesional Edición Especial,Deportes,Yeti,252.03,458,YET-0229-PNR70
230,Cafetera T-fal Modelo 4152,Hogar,T-fal,301.72,175,T-F-0230-VCRG8
231,Protector Solar SPF 50 L'Oréal Para todo tipo de piel,Belleza y Cuidado Personal,L'Oréal,87.67,619,L'O-0231-2S4SU
232,Plancha de Vapor Hamilton Beach Modelo 1946,Hogar,Hamilton Beach,588.68,336,HAM-0232-IH5DF
233,Tablet Sony Ultra 256GB,Electrónica,Sony,116.34,720,SON-0233-4BLRX
234,Tostador Whirlpool Modelo 5732,Hogar,Whirlpool,237.59,29,WHI-0234-R5DKT
235,Balón de Básquetbol CamelBak Profesional Estándar,Deportes,CamelBak,275.99,418,CAM-0235-5GP17
236,Chaqueta de Cuero Tommy Hilfiger Talla XXL Color Gris,Ropa,Tommy Hilfiger,83.96,585,TOM-0236-PAEYB
237,"Monitor 24"" Sony Max",Electrónica,Sony,1785.58,202,SON-0237-ZZAD2
238,Mouse Xiaomi Max 1TB,Electrónica,Xiaomi,1769.13,441,XIA-0238-68XG0
239,Chamarra Adidas Talla M Color Blanco,Ropa,Adidas,21.24,978,ADI-0239-S5MAQ
240,Procesador de Alimentos Koblenz Modelo 6309,Hogar,Koblenz,367.08,687,KOB-0240-PAO1H
241,Rímel Voluminizador Revlon Piel Seca,Belleza y Cuidado Personal,Revlon,48.23,299,REV-0241-7AX2L
242,Gorra Zara Talla S Color Rojo,Ropa,Zara,141.86,448,ZAR-0242-Y6U0U
243,Crema Hidratante Revlon Tono Claro,Belleza y Cuidado Personal,Revlon,39.09,158,REV-0243-HYXIQ
244,Base de Maquillaje Garnier Tono Claro,Belleza y Cuidado Personal,Garnier,30.9,400,GAR-0244-TCGDX
245,Mouse Sony Pro 256GB,Electrónica,Sony,2063.15,88,SON-0245-JYSZJ
246,Guantes de Box Rawlings Profesional Estándar,Deportes,Rawlings,291.38,894,RAW-0246-D7IVW
247,Short Deportivo H&M Talla XL Color Rojo,Ropa,H&M,107.99,888,H&M-0247-QK1GX
248,Batidora de Pedestal Mabe Modelo 2518,Hogar,Mabe,632.98,449,MAB-0248-CF43M
249,Shampoo Nivea Piel Seca,Belleza y Cuidado Personal,Nivea,49.78,501,NIV-0249-DWAE3
250,Batidora de Pedestal Ninja Modelo 8995,Hogar,Ninja,533.95,480,NIN-0250-12V48
251,Aspiradora T-fal Modelo 9823,Hogar,T-fal,650.52,158,T-F-0251-WIY8B
252,Tapete de Yoga Spalding Profesional Premium,Deportes,Spalding,83.8,434,SPA-0252-X61D5
253,Mancuernas 10kg Gatorade Profesional Premium,Deportes,Gatorade,137.79,348,GAT-0253-N6WG0
254,Microondas Koblenz Modelo 4187,Hogar,Koblenz,451.75,708,KOB-0254-E7F92
255,Freidora de Aire Philips Modelo 6481,Hogar,Philips,67.78,360,PHI-0255-Z6N7H
256,Shampoo La Roche-Posay Para todo tipo de piel,Belleza y Cuidado Personal,La Roche-Posay,74.05,267,LA -0256-UHGQK
257,Cámara Mirrorless Lenovo Pro 256GB,Electrónica,Lenovo,1448.95,734,LEN-0257-EMVMZ
258,Chaqueta de Cuero Nike Talla L Color Blanco,Ropa,Nike,41.39,919,NIK-0258-7VAW2
259,Procesador de Alimentos Black+Decker Modelo 7700,Hogar,Black+Decker,458.47,173,BLA-0259-NG759
260,Sudadera Adidas Talla L Color Negro,Ropa,Adidas,148.23,780,ADI-0260-B08RO
261,Cafetera KitchenAid Modelo 6083,Hogar,KitchenAid,298.98,110,KIT-0261-ZL4AI
262,Crema Hidratante Revlon Piel Seca,Belleza y Cuidado Personal,Revlon,70.35,537,REV-0262-NPZ1W
263,Labial Líquido Dove Para todo tipo de piel,Belleza y Cuidado Personal,Dove,108.31,438,DOV-0263-L1464
264,Refrigerador Black+Decker Modelo 2589,Hogar,Black+Decker,790.91,100,BLA-0264-GOUBA
265,Freidora de Aire Black+Decker Modelo 9833,Hogar,Black+Decker,387.2,330,BLA-0265-YRUGO
266,Guantes de Box Spalding Profesional Premium,Deportes,Spalding,125.64,452,SPA-0266-MIPB5
267,Chamarra Under Armour Talla XL Color Negro,Ropa,Under Armour,29.78,218,UND-0267-MKU9U
268,Mancuernas 10kg Yeti Profesional Estándar,Deportes,Yeti,59.71,671,YET-0268-FUFIJ
269,Refrigerador KitchenAid Modelo 8388,Hogar,KitchenAid,337.82,9,KIT-0269-06OYS
270,Freidora de Aire Koblenz Modelo 9709,Hogar,Koblenz,69.47,906,KOB-0270-EOBQV
271,Raqueta de Tenis Coleman Profesional Pro,Deportes,Coleman,110.18,868,COL-0271-ID4ZG
272,Tenis Adidas Talla M Color Azul,Ropa,Adidas,74.95,569,ADI-0272-UWXM3
273,Cámara Mirrorless Lenovo Gen 7 512GB,Electrónica,Lenovo,487.22,592,LEN-0273-75ATO
274,Mouse Lenovo Plus 128GB,Electrónica,Lenovo,135.57,53,LEN-0274-I67OP
275,Aspiradora Whirlpool Modelo 6284,Hogar,Whirlpool,438.73,37,WHI-0275-BABHR
276,Crema Hidratante La Roche-Posay Tono Medio,Belleza y Cuidado Personal,La Roche-Posay,71.15,459,LA -0276-65Z5V
277,Goggles de Natación Spalding Profesional Premium,Deportes,Spalding,150.68,227,SPA-0277-317LC
278,Rímel Voluminizador Garnier Tono Medio,Belleza y Cuidado Personal,Garnier,91.27,312,GAR-0278-9XBS9
279,Refrigerador Philips Modelo 9006,Hogar,Philips,294.41,314,PHI-0279-R5N4P
280,Mochila de Senderismo Everlast Profesional Estándar,Deportes,Everlast,133.45,917,EVE-0280-Q0TJF
281,Cafetera Oster Modelo 5494,Hogar,Oster,122.3,416,OST-0281-7XAIU
282,Tenis Adidas Talla XL Color Azul,Ropa,Adidas,135.81,891,ADI-0282-V0VBY
283,Base de Maquillaje L'Oréal Tono Medio,Belleza y Cuidado Personal,L'Oréal,39.37,985,L'O-0283-3MHRO
284,Gorra Nike Talla M Color Azul,Ropa,Nike,84.89,701,NIK-0284-KWIMQ
285,Suero de Vitamina C L'Oréal Tono Medio,Belleza y Cuidado Personal,L'Oréal,46.92,879,L'O-0285-AI0AD
286,TV 4K Apple Ultra 128GB,Electrónica,Apple,1402.66,59,APP-0286-3TCD2
287,Mouse Asus Ultra 1TB,Electrónica,Asus,454.51,447,ASU-0287-J2JRG
288,Tienda de Campaña Speedo Profesional Premium,Deportes,Speedo,12.87,601,SPE-0288-T8QXR
289,Suero de Vitamina C Estée Lauder Piel Seca,Belleza y Cuidado Personal,Estée Lauder,40.67,423,EST-0289-ELL8O
290,Shampoo La Roche-Posay Para todo tipo de piel,Belleza y Cuidado Personal,La Roche-Posay,8.18,118,LA -0290-ZD5GE
291,Camiseta Puma Talla S Color Azul,Ropa,Puma,76.02,232,PUM-0291-LICIV
292,Desmaquillante Nivea Piel Seca,Belleza y Cuidado Personal,Nivea,59.97,696,NIV-0292-ESM1K
293,Tienda de Campaña Spalding Profesional Edición Especial,Deportes,Spalding,167.42,886,SPA-0293-7I16H
294,Balón de Básquetbol Speedo Profesional Pro,Deportes,Speedo,225.93,11,SPE-0294-2OJQC
295,Pantalón de Mezclilla Vans Talla M Color Rojo,Ropa,Vans,110.39,377,VAN-0295-S4UMP
296,Procesador de Alimentos Koblenz Modelo 3894,Hogar,Koblenz,144.15,521,KOB-0296-3MF1A
297,Batidora de Pedestal Black+Decker Modelo 3182,Hogar,Black+Decker,741.35,641,BLA-0297-GJFJZ
298,Freidora de Aire Whirlpool Modelo 7726,Hogar,Whirlpool,780.0,978,WHI-0298-5BEH8
299,Tostador Black+Decker Modelo 7036,Hogar,Black+Decker,738.35,177,BLA-0299-AKMM8
300,Chaqueta de Cuero Levi's Talla L Color Azul,Ropa,Levi's,145.59,259,LEV-0300-AS2MM
301,Perfume 100ml Garnier Piel Seca,Belleza y Cuidado Personal,Garnier,7.82,929,GAR-0301-SZJTB
302,Suéter Converse Talla XL Color Negro,Ropa,Converse,87.66,111,CON-0302-QKWTP
303,Camiseta Zara Talla L Color Negro,Ropa,Zara,22.59,940,ZAR-0303-O5ITY
304,Crema Hidratante Clinique Piel Seca,Belleza y Cuidado Personal,Clinique,85.76,339,CLI-0304-6EDYJ
305,Bocina Bluetooth Dell Ultra 128GB,Electrónica,Dell,186.84,465,DEL-0305-RGK9C
306,Smartphone Samsung Lite 128GB,Electrónica,Samsung,821.83,376,SAM-0306-YOEE4
307,Aspiradora Black+Decker Modelo 7054,Hogar,Black+Decker,454.63,933,BLA-0307-8UIFP
308,"Monitor 24"" Motorola Max 512GB",Electrónica,Motorola,620.1,945,MOT-0308-64HPD
309,Plancha de Vapor Hamilton Beach Modelo 4861,Hogar,Hamilton Beach,506.52,692,HAM-0309-OE4M9
310,Calcetines (Paquete) Converse Talla M Color Gris,Ropa,Converse,121.06,107,CON-0310-1I5VU
311,Mancuernas 10kg CamelBak Profesional Pro,Deportes,CamelBak,286.14,883,CAM-0311-AYQSP
312,Cámara Mirrorless HP Max 128GB,Electrónica,HP,1364.29,701,HP-0312-VU0SH
313,Protector Solar SPF 50 La Roche-Posay Para todo tipo de piel,Belleza y Cuidado Personal,La Roche-Posay,102.85,568,LA -0313-UW0QT
314,Calcetines (Paquete) Puma Talla XL Color Gris,Ropa,Puma,69.07,661,PUM-0314-9RSO6
315,Mochila de Senderismo Gatorade Profesional Pro,Deportes,Gatorade,68.36,604,GAT-0315-N2SF9
316,Base de Maquillaje L'Oréal Piel Seca,Belleza y Cuidado Personal,L'Oréal,104.19,586,L'O-0316-O3L5H
317,Gorra Calvin Klein Talla XXL Color Azul,Ropa,Calvin Klein,40.41,964,CAL-0317-PSL46
318,Mochila de Senderismo Spalding Profesional Estándar,Deportes,Spalding,149.2,281,SPA-0318-70H51
319,Tenis Nike Talla XXL Color Negro,Ropa,Nike,69.64,770,NIK-0319-168QH
320,Suero de Vitamina C MAC Para todo tipo de piel,Belleza y Cuidado Personal,MAC,105.4,763,MAC-0320-HB6LS
321,Calcetines (Paquete) Levi's Talla M Color Rojo,Ropa,Levi's,111.66,109,LEV-0321-DTYAS
322,Crema Hidratante Revlon Piel Seca,Belleza y Cuidado Personal,Revlon,58.67,393,REV-0322-7WM1F
323,Balón de Básquetbol Rawlings Profesional Pro,Deportes,Rawlings,273.74,202,RAW-0323-52YJ1
324,Goggles de Natación Everlast Profesional Premium,Deportes,Everlast,274.5,471,EVE-0324-U7LLU
325,Procesador de Alimentos Whirlpool Modelo 9912,Hogar,Whirlpool,274.5,866,WHI-0325-NOTQS
326,Smartphone JBL Pro 512GB,Electrónica,JBL,1483.08,111,JBL-0326-JYXCC
327,Bocina Bluetooth Sony Max 128GB,Electrónica,Sony,928.19,825,SON-0327-8E94M
328,Tenis Converse Talla XL Color Gris,Ropa,Converse,107.34,504,CON-0328-SVXWM
329,Suéter Converse Talla XXL Color Blanco,Ropa,Converse,51.37,17,CON-0329-BP4JR
330,Perfume 100ml Garnier Tono Oscuro,Belleza y Cuidado Personal,Garnier,40.43,538,GAR-0330-PZKVN
331,Guantes de Box Wilson Profesional Edición Especial,Deportes,Wilson,179.07,401,WIL-0331-ASF76
332,Refrigerador Ninja Modelo 5373,Hogar,Ninja,584.11,750,NIN-0332-2UXJX
333,Cafetera Hamilton Beach Modelo 9215,Hogar,Hamilton Beach,424.53,450,HAM-0333-QWPLY
334,Tapete de Yoga Gatorade Profesional Estándar,Deportes,Gatorade,185.03,220,GAT-0334-A37SJ
335,Labial Líquido Dove Tono Oscuro,Belleza y Cuidado Personal,Dove,118.21,30,DOV-0335-SLTN5
336,Camiseta Nike Talla S Color Rojo,Ropa,Nike,56.41,259,NIK-0336-M0EKP
337,Suéter Vans Talla XL Color Azul,Ropa,Vans,139.28,264,VAN-0337-F4G69
338,Calcetines (Paquete) Levi's Talla L Color Negro,Ropa,Levi's,105.31,287,LEV-0338-R4GT4
339,Desmaquillante Dove Tono Oscuro,Belleza y Cuidado Personal,Dove,42.13,702,DOV-0339-F6G5W
340,Suéter Levi's Talla M Color Rojo,Ropa,Levi's,114.7,311,LEV-0340-FEU0S
341,Batidora de Pedestal Hamilton Beach Modelo 9320,Hogar,Hamilton Beach,70.02,723,HAM-0341-N05QY
342,Labial Líquido Maybelline Tono Claro,Belleza y Cuidado Personal,Maybelline,53.0,732,MAY-0342-0UZEF
343,Goggles de Natación CamelBak Profesional Edición Especial,Deportes,CamelBak,257.99,865,CAM-0343-PGPV0
344,Short Deportivo Reebok Talla S Color Rojo,Ropa,Reebok,86.24,482,REE-0344-CBGCX
345,Tienda de Campaña Wilson Profesional Premium,Deportes,Wilson,90.95,577,WIL-0345-PPRHE
346,Chamarra Under Armour Talla S Color Gris,Ropa,Under Armour,86.49,596,UND-0346-VKH95
347,Aspiradora Philips Modelo 8919,Hogar,Philips,685.8,337,PHI-0347-98M0D
348,Licuadora Whirlpool Modelo 6169,Hogar,Whirlpool,597.37,906,WHI-0348-8J1WC
349,Guantes de Box Speedo Profesional Premium,Deportes,Speedo,265.33,680,SPE-0349-VZM5V
350,Chaqueta de Cuero Reebok Talla XXL Color Negro,Ropa,Reebok,87.65,915,REE-0350-ULZV3
351,Tablet Dell Plus 512GB,Electrónica,Dell,2112.33,325,DEL-0351-K29OL
352,Smartwatch JBL Ultra 256GB,Electrónica,JBL,488.96,814,JBL-0352-2BW92
353,Calcetines (Paquete) Adidas Talla L Color Rojo,Ropa,Adidas,145.91,150,ADI-0353-GG09G
354,Rímel Voluminizador Estée Lauder Para todo tipo de piel,Belleza y Cuidado Personal,Estée Lauder,93.89,555,EST-0354-PWZCC
355,Procesador de Alimentos Hamilton Beach Modelo 4522,Hogar,Hamilton Beach,458.65,967,HAM-0355-KFSPF
356,Goggles de Natación Gatorade Profesional Estándar,Deportes,Gatorade,170.43,571,GAT-0356-N5BDD
357,Smartwatch Samsung Lite 512GB,Electrónica,Samsung,838.16,359,SAM-0357-F638R
358,Sudadera Vans Talla M Color Azul,Ropa,Vans,131.63,748,VAN-0358-UPZBT
359,Guantes de Box Everlast Profesional Edición Especial,Deportes,Everlast,179.81,999,EVE-0359-5B8AS
360,Camiseta Converse Talla S Color Blanco,Ropa,Converse,74.38,428,CON-0360-7XCRM
361,Goggles de Natación Coleman Profesional Estándar,Deportes,Coleman,291.9,819,COL-0361-ZUIGO
362,Aspiradora Dyson Modelo 7384,Hogar,Dyson,34.5,178,DYS-0362-KHFZ8
363,Botella de Agua 1L Coleman Profesional Pro,Deportes,Coleman,288.74,371,COL-0363-V12JU
364,Raqueta de Tenis Spalding Profesional Edición Especial,Deportes,Spalding,41.53,46,SPA-0364-N1DVP
365,Cafetera Hamilton Beach Modelo 3545,Hogar,Hamilton Beach,159.87,701,HAM-0365-917HH
366,Gorra Tommy Hilfiger Talla XXL Color Negro,Ropa,Tommy Hilfiger,62.51,115,TOM-0366-BRPYW
367,Desmaquillante Maybelline Tono Oscuro,Belleza y Cuidado Personal,Maybelline,50.75,91,MAY-0367-6R2VM
368,Mouse LG Max 1TB,Electrónica,LG,1573.74,936,LG-0368-ZUHQW
369,"Monitor 24"" Motorola Max 256GB",Electrónica,Motorola,755.14,429,MOT-0369-LOXHC
370,Teclado Mecánico Dell Lite 128GB,Electrónica,Dell,1009.72,189,DEL-0370-23IS6
371,Teclado Mecánico Motorola Plus 128GB,Electrónica,Motorola,712.56,825,MOT-0371-XUUVU
372,Calcetines (Paquete) Reebok Talla XL Color Blanco,Ropa,Reebok,97.76,687,REE-0372-NPHS1
373,Balón de Básquetbol Coleman Profesional Edición Especial,Deportes,Coleman,142.97,33,COL-0373-EMUPE
374,Chaqueta de Cuero Vans Talla L Color Azul,Ropa,Vans,71.0,49,VAN-0374-HQW3N
375,Calcetines (Paquete) Vans Talla XL Color Negro,Ropa,Vans,121.17,251,VAN-0375-H6611
376,Tenis Converse Talla XXL Color Gris,Ropa,Converse,134.7,908,CON-0376-4SPYP
377,Tablet JBL Max 1TB,Electrónica,JBL,2226.65,446,JBL-0377-O2Y8O
378,Pantalón de Mezclilla Zara Talla L Color Gris,Ropa,Zara,149.4,887,ZAR-0378-7KE4Y
379,Procesador de Alimentos KitchenAid Modelo 8950,Hogar,KitchenAid,267.48,867,KIT-0379-9BWJI
380,Tapete de Yoga Everlast Profesional Premium,Deportes,Everlast,178.88,852,EVE-0380-4VYN9
381,Labial Líquido Maybelline Piel Seca,Belleza y Cuidado Personal,Maybelline,66.9,391,MAY-0381-FYR69
382,Aspiradora Hamilton Beach Modelo 6090,Hogar,Hamilton Beach,323.98,45,HAM-0382-8Q0WN
383,Pantalón de Mezclilla Converse Talla S Color Gris,Ropa,Converse,38.36,733,CON-0383-TGM3K
384,Guantes de Box Rawlings Profesional Edición Especial,Deportes,Rawlings,99.79,157,RAW-0384-5CDLQ
385,Pantalón de Mezclilla Under Armour Talla XXL Color Negro,Ropa,Under Armour,83.73,432,UND-0385-PY1RB
386,Bocina Bluetooth Xiaomi Pro 128GB,Electrónica,Xiaomi,696.76,540,XIA-0386-YJ9Z3
387,Guantes de Box Rawlings Profesional Estándar,Deportes,Rawlings,37.71,674,RAW-0387-MLQ3U
388,Chaqueta de Cuero Levi's Talla S Color Rojo,Ropa,Levi's,115.78,218,LEV-0388-S8D1G
389,Tapete de Yoga Rawlings Profesional Edición Especial,Deportes,Rawlings,157.02,271,RAW-0389-49Q7A
390,Tienda de Campaña Coleman Profesional Pro,Deportes,Coleman,57.62,365,COL-0390-KPE8E
391,Laptop Acer Max 1TB,Electrónica,Acer,1230.02,3,ACE-0391-G9T59
392,Audífonos Inalámbricos HP Max 128GB,Electrónica,HP,1088.29,961,HP-0392-7XUK4
393,Base de Maquillaje Dove Tono Claro,Belleza y Cuidado Personal,Dove,59.04,90,DOV-0393-LYA2J
394,Short Deportivo Converse Talla S Color Gris,Ropa,Converse,43.34,313,CON-0394-DET4H
395,Chaqueta de Cuero Adidas Talla M Color Gris,Ropa,Adidas,108.24,622,ADI-0395-2GTT2
396,Smartphone HP Ultra 1TB,Electrónica,HP,2036.8,43,HP-0396-CFHMV
397,Mouse Bose Gen 3 256GB,Electrónica,Bose,2117.07,548,BOS-0397-GBUMG
398,Gorra H&M Talla M Color Azul,Ropa,H&M,95.89,609,H&M-0398-POY15
399,Sudadera Vans Talla M Color Rojo,Ropa,Vans,138.13,465,VAN-0399-B0654
400,Botella de Agua 1L Everlast Profesional Premium,Deportes,Everlast,168.96,940,EVE-0400-FJD0P
401,Teclado Mecánico Xiaomi Ultra,Electrónica,Xiaomi,2164.46,105,XIA-0401-6K0WO
402,Chaqueta de Cuero Tommy Hilfiger Talla XXL Color Azul,Ropa,Tommy Hilfiger,60.01,299,TOM-0402-4NHJB
403,Suero de Vitamina C Clinique Tono Medio,Belleza y Cuidado Personal,Clinique,62.5,26,CLI-0403-43HA0
404,"Monitor 24"" Dell Gen 4",Electrónica,Dell,1193.7,473,DEL-0404-M0OHD
405,Labial Líquido Garnier Piel Seca,Belleza y Cuidado Personal,Garnier,101.24,426,GAR-0405-E0NHW
406,Pantalón de Mezclilla Zara Talla S Color Rojo,Ropa,Zara,99.42,193,ZAR-0406-TBLZ5
407,Chamarra Puma Talla XL Color Blanco,Ropa,Puma,142.43,825,PUM-0407-ZEAPC
408,Camiseta Levi's Talla M Color Blanco,Ropa,Levi's,74.88,462,LEV-0408-VIHYR
409,Procesador de Alimentos KitchenAid Modelo 7897,Hogar,KitchenAid,578.08,836,KIT-0409-CL958
410,Teclado Mecánico Acer Max,Electrónica,Acer,467.46,575,ACE-0410-32D2I
411,Tienda de Campaña CamelBak Profesional Premium,Deportes,CamelBak,209.72,626,CAM-0411-VCT8P
412,Crema Hidratante Garnier Tono Oscuro,Belleza y Cuidado Personal,Garnier,116.03,255,GAR-0412-UPKPB
413,Acondicionador La Roche-Posay Para todo tipo de piel,Belleza y Cuidado Personal,La Roche-Posay,14.0,587,LA -0413-X5RO4
414,Protector Solar SPF 50 Dove Tono Medio,Belleza y Cuidado Personal,Dove,48.6,109,DOV-0414-7VD2X
415,Rímel Voluminizador Revlon Tono Oscuro,Belleza y Cuidado Personal,Revlon,108.17,607,REV-0415-3ROLB
416,TV 4K LG Lite 128GB,Electrónica,LG,1055.24,515,LG-0416-TOX6I
417,Microondas Oster Modelo 1864,Hogar,Oster,262.09,472,OST-0417-9W4SK
418,Microondas Black+Decker Modelo 5854,Hogar,Black+Decker,594.24,495,BLA-0418-05C7T
419,Calcetines (Paquete) Under Armour Talla L Color Azul,Ropa,Under Armour,76.88,210,UND-0419-U3NLN
420,Smartwatch Apple Gen 10 512GB,Electrónica,Apple,662.36,286,APP-0420-EOXLP
421,"Monitor 24"" Asus Max",Electrónica,Asus,400.31,403,ASU-0421-V6UWY
422,Aspiradora T-fal Modelo 8783,Hogar,T-fal,772.89,584,T-F-0422-05JTI
423,Teclado Mecánico Motorola Ultra 128GB,Electrónica,Motorola,2375.97,926,MOT-0423-I1BM8
424,Tapete de Yoga Speedo Profesional Edición Especial,Deportes,Speedo,118.98,651,SPE-0424-A7E1M
425,Short Deportivo Zara Talla XXL Color Gris,Ropa,Zara,125.24,212,ZAR-0425-092ED
426,Perfume 100ml CeraVe Tono Claro,Belleza y Cuidado Personal,CeraVe,49.82,372,CER-0426-JDYZT
427,Mochila de Senderismo CamelBak Profesional Estándar,Deportes,CamelBak,254.22,806,CAM-0427-P3G94
428,Procesador de Alimentos Mabe Modelo 7852,Hogar,Mabe,636.6,936,MAB-0428-EEFT5
429,Mochila de Senderismo Everlast Profesional Pro,Deportes,Everlast,161.65,427,EVE-0429-L5F5C
430,Calcetines (Paquete) Reebok Talla S Color Gris,Ropa,Reebok,78.17,822,REE-0430-V4EI3
431,Suero de Vitamina C Nivea Tono Oscuro,Belleza y Cuidado Personal,Nivea,67.92,249,NIV-0431-HAMWS
432,Calcetines (Paquete) Under Armour Talla L Color Blanco,Ropa,Under Armour,131.0,201,UND-0432-515ET
433,TV 4K Lenovo Max 128GB,Electrónica,Lenovo,917.53,210,LEN-0433-ER5RM
434,Gorra Tommy Hilfiger Talla M Color Azul,Ropa,Tommy Hilfiger,63.21,182,TOM-0434-6TMA9
435,Labial Líquido MAC Para todo tipo de piel,Belleza y Cuidado Personal,MAC,105.68,529,MAC-0435-HURAD
436,Tablet Xiaomi Ultra 512GB,Electrónica,Xiaomi,2101.95,695,XIA-0436-ID6ML
437,Cafetera Koblenz Modelo 9990,Hogar,Koblenz,134.67,1,KOB-0437-TSEFF
438,Mochila de Senderismo Speedo Profesional Edición Especial,Deportes,Speedo,146.42,992,SPE-0438-K02XV
439,Suero de Vitamina C Estée Lauder Piel Seca,Belleza y Cuidado Personal,Estée Lauder,96.92,801,EST-0439-OP4YR
440,"Monitor 24"" Motorola Plus 128GB",Electrónica,Motorola,1463.25,715,MOT-0440-6NCOA
441,Sudadera Under Armour Talla XL Color Gris,Ropa,Under Armour,146.3,940,UND-0441-SAEPU
442,Procesador de Alimentos Oster Modelo 9220,Hogar,Oster,511.77,658,OST-0442-TM06T
443,Mouse LG Max 128GB,Electrónica,LG,181.48,399,LG-0443-CQPUD
444,Tostador Mabe Modelo 7323,Hogar,Mabe,272.32,242,MAB-0444-K869Q
445,Chaqueta de Cuero Zara Talla L Color Rojo,Ropa,Zara,108.4,791,ZAR-0445-POUYC
446,Labial Líquido La Roche-Posay Tono Oscuro,Belleza y Cuidado Personal,La Roche-Posay,80.84,334,LA -0446-03ZB6
447,Smartwatch LG Pro 256GB,Electrónica,LG,2498.92,512,LG-0447-QA5O6
448,Licuadora Dyson Modelo 9823,Hogar,Dyson,530.27,935,DYS-0448-92R1Q
449,Bocina Bluetooth JBL Lite,Electrónica,JBL,886.07,579,JBL-0449-2DYLG
450,Mouse LG Ultra 1TB,Electrónica,LG,1738.0,696,LG-0450-7MHNA
451,Aspiradora KitchenAid Modelo 8606,Hogar,KitchenAid,467.62,230,KIT-0451-SUH2A
452,Camiseta Calvin Klein Talla XL Color Blanco,Ropa,Calvin Klein,135.85,825,CAL-0452-S525T
453,Suéter Nike Talla XL Color Negro,Ropa,Nike,119.86,765,NIK-0453-FWSBI
454,Goggles de Natación CamelBak Profesional Pro,Deportes,CamelBak,209.8,915,CAM-0454-LJOYG
455,Procesador de Alimentos Philips Modelo 8722,Hogar,Philips,484.05,601,PHI-0455-LSZYG
456,Audífonos Inalámbricos Xiaomi Gen 1 128GB,Electrónica,Xiaomi,1968.15,738,XIA-0456-2B5T0
457,Goggles de Natación Wilson Profesional Premium,Deportes,Wilson,74.66,909,WIL-0457-8IYTO
458,Raqueta de Tenis Everlast Profesional Pro,Deportes,Everlast,260.64,362,EVE-0458-W1W05
459,Laptop Bose Pro 512GB,Electrónica,Bose,926.38,312,BOS-0459-9QSVS
460,Smartwatch Asus Plus 1TB,Electrónica,Asus,1885.02,298,ASU-0460-GGS0Q
461,"Monitor 24"" Xiaomi Gen 3 1TB",Electrónica,Xiaomi,396.39,205,XIA-0461-WDSLN
462,Laptop Xiaomi Gen 10 128GB,Electrónica,Xiaomi,366.47,619,XIA-0462-ED5OB
463,Labial Líquido Dove Para todo tipo de piel,Belleza y Cuidado Personal,Dove,75.26,495,DOV-0463-PEMGH
464,Tienda de Campaña CamelBak Profesional Estándar,Deportes,CamelBak,247.9,220,CAM-0464-8ML2E
465,Crema Hidratante Dove Tono Claro,Belleza y Cuidado Personal,Dove,98.57,973,DOV-0465-CZ9KM
466,Botella de Agua 1L Yeti Profesional Edición Especial,Deportes,Yeti,46.54,390,YET-0466-X8GWO
467,Tapete de Yoga Rawlings Profesional Edición Especial,Deportes,Rawlings,260.2,409,RAW-0467-FJ367
468,Smartwatch Samsung Lite,Electrónica,Samsung,665.99,887,SAM-0468-MKRSC
469,Freidora de Aire T-fal Modelo 3764,Hogar,T-fal,216.15,893,T-F-0469-25JAG
470,Suéter Puma Talla M Color Blanco,Ropa,Puma,87.68,269,PUM-0470-O6EXA
471,Tablet JBL Gen 6 1TB,Electrónica,JBL,1110.44,971,JBL-0471-QI7QO
472,Camiseta Vans Talla XL Color Gris,Ropa,Vans,27.67,583,VAN-0472-1E3UC
473,Sudadera Reebok Talla S Color Azul,Ropa,Reebok,76.67,705,REE-0473-3ENOC
474,Desmaquillante La Roche-Posay Para todo tipo de piel,Belleza y Cuidado Personal,La Roche-Posay,87.97,190,LA -0474-1APMN
475,Labial Líquido La Roche-Posay Piel Seca,Belleza y Cuidado Personal,La Roche-Posay,88.91,952,LA -0475-MR616
476,Batidora de Pedestal Koblenz Modelo 7497,Hogar,Koblenz,658.59,144,KOB-0476-CSV98
477,Microondas Whirlpool Modelo 3892,Hogar,Whirlpool,454.74,69,WHI-0477-NXJZC
478,Procesador de Alimentos Koblenz Modelo 9572,Hogar,Koblenz,665.73,438,KOB-0478-MOJ8U
479,Tablet Asus Ultra 1TB,Electrónica,Asus,289.62,807,ASU-0479-UOQAI
480,Tostador Black+Decker Modelo 6360,Hogar,Black+Decker,102.29,717,BLA-0480-YL3G9
481,Chamarra Puma Talla S Color Gris,Ropa,Puma,51.63,622,PUM-0481-V7RC8
482,Laptop Dell Gen 3 256GB,Electrónica,Dell,685.18,109,DEL-0482-VQFRG
483,Labial Líquido Nivea Tono Oscuro,Belleza y Cuidado Personal,Nivea,110.16,117,NIV-0483-65U3I
484,Tenis Vans Talla L Color Rojo,Ropa,Vans,99.26,730,VAN-0484-P5Y2X
485,Tostador Hamilton Beach Modelo 4616,Hogar,Hamilton Beach,41.78,170,HAM-0485-508KU
486,Balón de Básquetbol CamelBak Profesional Estándar,Deportes,CamelBak,36.64,738,CAM-0486-SQD9W
487,Base de Maquillaje Revlon Piel Seca,Belleza y Cuidado Personal,Revlon,36.74,169,REV-0487-TO247
488,Suéter Nike Talla XL Color Azul,Ropa,Nike,36.0,90,NIK-0488-0TSZE
489,Smartphone LG Lite 512GB,Electrónica,LG,1330.41,852,LG-0489-SB2YS
490,Desmaquillante L'Oréal Piel Seca,Belleza y Cuidado Personal,L'Oréal,84.93,344,L'O-0490-8DQM2
491,Suero de Vitamina C Nivea Para todo tipo de piel,Belleza y Cuidado Personal,Nivea,55.36,955,NIV-0491-AI3T2
492,Mouse Xiaomi Max 256GB,Electrónica,Xiaomi,1959.51,735,XIA-0492-8SLMS
493,Desmaquillante La Roche-Posay Para todo tipo de piel,Belleza y Cuidado Personal,La Roche-Posay,109.55,836,LA -0493-JQ2EC
494,Laptop Sony Gen 3 128GB,Electrónica,Sony,985.92,199,SON-0494-XF2T4
495,TV 4K Asus Lite 128GB,Electrónica,Asus,625.79,767,ASU-0495-LSOSM
496,Tablet Motorola Lite 512GB,Electrónica,Motorola,825.22,750,MOT-0496-YOY4I
497,Acondicionador Garnier Piel Seca,Belleza y Cuidado Personal,Garnier,83.19,287,GAR-0497-M3Y8V
498,Cafetera Koblenz Modelo 7719,Hogar,Koblenz,241.9,50,KOB-0498-X7TEL
499,Tienda de Campaña Spalding Profesional Premium,Deportes,Spalding,218.97,188,SPA-0499-9KRJ4
500,Licuadora KitchenAid Modelo 9651,Hogar,KitchenAid,632.33,871,KIT-0500-9K193
501,Tostador Koblenz Modelo 4206,Hogar,Koblenz,306.22,419,KOB-0501-T0KBL
502,Suéter H&M Talla S Color Blanco,Ropa,H&M,121.29,101,H&M-0502-2T1MG
503,Botella de Agua 1L Coleman Profesional Premium,Deportes,Coleman,47.9,627,COL-0503-CPDA8
504,Base de Maquillaje La Roche-Posay Tono Medio,Belleza y Cuidado Personal,La Roche-Posay,111.33,953,LA -0504-Q5OV8
505,Tablet Samsung Lite,Electrónica,Samsung,289.75,583,SAM-0505-CS2GC
506,Microondas Ninja Modelo 5671,Hogar,Ninja,154.25,229,NIN-0506-H5BIV
507,Base de Maquillaje La Roche-Posay Tono Medio,Belleza y Cuidado Personal,La Roche-Posay,81.74,911,LA -0507-AG5VZ
508,Licuadora Hamilton Beach Modelo 7062,Hogar,Hamilton Beach,503.82,552,HAM-0508-DAN45
509,Mouse Dell Max 256GB,Electrónica,Dell,357.5,441,DEL-0509-60IJT
510,Acondicionador Dove Tono Claro,Belleza y Cuidado Personal,Dove,20.83,13,DOV-0510-YRJKG
511,Goggles de Natación Everlast Profesional Edición Especial,Deportes,Everlast,179.03,570,EVE-0511-7LX7X
512,Licuadora Black+Decker Modelo 7943,Hogar,Black+Decker,576.34,691,BLA-0512-1AOE9
513,Tostador Black+Decker Modelo 9555,Hogar,Black+Decker,714.84,684,BLA-0513-T911O
514,Labial Líquido La Roche-Posay Para todo tipo de piel,Belleza y Cuidado Personal,La Roche-Posay,77.43,13,LA -0514-CQKOQ
515,Protector Solar SPF 50 CeraVe Tono Oscuro,Belleza y Cuidado Personal,CeraVe,26.66,758,CER-0515-6V0LE
516,Camiseta Vans Talla XL Color Gris,Ropa,Vans,139.09,404,VAN-0516-C8KTP
517,Tenis Converse Talla S Color Azul,Ropa,Converse,21.51,833,CON-0517-CMPKM
518,Refrigerador KitchenAid Modelo 2706,Hogar,KitchenAid,35.0,256,KIT-0518-6XII7
519,Crema Hidratante Estée Lauder Tono Oscuro,Belleza y Cuidado Personal,Estée Lauder,22.37,272,EST-0519-B1BF7
520,Crema Hidratante Clinique Para todo tipo de piel,Belleza y Cuidado Personal,Clinique,81.8,535,CLI-0520-4XW3W
521,Perfume 100ml Clinique Tono Claro,Belleza y Cuidado Personal,Clinique,32.34,12,CLI-0521-O15TV
522,Crema Hidratante Nivea Tono Claro,Belleza y Cuidado Personal,Nivea,19.62,912,NIV-0522-2JSCV
523,Smartphone Motorola Max 512GB,Electrónica,Motorola,2000.01,161,MOT-0523-K86OQ
524,Microondas Whirlpool Modelo 2579,Hogar,Whirlpool,248.08,798,WHI-0524-IGAI4
525,Teclado Mecánico Samsung Ultra 128GB,Electrónica,Samsung,145.64,913,SAM-0525-IA0TD
526,Perfume 100ml Clinique Para todo tipo de piel,Belleza y Cuidado Personal,Clinique,31.78,526,CLI-0526-11ZFS
527,Tapete de Yoga CamelBak Profesional Estándar,Deportes,CamelBak,221.81,606,CAM-0527-HOOBZ
528,Licuadora T-fal Modelo 6962,Hogar,T-fal,287.54,18,T-F-0528-LZSFU
529,TV 4K Apple Ultra 128GB,Electrónica,Apple,2134.39,648,APP-0529-8HP7H
530,Sudadera Adidas Talla XXL Color Negro,Ropa,Adidas,22.77,319,ADI-0530-RA0PZ
531,Raqueta de Tenis Gatorade Profesional Estándar,Deportes,Gatorade,236.96,235,GAT-0531-72FH4
532,Smartwatch Apple Ultra 256GB,Electrónica,Apple,1945.44,84,APP-0532-ZSA3M
533,Bocina Bluetooth Acer Pro 256GB,Electrónica,Acer,388.71,991,ACE-0533-AFDYG
534,Perfume 100ml Estée Lauder Tono Medio,Belleza y Cuidado Personal,Estée Lauder,101.58,620,EST-0534-UV9W8
535,Botella de Agua 1L Spalding Profesional Premium,Deportes,Spalding,190.04,10,SPA-0535-M4RDM
536,Protector Solar SPF 50 Clinique Para todo tipo de piel,Belleza y Cuidado Personal,Clinique,7.51,5,CLI-0536-A6KEG
537,Mochila de Senderismo Speedo Profesional Pro,Deportes,Speedo,167.28,720,SPE-0537-HE0Z1
538,Balón de Básquetbol Everlast Profesional Pro,Deportes,Everlast,153.36,474,EVE-0538-L9WWM
539,Gorra Vans Talla L Color Blanco,Ropa,Vans,18.46,322,VAN-0539-WJV6Z
540,Batidora de Pedestal Koblenz Modelo 5566,Hogar,Koblenz,555.48,710,KOB-0540-0GPK1
541,Teclado Mecánico HP Max 512GB,Electrónica,HP,295.71,584,HP-0541-RGU36
542,Pantalón de Mezclilla Converse Talla L Color Blanco,Ropa,Converse,149.32,643,CON-0542-GTI6J
543,Suero de Vitamina C La Roche-Posay Piel Seca,Belleza y Cuidado Personal,La Roche-Posay,56.45,530,LA -0543-OWCGE
544,Microondas Koblenz Modelo 8712,Hogar,Koblenz,615.21,735,KOB-0544-GTPOJ
545,Protector Solar SPF 50 MAC Para todo tipo de piel,Belleza y Cuidado Personal,MAC,42.74,321,MAC-0545-LZFW2
546,Raqueta de Tenis Spalding Profesional Estándar,Deportes,Spalding,33.76,467,SPA-0546-FK951
547,Balón de Básquetbol CamelBak Profesional Estándar,Deportes,CamelBak,201.58,37,CAM-0547-S29I5
548,Calcetines (Paquete) Puma Talla XXL Color Negro,Ropa,Puma,71.06,433,PUM-0548-YB5EI
549,Batidora de Pedestal KitchenAid Modelo 6288,Hogar,KitchenAid,404.72,624,KIT-0549-5A974
550,Rímel Voluminizador MAC Tono Oscuro,Belleza y Cuidado Personal,MAC,84.08,61,MAC-0550-CWPGL
551,Laptop Sony Gen 2,Electrónica,Sony,516.98,454,SON-0551-XLYPJ
552,Refrigerador Whirlpool Modelo 5089,Hogar,Whirlpool,773.71,274,WHI-0552-HX3FE
553,Camiseta H&M Talla M Color Rojo,Ropa,H&M,106.55,293,H&M-0553-15F6J
554,Tapete de Yoga Rawlings Profesional Estándar,Deportes,Rawlings,123.79,701,RAW-0554-J74LG
555,Batidora de Pedestal Dyson Modelo 8097,Hogar,Dyson,733.62,997,DYS-0555-2WP55
556,Gorra Adidas Talla M Color Gris,Ropa,Adidas,55.55,218,ADI-0556-T8XZQ
557,Tienda de Campaña Wilson Profesional Estándar,Deportes,Wilson,206.16,214,WIL-0557-N53MJ
558,Tapete de Yoga Everlast Profesional Edición Especial,Deportes,Everlast,28.76,545,EVE-0558-Y9ZM3
559,Chamarra Puma Talla M Color Azul,Ropa,Puma,79.24,586,PUM-0559-TXRI5
560,Licuadora KitchenAid Modelo 1733,Hogar,KitchenAid,148.08,228,KIT-0560-ZUNJV
561,Suero de Vitamina C Dove Piel Seca,Belleza y Cuidado Personal,Dove,112.96,448,DOV-0561-72ME8
562,Suero de Vitamina C MAC Para todo tipo de piel,Belleza y Cuidado Personal,MAC,74.71,823,MAC-0562-8N71Z
563,Bocina Bluetooth Motorola Ultra 1TB,Electrónica,Motorola,1801.86,657,MOT-0563-2J3GO
564,Licuadora Black+Decker Modelo 6588,Hogar,Black+Decker,391.96,553,BLA-0564-FEDQC
565,Tapete de Yoga Rawlings Profesional Premium,Deportes,Rawlings,120.54,345,RAW-0565-HVB91
566,Audífonos Inalámbricos Apple Pro,Electrónica,Apple,1041.89,461,APP-0566-4PWO2
567,Smartphone Sony Lite,Electrónica,Sony,1415.18,948,SON-0567-K0S27
568,Protector Solar SPF 50 La Roche-Posay Piel Seca,Belleza y Cuidado Personal,La Roche-Posay,17.8,886,LA -0568-ED04I
569,Mouse Acer Max 1TB,Electrónica,Acer,2297.46,531,ACE-0569-6O3DU
570,Tablet Acer Plus,Electrónica,Acer,241.48,742,ACE-0570-TAFIW
571,Freidora de Aire Ninja Modelo 3828,Hogar,Ninja,544.62,723,NIN-0571-8LJ6R
572,Perfume 100ml CeraVe Tono Claro,Belleza y Cuidado Personal,CeraVe,18.61,945,CER-0572-VQ92Y
573,Smartwatch Bose Gen 2 512GB,Electrónica,Bose,2135.89,104,BOS-0573-5P892
574,Teclado Mecánico HP Lite 256GB,Electrónica,HP,2141.98,337,HP-0574-YEEE1
575,Guantes de Box CamelBak Profesional Edición Especial,Deportes,CamelBak,26.23,536,CAM-0575-2UTTL
576,Suéter Zara Talla M Color Azul,Ropa,Zara,26.64,569,ZAR-0576-AA465
577,Raqueta de Tenis Everlast Profesional Pro,Deportes,Everlast,224.72,645,EVE-0577-2KRGX
578,Chaqueta de Cuero Zara Talla XL Color Negro,Ropa,Zara,26.01,470,ZAR-0578-03UKF
579,Shampoo CeraVe Tono Claro,Belleza y Cuidado Personal,CeraVe,54.97,185,CER-0579-B2PE8
580,Procesador de Alimentos Koblenz Modelo 7821,Hogar,Koblenz,529.55,354,KOB-0580-J35EO
581,Refrigerador Whirlpool Modelo 7483,Hogar,Whirlpool,245.25,951,WHI-0581-72K1J
582,Licuadora Hamilton Beach Modelo 1383,Hogar,Hamilton Beach,741.44,49,HAM-0582-9KE3P
583,Freidora de Aire Whirlpool Modelo 1024,Hogar,Whirlpool,648.99,395,WHI-0583-JH91Z
584,TV 4K Apple Ultra 1TB,Electrónica,Apple,1969.08,865,APP-0584-NO8MY
585,Tapete de Yoga Rawlings Profesional Estándar,Deportes,Rawlings,57.71,325,RAW-0585-3IK91
586,Calcetines (Paquete) Calvin Klein Talla L Color Gris,Ropa,Calvin Klein,105.19,405,CAL-0586-UAKUG
587,Licuadora Koblenz Modelo 1876,Hogar,Koblenz,603.19,455,KOB-0587-BE7AE
588,Pantalón de Mezclilla Under Armour Talla XL Color Gris,Ropa,Under Armour,25.17,454,UND-0588-CILXX
589,Laptop JBL Max 128GB,Electrónica,JBL,2224.8,977,JBL-0589-UBOTT
590,Base de Maquillaje Dove Tono Claro,Belleza y Cuidado Personal,Dove,88.69,890,DOV-0590-RNEU9
591,Tablet Motorola Max 512GB,Electrónica,Motorola,718.8,526,MOT-0591-ENPG1
592,TV 4K Xiaomi Lite 128GB,Electrónica,Xiaomi,789.29,327,XIA-0592-CIGFV
593,Rímel Voluminizador MAC Piel Seca,Belleza y Cuidado Personal,MAC,118.14,40,MAC-0593-FXJ9L
594,Procesador de Alimentos Mabe Modelo 5247,Hogar,Mabe,38.05,353,MAB-0594-6GNM7
595,Tablet Dell Ultra 128GB,Electrónica,Dell,767.07,582,DEL-0595-9AJNN
596,Refrigerador Koblenz Modelo 8373,Hogar,Koblenz,366.66,462,KOB-0596-5E3UT
597,Aspiradora Black+Decker Modelo 8542,Hogar,Black+Decker,410.71,688,BLA-0597-2JY0G
598,Smartwatch JBL Lite 256GB,Electrónica,JBL,706.32,250,JBL-0598-204UK
599,Plancha de Vapor Mabe Modelo 2700,Hogar,Mabe,304.47,913,MAB-0599-7JOQR
600,Pantalón de Mezclilla Under Armour Talla L Color Rojo,Ropa,Under Armour,27.9,375,UND-0600-68P5H
601,Perfume 100ml L'Oréal Tono Medio,Belleza y Cuidado Personal,L'Oréal,66.04,835,L'O-0601-8DKM9
602,Mochila de Senderismo Spalding Profesional Estándar,Deportes,Spalding,132.1,883,SPA-0602-WZX5P
603,Chaqueta de Cuero Puma Talla S Color Blanco,Ropa,Puma,141.57,299,PUM-0603-53S4M
604,Plancha de Vapor Hamilton Beach Modelo 1544,Hogar,Hamilton Beach,580.0,500,HAM-0604-QRDKL
605,Mancuernas 10kg Speedo Profesional Estándar,Deportes,Speedo,246.01,478,SPE-0605-DNTYZ
606,Refrigerador Mabe Modelo 6999,Hogar,Mabe,228.56,677,MAB-0606-766A8
607,Tenis Under Armour Talla S Color Rojo,Ropa,Under Armour,25.7,968,UND-0607-HN7GK
608,Gorra Adidas Talla L Color Gris,Ropa,Adidas,64.31,267,ADI-0608-DWB5F
609,Perfume 100ml Revlon Tono Medio,Belleza y Cuidado Personal,Revlon,9.9,217,REV-0609-5LHOL
610,Cafetera Ninja Modelo 1272,Hogar,Ninja,245.7,795,NIN-0610-RO5QO
611,Guantes de Box Yeti Profesional Premium,Deportes,Yeti,41.05,242,YET-0611-1KZC5
612,Botella de Agua 1L CamelBak Profesional Estándar,Deportes,CamelBak,121.39,658,CAM-0612-8Z1S7
613,Sudadera Tommy Hilfiger Talla XXL Color Azul,Ropa,Tommy Hilfiger,87.92,154,TOM-0613-KBIH9
614,Goggles de Natación Speedo Profesional Edición Especial,Deportes,Speedo,158.43,255,SPE-0614-FU69Y
615,Sudadera Tommy Hilfiger Talla L Color Negro,Ropa,Tommy Hilfiger,128.2,87,TOM-0615-7ZP52
616,Rímel Voluminizador Nivea Tono Claro,Belleza y Cuidado Personal,Nivea,59.16,428,NIV-0616-6WKN9
617,Aspiradora Hamilton Beach Modelo 3142,Hogar,Hamilton Beach,143.75,596,HAM-0617-GWA3U
618,Crema Hidratante L'Oréal Para todo tipo de piel,Belleza y Cuidado Personal,L'Oréal,56.64,579,L'O-0618-UX49O
619,Chaqueta de Cuero Adidas Talla L Color Blanco,Ropa,Adidas,65.81,397,ADI-0619-R5SH8
620,Camiseta Puma Talla XXL Color Gris,Ropa,Puma,25.49,827,PUM-0620-131IF
621,Audífonos Inalámbricos Bose Max 128GB,Electrónica,Bose,212.54,161,BOS-0621-7PALN
622,Cafetera Koblenz Modelo 5281,Hogar,Koblenz,213.39,999,KOB-0622-OM4C5
623,Batidora de Pedestal T-fal Modelo 9351,Hogar,T-fal,638.35,493,T-F-0623-FEMX6
624,"Monitor 24"" Dell Pro 256GB",Electrónica,Dell,205.11,527,DEL-0624-2DW62
625,Short Deportivo Levi's Talla XL Color Rojo,Ropa,Levi's,15.78,374,LEV-0625-2WV1K
626,Cámara Mirrorless Xiaomi Plus 128GB,Electrónica,Xiaomi,1957.75,595,XIA-0626-XPKBA
627,Botella de Agua 1L Gatorade Profesional Edición Especial,Deportes,Gatorade,89.37,22,GAT-0627-8O555
628,Base de Maquillaje Nivea Tono Claro,Belleza y Cuidado Personal,Nivea,109.93,425,NIV-0628-64952
629,Pantalón de Mezclilla Zara Talla S Color Negro,Ropa,Zara,71.17,257,ZAR-0629-0RSC1
630,Guantes de Box Everlast Profesional Estándar,Deportes,Everlast,125.15,6,EVE-0630-XE598
631,Procesador de Alimentos Hamilton Beach Modelo 7017,Hogar,Hamilton Beach,249.16,513,HAM-0631-LJWRF
632,Plancha de Vapor Oster Modelo 6918,Hogar,Oster,319.8,790,OST-0632-3W1EI
633,Chaqueta de Cuero Nike Talla L Color Rojo,Ropa,Nike,122.58,55,NIK-0633-0PXWQ
634,Desmaquillante Revlon Tono Claro,Belleza y Cuidado Personal,Revlon,111.69,971,REV-0634-546HC
635,Chaqueta de Cuero Under Armour Talla L Color Rojo,Ropa,Under Armour,96.1,858,UND-0635-LXIBU
636,Tenis Zara Talla M Color Azul,Ropa,Zara,110.64,954,ZAR-0636-GF6SO
637,Balón de Básquetbol Gatorade Profesional Pro,Deportes,Gatorade,84.26,5,GAT-0637-JAQFM
638,Cámara Mirrorless Xiaomi Ultra 256GB,Electrónica,Xiaomi,1472.46,636,XIA-0638-2CVXK
639,Licuadora Koblenz Modelo 8349,Hogar,Koblenz,229.04,999,KOB-0639-6Q88N
640,Botella de Agua 1L Spalding Profesional Estándar,Deportes,Spalding,205.48,824,SPA-0640-EP3ZH
641,Batidora de Pedestal Koblenz Modelo 6811,Hogar,Koblenz,533.24,765,KOB-0641-TKCPL
642,Tapete de Yoga Rawlings Profesional Premium,Deportes,Rawlings,81.68,386,RAW-0642-S4TGO
643,TV 4K Asus Plus 256GB,Electrónica,Asus,2249.9,549,ASU-0643-ZL690
644,Batidora de Pedestal Hamilton Beach Modelo 4438,Hogar,Hamilton Beach,310.8,976,HAM-0644-2HIP4
645,Chamarra Under Armour Talla L Color Blanco,Ropa,Under Armour,104.97,472,UND-0645-UM7SX
646,Mochila de Senderismo CamelBak Profesional Pro,Deportes,CamelBak,91.66,835,CAM-0646-JRW39
647,Calcetines (Paquete) Levi's Talla L Color Blanco,Ropa,Levi's,78.04,962,LEV-0647-X1M30
648,Calcetines (Paquete) Zara Talla M Color Blanco,Ropa,Zara,35.63,3,ZAR-0648-092WY
649,Suero de Vitamina C CeraVe Tono Oscuro,Belleza y Cuidado Personal,CeraVe,30.02,962,CER-0649-0TD3F
650,Cámara Mirrorless Apple Pro 1TB,Electrónica,Apple,1758.68,851,APP-0650-WC0S0
651,Sudadera Nike Talla S Color Negro,Ropa,Nike,136.83,43,NIK-0651-Q4J7K
652,Microondas Philips Modelo 4876,Hogar,Philips,269.28,408,PHI-0652-0VV4D
653,Tostador Philips Modelo 1794,Hogar,Philips,644.49,795,PHI-0653-P4HB5
654,Suero de Vitamina C Maybelline Tono Medio,Belleza y Cuidado Personal,Maybelline,11.13,648,MAY-0654-OCRD2
655,Goggles de Natación Speedo Profesional Estándar,Deportes,Speedo,271.44,29,SPE-0655-2DGSE
656,Camiseta Calvin Klein Talla L Color Azul,Ropa,Calvin Klein,52.93,358,CAL-0656-NTB0C
657,Cafetera Koblenz Modelo 2126,Hogar,Koblenz,681.92,934,KOB-0657-LKQXN
658,Labial Líquido Clinique Piel Seca,Belleza y Cuidado Personal,Clinique,20.73,372,CLI-0658-WO7QR
659,Tienda de Campaña Rawlings Profesional Edición Especial,Deportes,Rawlings,130.77,404,RAW-0659-T8NU9
660,Base de Maquillaje Revlon Piel Seca,Belleza y Cuidado Personal,Revlon,13.0,911,REV-0660-VLC2H
661,Laptop Motorola Ultra 1TB,Electrónica,Motorola,429.48,796,MOT-0661-5C3DE
662,Labial Líquido Dove Tono Medio,Belleza y Cuidado Personal,Dove,13.42,633,DOV-0662-MWSL6
663,"Monitor 24"" JBL Lite 128GB",Electrónica,JBL,2171.67,836,JBL-0663-HG1DM
664,Sudadera Puma Talla XXL Color Negro,Ropa,Puma,135.2,700,PUM-0664-PB456
665,Mancuernas 10kg Coleman Profesional Pro,Deportes,Coleman,286.95,148,COL-0665-Q2TK2
666,Raqueta de Tenis Everlast Profesional Edición Especial,Deportes,Everlast,54.71,501,EVE-0666-BZWHD
667,Tenis Calvin Klein Talla M Color Negro,Ropa,Calvin Klein,42.84,470,CAL-0667-B2L53
668,Licuadora Whirlpool Modelo 6691,Hogar,Whirlpool,319.77,876,WHI-0668-H6NEA
669,Guantes de Box Spalding Profesional Premium,Deportes,Spalding,101.09,156,SPA-0669-KVF2X
670,Mochila de Senderismo Gatorade Profesional Edición Especial,Deportes,Gatorade,245.8,418,GAT-0670-LE28D
671,Protector Solar SPF 50 La Roche-Posay Piel Seca,Belleza y Cuidado Personal,La Roche-Posay,35.78,398,LA -0671-1VNAE
672,Labial Líquido L'Oréal Tono Oscuro,Belleza y Cuidado Personal,L'Oréal,92.63,615,L'O-0672-4MRSV
673,Crema Hidratante CeraVe Para todo tipo de piel,Belleza y Cuidado Personal,CeraVe,58.09,212,CER-0673-C6VCT
674,Laptop JBL Gen 9 1TB,Electrónica,JBL,2221.27,219,JBL-0674-ONC2Y
675,Labial Líquido Revlon Para todo tipo de piel,Belleza y Cuidado Personal,Revlon,55.01,458,REV-0675-YO4HP
676,Cámara Mirrorless Samsung Pro 128GB,Electrónica,Samsung,310.33,939,SAM-0676-29PZJ
677,Teclado Mecánico Acer Gen 9 256GB,Electrónica,Acer,199.25,944,ACE-0677-8XOPO
678,Microondas T-fal Modelo 5906,Hogar,T-fal,522.48,73,T-F-0678-6WZJO
679,"Monitor 24"" Apple Gen 8 256GB",Electrónica,Apple,1320.29,528,APP-0679-CGSQB
680,"Monitor 24"" Bose Gen 7",Electrónica,Bose,639.82,790,BOS-0680-1DVVB
681,Pantalón de Mezclilla Under Armour Talla M Color Rojo,Ropa,Under Armour,92.39,899,UND-0681-TPJZN
682,Sudadera Reebok Talla XL Color Rojo,Ropa,Reebok,16.19,509,REE-0682-LK5WD
683,Microondas Whirlpool Modelo 7808,Hogar,Whirlpool,692.48,643,WHI-0683-WO69J
684,Perfume 100ml La Roche-Posay Piel Seca,Belleza y Cuidado Personal,La Roche-Posay,40.33,980,LA -0684-0YUO1
685,Batidora de Pedestal Dyson Modelo 9301,Hogar,Dyson,675.3,908,DYS-0685-N4JGT
686,Suero de Vitamina C Nivea Tono Claro,Belleza y Cuidado Personal,Nivea,68.45,265,NIV-0686-SZB1L
687,Tienda de Campaña CamelBak Profesional Pro,Deportes,CamelBak,274.5,337,CAM-0687-3PCZE
688,Desmaquillante MAC Tono Medio,Belleza y Cuidado Personal,MAC,65.74,803,MAC-0688-0FWBI
689,Perfume 100ml Nivea Tono Oscuro,Belleza y Cuidado Personal,Nivea,54.1,457,NIV-0689-FRYKW
690,TV 4K Xiaomi Plus 256GB,Electrónica,Xiaomi,1156.94,648,XIA-0690-RE7QA
691,Chaqueta de Cuero Puma Talla XL Color Negro,Ropa,Puma,130.62,327,PUM-0691-6X3SU
692,Plancha de Vapor Oster Modelo 8869,Hogar,Oster,465.74,869,OST-0692-GBCF3
693,Laptop Samsung Pro 512GB,Electrónica,Samsung,451.04,919,SAM-0693-XYJBY
694,Smartwatch LG Pro,Electrónica,LG,2073.78,851,LG-0694-F1R7S
695,Cámara Mirrorless Sony Plus 128GB,Electrónica,Sony,1964.51,236,SON-0695-GDBVT
696,Acondicionador Revlon Para todo tipo de piel,Belleza y Cuidado Personal,Revlon,83.1,990,REV-0696-4P7ZQ
697,Protector Solar SPF 50 Garnier Para todo tipo de piel,Belleza y Cuidado Personal,Garnier,37.28,736,GAR-0697-1BW6N
698,Tapete de Yoga Rawlings Profesional Edición Especial,Deportes,Rawlings,258.27,160,RAW-0698-E9CW7
699,Short Deportivo Under Armour Talla XL Color Gris,Ropa,Under Armour,49.81,7,UND-0699-AGYYD
700,Sudadera Under Armour Talla XL Color Gris,Ropa,Under Armour,25.19,74,UND-0700-SMQ1J
701,Plancha de Vapor Ninja Modelo 3552,Hogar,Ninja,443.79,683,NIN-0701-EOUPS
702,Pantalón de Mezclilla Vans Talla S Color Negro,Ropa,Vans,42.66,532,VAN-0702-B6Q8S
703,Suero de Vitamina C CeraVe Para todo tipo de piel,Belleza y Cuidado Personal,CeraVe,15.45,384,CER-0703-FGCN1
704,Short Deportivo Levi's Talla M Color Azul,Ropa,Levi's,54.26,337,LEV-0704-YHQR4
705,Rímel Voluminizador La Roche-Posay Tono Medio,Belleza y Cuidado Personal,La Roche-Posay,73.72,464,LA -0705-U30GF
706,Pantalón de Mezclilla Zara Talla S Color Negro,Ropa,Zara,132.09,837,ZAR-0706-6IGZE
707,Acondicionador Maybelline Tono Claro,Belleza y Cuidado Personal,Maybelline,58.06,65,MAY-0707-FD4HG
708,Microondas Hamilton Beach Modelo 5666,Hogar,Hamilton Beach,357.84,990,HAM-0708-UXI8O
709,Plancha de Vapor Whirlpool Modelo 8936,Hogar,Whirlpool,218.81,822,WHI-0709-HFBIY
710,Teclado Mecánico Lenovo Plus 256GB,Electrónica,Lenovo,2231.67,448,LEN-0710-6RC57
711,Refrigerador Ninja Modelo 7450,Hogar,Ninja,215.33,923,NIN-0711-B7JP2
712,Teclado Mecánico JBL Max 256GB,Electrónica,JBL,2104.37,914,JBL-0712-NXK6T
713,Chamarra Converse Talla L Color Negro,Ropa,Converse,49.76,989,CON-0713-MBRYI
714,Procesador de Alimentos KitchenAid Modelo 9197,Hogar,KitchenAid,305.37,90,KIT-0714-O4JD5
715,Tostador T-fal Modelo 8783,Hogar,T-fal,274.38,235,T-F-0715-AAGUU
716,Refrigerador Hamilton Beach Modelo 5256,Hogar,Hamilton Beach,163.66,443,HAM-0716-610O0
717,Camiseta Puma Talla L Color Blanco,Ropa,Puma,53.64,861,PUM-0717-F5OV0
718,Tienda de Campaña Coleman Profesional Estándar,Deportes,Coleman,253.47,322,COL-0718-MDQE1
719,Microondas Whirlpool Modelo 4595,Hogar,Whirlpool,419.22,967,WHI-0719-7DAOD
720,Tostador Dyson Modelo 8329,Hogar,Dyson,83.1,772,DYS-0720-H0T1U
721,Suero de Vitamina C Revlon Tono Claro,Belleza y Cuidado Personal,Revlon,81.99,931,REV-0721-E438K
722,Licuadora Oster Modelo 5882,Hogar,Oster,661.06,320,OST-0722-SE0FA
723,Plancha de Vapor T-fal Modelo 9770,Hogar,T-fal,107.85,470,T-F-0723-3ZDAM
724,Tienda de Campaña Wilson Profesional Premium,Deportes,Wilson,284.89,308,WIL-0724-O7IW7
725,Shampoo L'Oréal Tono Claro,Belleza y Cuidado Personal,L'Oréal,105.28,339,L'O-0725-GKSBJ
726,Suero de Vitamina C Garnier Para todo tipo de piel,Belleza y Cuidado Personal,Garnier,81.33,488,GAR-0726-D0X4B
727,Perfume 100ml Nivea Tono Medio,Belleza y Cuidado Personal,Nivea,64.52,437,NIV-0727-ET9JE
728,Audífonos Inalámbricos Apple Gen 5,Electrónica,Apple,963.62,869,APP-0728-XVAR8
729,Teclado Mecánico HP Gen 5 1TB,Electrónica,HP,2115.45,626,HP-0729-OHNRX
730,Balón de Básquetbol Everlast Profesional Estándar,Deportes,Everlast,110.51,949,EVE-0730-2RE4M
731,Tienda de Campaña Wilson Profesional Pro,Deportes,Wilson,55.61,80,WIL-0731-K4UV4
732,Base de Maquillaje Revlon Para todo tipo de piel,Belleza y Cuidado Personal,Revlon,94.19,457,REV-0732-9LZ6G
733,Botella de Agua 1L Spalding Profesional Edición Especial,Deportes,Spalding,41.78,15,SPA-0733-UCKOR
734,Labial Líquido Garnier Tono Claro,Belleza y Cuidado Personal,Garnier,24.24,248,GAR-0734-L78EA
735,Suéter Tommy Hilfiger Talla S Color Azul,Ropa,Tommy Hilfiger,146.2,804,TOM-0735-B0EI5
736,Balón de Básquetbol Speedo Profesional Estándar,Deportes,Speedo,247.75,110,SPE-0736-9R3L8
737,Goggles de Natación Coleman Profesional Edición Especial,Deportes,Coleman,145.19,971,COL-0737-FZEJB
738,Pantalón de Mezclilla Levi's Talla S Color Blanco,Ropa,Levi's,91.25,405,LEV-0738-Y7BOW
739,Batidora de Pedestal Ninja Modelo 6041,Hogar,Ninja,399.51,133,NIN-0739-FN1I5
740,Teclado Mecánico Xiaomi Plus 1TB,Electrónica,Xiaomi,1645.56,620,XIA-0740-JOHEP
741,Desmaquillante MAC Tono Claro,Belleza y Cuidado Personal,MAC,69.23,706,MAC-0741-9IV0L
742,Botella de Agua 1L CamelBak Profesional Edición Especial,Deportes,CamelBak,154.97,961,CAM-0742-YWEBK
743,Plancha de Vapor Ninja Modelo 7897,Hogar,Ninja,395.83,961,NIN-0743-EA8NL
744,Calcetines (Paquete) Adidas Talla S Color Negro,Ropa,Adidas,43.33,832,ADI-0744-THCV2
745,Tienda de Campaña Gatorade Profesional Edición Especial,Deportes,Gatorade,218.94,406,GAT-0745-4PV15
746,Crema Hidratante Clinique Tono Oscuro,Belleza y Cuidado Personal,Clinique,77.47,221,CLI-0746-WM352
747,Shampoo La Roche-Posay Tono Oscuro,Belleza y Cuidado Personal,La Roche-Posay,21.71,369,LA -0747-S5FPW
748,Mouse Samsung Max 512GB,Electrónica,Samsung,1232.37,579,SAM-0748-77UT6
749,Batidora de Pedestal Black+Decker Modelo 3407,Hogar,Black+Decker,336.46,295,BLA-0749-GZ8JC
750,Raqueta de Tenis Spalding Profesional Edición Especial,Deportes,Spalding,214.42,998,SPA-0750-6LA7D
751,Smartphone Sony Ultra 128GB,Electrónica,Sony,738.37,639,SON-0751-L5JAY
752,Cámara Mirrorless Samsung Pro,Electrónica,Samsung,1239.59,387,SAM-0752-K1J69
753,Protector Solar SPF 50 La Roche-Posay Tono Claro,Belleza y Cuidado Personal,La Roche-Posay,28.51,96,LA -0753-OKF6N
754,Microondas KitchenAid Modelo 5102,Hogar,KitchenAid,587.22,94,KIT-0754-ARFA7
755,Tostador Black+Decker Modelo 6256,Hogar,Black+Decker,248.47,895,BLA-0755-L0VWP
756,Tienda de Campaña Rawlings Profesional Premium,Deportes,Rawlings,49.29,621,RAW-0756-Z112Z
757,Laptop Dell Plus,Electrónica,Dell,633.5,760,DEL-0757-HXMKD
758,Tablet Xiaomi Pro,Electrónica,Xiaomi,2143.66,327,XIA-0758-YLV44
759,Protector Solar SPF 50 Garnier Para todo tipo de piel,Belleza y Cuidado Personal,Garnier,71.2,150,GAR-0759-ZFWZM
760,Laptop Sony Plus 128GB,Electrónica,Sony,1207.26,523,SON-0760-6UF9L
761,Labial Líquido Maybelline Piel Seca,Belleza y Cuidado Personal,Maybelline,99.55,956,MAY-0761-H8AAL
762,Cafetera Oster Modelo 8055,Hogar,Oster,330.31,111,OST-0762-YKEL5
763,Calcetines (Paquete) Under Armour Talla XL Color Rojo,Ropa,Under Armour,79.59,432,UND-0763-0EJAR
764,Mancuernas 10kg Spalding Profesional Edición Especial,Deportes,Spalding,32.42,435,SPA-0764-MLBTU
765,Protector Solar SPF 50 Maybelline Para todo tipo de piel,Belleza y Cuidado Personal,Maybelline,61.37,528,MAY-0765-0KKHG
766,TV 4K Xiaomi Max 1TB,Electrónica,Xiaomi,1559.75,742,XIA-0766-ON37W
767,Suéter Converse Talla S Color Gris,Ropa,Converse,51.94,312,CON-0767-49AEI
768,Camiseta Zara Talla XXL Color Rojo,Ropa,Zara,65.25,294,ZAR-0768-R72H2
769,Smartwatch Sony Ultra 256GB,Electrónica,Sony,1813.15,725,SON-0769-6903A
770,Laptop Dell Lite 256GB,Electrónica,Dell,839.95,364,DEL-0770-9EOSN
771,Freidora de Aire Whirlpool Modelo 4758,Hogar,Whirlpool,767.34,922,WHI-0771-8R6I7
772,Plancha de Vapor Koblenz Modelo 2389,Hogar,Koblenz,496.06,510,KOB-0772-J9EWU
773,Suéter Levi's Talla L Color Azul,Ropa,Levi's,92.2,314,LEV-0773-B8VQD
774,Botella de Agua 1L CamelBak Profesional Estándar,Deportes,CamelBak,221.59,721,CAM-0774-LTKAY
775,Tostador Black+Decker Modelo 5405,Hogar,Black+Decker,703.06,797,BLA-0775-4ZIV1
776,Sudadera Calvin Klein Talla L Color Gris,Ropa,Calvin Klein,72.2,497,CAL-0776-TGGVD
777,Suéter Zara Talla S Color Gris,Ropa,Zara,18.56,907,ZAR-0777-9YR42
778,Cámara Mirrorless LG Pro 512GB,Electrónica,LG,1906.26,451,LG-0778-OM2HB
779,Desmaquillante Maybelline Tono Oscuro,Belleza y Cuidado Personal,Maybelline,111.62,829,MAY-0779-QH0CY
780,Cámara Mirrorless JBL Max 256GB,Electrónica,JBL,1012.03,97,JBL-0780-CE7H2
781,Tienda de Campaña Speedo Profesional Edición Especial,Deportes,Speedo,57.44,663,SPE-0781-LV48S
782,Mouse HP Ultra 1TB,Electrónica,HP,1027.96,199,HP-0782-P60NV
783,Refrigerador Koblenz Modelo 1610,Hogar,Koblenz,196.81,278,KOB-0783-66RXU
784,Suéter Tommy Hilfiger Talla M Color Blanco,Ropa,Tommy Hilfiger,37.41,525,TOM-0784-3YVA3
785,Gorra Levi's Talla XL Color Rojo,Ropa,Levi's,128.85,578,LEV-0785-TVUYR
786,Audífonos Inalámbricos Xiaomi Gen 5 128GB,Electrónica,Xiaomi,2087.18,84,XIA-0786-GF0OA
787,Laptop Apple Max 256GB,Electrónica,Apple,1503.05,560,APP-0787-82DBI
788,Botella de Agua 1L CamelBak Profesional Estándar,Deportes,CamelBak,58.47,681,CAM-0788-CQ2PJ
789,Chamarra Adidas Talla XXL Color Gris,Ropa,Adidas,124.67,37,ADI-0789-9Q4JI
790,Laptop JBL Max 128GB,Electrónica,JBL,1789.71,536,JBL-0790-RCXTX
791,Bocina Bluetooth JBL Max 128GB,Electrónica,JBL,2111.98,923,JBL-0791-2K7YU
792,Base de Maquillaje Nivea Tono Medio,Belleza y Cuidado Personal,Nivea,71.13,115,NIV-0792-90VXK
793,Balón de Básquetbol Yeti Profesional Edición Especial,Deportes,Yeti,150.92,92,YET-0793-AEUR4
794,Suero de Vitamina C Estée Lauder Piel Seca,Belleza y Cuidado Personal,Estée Lauder,99.43,403,EST-0794-DB1G6
795,Smartphone Bose Pro 512GB,Electrónica,Bose,1339.22,317,BOS-0795-RPDZ4
796,Microondas Mabe Modelo 3192,Hogar,Mabe,745.04,919,MAB-0796-INOXV
797,Guantes de Box Gatorade Profesional Pro,Deportes,Gatorade,75.99,342,GAT-0797-JTJIG
798,Pantalón de Mezclilla Converse Talla XL Color Azul,Ropa,Converse,53.02,706,CON-0798-XCHVT
799,Smartwatch Bose Plus,Electrónica,Bose,256.92,873,BOS-0799-L2T37
800,Tapete de Yoga Spalding Profesional Estándar,Deportes,Spalding,225.09,3,SPA-0800-6JDQD
801,Rímel Voluminizador Clinique Tono Medio,Belleza y Cuidado Personal,Clinique,5.88,707,CLI-0801-NT5YQ
802,Refrigerador Philips Modelo 1741,Hogar,Philips,293.12,805,PHI-0802-0HF6A
803,Balón de Básquetbol Rawlings Profesional Edición Especial,Deportes,Rawlings,297.38,349,RAW-0803-KH85N
804,Perfume 100ml Garnier Tono Medio,Belleza y Cuidado Personal,Garnier,99.71,738,GAR-0804-PWZDZ
805,Raqueta de Tenis Yeti Profesional Pro,Deportes,Yeti,66.9,190,YET-0805-DIPB1
806,Chaqueta de Cuero Converse Talla XXL Color Rojo,Ropa,Converse,147.63,768,CON-0806-YIVXV
807,Acondicionador Revlon Para todo tipo de piel,Belleza y Cuidado Personal,Revlon,63.0,898,REV-0807-0R87X
808,Batidora de Pedestal Philips Modelo 1885,Hogar,Philips,250.58,363,PHI-0808-57N56
809,Tapete de Yoga Rawlings Profesional Pro,Deportes,Rawlings,27.75,920,RAW-0809-LQSUK
810,Chamarra Tommy Hilfiger Talla XL Color Blanco,Ropa,Tommy Hilfiger,91.31,927,TOM-0810-NESMC
811,Shampoo Revlon Tono Oscuro,Belleza y Cuidado Personal,Revlon,117.25,362,REV-0811-B9HXW
812,Raqueta de Tenis CamelBak Profesional Premium,Deportes,CamelBak,191.73,418,CAM-0812-3XPOU
813,Chaqueta de Cuero Levi's Talla M Color Azul,Ropa,Levi's,46.42,94,LEV-0813-F30S2
814,Tenis Zara Talla L Color Azul,Ropa,Zara,126.03,585,ZAR-0814-GFN4Y
815,Audífonos Inalámbricos Apple Ultra,Electrónica,Apple,1875.45,59,APP-0815-UD8TJ
816,Desmaquillante CeraVe Para todo tipo de piel,Belleza y Cuidado Personal,CeraVe,7.49,953,CER-0816-OKES4
817,Pantalón de Mezclilla Under Armour Talla L Color Negro,Ropa,Under Armour,45.04,287,UND-0817-LG2GZ
818,Teclado Mecánico Bose Lite 512GB,Electrónica,Bose,1281.62,4,BOS-0818-S0NIG
819,Shampoo La Roche-Posay Piel Seca,Belleza y Cuidado Personal,La Roche-Posay,54.6,669,LA -0819-4BOA3
820,Teclado Mecánico Dell Pro 512GB,Electrónica,Dell,2132.19,592,DEL-0820-4WJZ2
821,Calcetines (Paquete) Nike Talla L Color Rojo,Ropa,Nike,118.89,484,NIK-0821-05TCQ
822,Microondas Dyson Modelo 9790,Hogar,Dyson,160.57,459,DYS-0822-LU9LI
823,Pantalón de Mezclilla Vans Talla M Color Rojo,Ropa,Vans,79.16,684,VAN-0823-7EVBJ
824,Cafetera Oster Modelo 1923,Hogar,Oster,278.62,667,OST-0824-6GO5E
825,Suéter Adidas Talla XXL Color Negro,Ropa,Adidas,142.72,522,ADI-0825-UQL9R
826,Cámara Mirrorless Acer Gen 2 1TB,Electrónica,Acer,500.2,933,ACE-0826-46ATM
827,Laptop Lenovo Max 256GB,Electrónica,Lenovo,2431.84,17,LEN-0827-BRIXL
828,Smartphone Apple Max 128GB,Electrónica,Apple,377.31,123,APP-0828-NEODY
829,Balón de Básquetbol Everlast Profesional Estándar,Deportes,Everlast,21.87,984,EVE-0829-BOAJX
830,Shampoo Revlon Tono Medio,Belleza y Cuidado Personal,Revlon,47.99,972,REV-0830-MGODV
831,Tablet Xiaomi Ultra 256GB,Electrónica,Xiaomi,1132.81,437,XIA-0831-8M0UI
832,Plancha de Vapor Hamilton Beach Modelo 1447,Hogar,Hamilton Beach,250.46,196,HAM-0832-N0FYF
833,Raqueta de Tenis Speedo Profesional Estándar,Deportes,Speedo,120.71,163,SPE-0833-N65LR
834,Base de Maquillaje Maybelline Para todo tipo de piel,Belleza y Cuidado Personal,Maybelline,108.57,577,MAY-0834-2F71E
835,Tablet Acer Ultra 256GB,Electrónica,Acer,916.96,134,ACE-0835-K5709
836,Mochila de Senderismo Everlast Profesional Estándar,Deportes,Everlast,244.87,713,EVE-0836-OQ9YC
837,Tapete de Yoga Gatorade Profesional Premium,Deportes,Gatorade,284.16,396,GAT-0837-EL3DF
838,Cámara Mirrorless Dell Lite 512GB,Electrónica,Dell,2298.03,495,DEL-0838-WVA32
839,Protector Solar SPF 50 Nivea Tono Claro,Belleza y Cuidado Personal,Nivea,39.71,902,NIV-0839-SULSD
840,Rímel Voluminizador Estée Lauder Tono Oscuro,Belleza y Cuidado Personal,Estée Lauder,33.58,399,EST-0840-SBJSW
841,Smartwatch Apple Pro,Electrónica,Apple,100.02,988,APP-0841-6WIM3
842,Mouse Acer Lite 1TB,Electrónica,Acer,2121.09,181,ACE-0842-T2WZT
843,Smartwatch HP Plus 128GB,Electrónica,HP,610.16,223,HP-0843-E4NBF
844,Suéter Tommy Hilfiger Talla XL Color Blanco,Ropa,Tommy Hilfiger,105.45,855,TOM-0844-9I37Z
845,Audífonos Inalámbricos Acer Lite 1TB,Electrónica,Acer,442.55,320,ACE-0845-NB218
846,Bocina Bluetooth Acer Plus 1TB,Electrónica,Acer,2172.52,94,ACE-0846-A8QCV
847,Smartphone Xiaomi Plus 512GB,Electrónica,Xiaomi,1598.54,185,XIA-0847-YVJXY
848,Calcetines (Paquete) Calvin Klein Talla XXL Color Azul,Ropa,Calvin Klein,124.1,144,CAL-0848-R7DVG
849,Camiseta Calvin Klein Talla XL Color Negro,Ropa,Calvin Klein,128.65,504,CAL-0849-NE3QN
850,Procesador de Alimentos Black+Decker Modelo 5030,Hogar,Black+Decker,787.28,854,BLA-0850-3HU6I
851,Chaqueta de Cuero Tommy Hilfiger Talla M Color Rojo,Ropa,Tommy Hilfiger,88.62,840,TOM-0851-OIUII
852,Desmaquillante MAC Tono Claro,Belleza y Cuidado Personal,MAC,21.91,106,MAC-0852-0UQ49
853,Chamarra Levi's Talla L Color Azul,Ropa,Levi's,93.79,313,LEV-0853-K0O4K
854,Bocina Bluetooth Acer Plus 512GB,Electrónica,Acer,228.98,702,ACE-0854-3UL7Z
855,Tablet Dell Lite 128GB,Electrónica,Dell,1965.51,216,DEL-0855-195DD
856,Chaqueta de Cuero Adidas Talla L Color Rojo,Ropa,Adidas,25.14,592,ADI-0856-8WF3R
857,Botella de Agua 1L Gatorade Profesional Pro,Deportes,Gatorade,170.81,250,GAT-0857-4HDZN
858,Balón de Básquetbol Yeti Profesional Premium,Deportes,Yeti,112.15,169,YET-0858-Y79I1
859,Audífonos Inalámbricos Asus Pro,Electrónica,Asus,1418.92,836,ASU-0859-Q0RHR
860,Tapete de Yoga Yeti Profesional Premium,Deportes,Yeti,211.48,972,YET-0860-QCRY7
861,Suéter Calvin Klein Talla M Color Negro,Ropa,Calvin Klein,34.03,127,CAL-0861-0185Z
862,Tenis Levi's Talla XL Color Rojo,Ropa,Levi's,118.09,88,LEV-0862-RVIXH
863,Base de Maquillaje MAC Tono Claro,Belleza y Cuidado Personal,MAC,19.73,903,MAC-0863-PY1H2
864,Chamarra Under Armour Talla XXL Color Gris,Ropa,Under Armour,125.71,879,UND-0864-K88NA
865,Chaqueta de Cuero Levi's Talla L Color Azul,Ropa,Levi's,27.86,622,LEV-0865-EIYLG
866,Freidora de Aire Dyson Modelo 5418,Hogar,Dyson,411.13,766,DYS-0866-U5XAT
867,Perfume 100ml L'Oréal Tono Oscuro,Belleza y Cuidado Personal,L'Oréal,118.88,519,L'O-0867-REEPQ
868,Protector Solar SPF 50 Maybelline Para todo tipo de piel,Belleza y Cuidado Personal,Maybelline,24.78,305,MAY-0868-DXKKF
869,Aspiradora Dyson Modelo 9941,Hogar,Dyson,434.54,623,DYS-0869-HLJS1
870,Crema Hidratante Garnier Tono Medio,Belleza y Cuidado Personal,Garnier,110.55,495,GAR-0870-2SZHD
871,Camiseta Zara Talla S Color Azul,Ropa,Zara,83.08,63,ZAR-0871-6LBGD
872,Suero de Vitamina C Maybelline Tono Claro,Belleza y Cuidado Personal,Maybelline,28.97,811,MAY-0872-YTMGB
873,Acondicionador Garnier Tono Medio,Belleza y Cuidado Personal,Garnier,82.41,797,GAR-0873-IECNS
874,Cafetera Philips Modelo 8843,Hogar,Philips,632.24,78,PHI-0874-QM9VT
875,"Monitor 24"" Dell Plus 128GB",Electrónica,Dell,2205.99,275,DEL-0875-8Z801
876,Calcetines (Paquete) Tommy Hilfiger Talla L Color Blanco,Ropa,Tommy Hilfiger,126.75,843,TOM-0876-2QG0T
877,Tenis Zara Talla XL Color Azul,Ropa,Zara,18.28,857,ZAR-0877-W5BIX
878,Refrigerador Whirlpool Modelo 9786,Hogar,Whirlpool,391.43,386,WHI-0878-3XLEU
879,Crema Hidratante Clinique Tono Claro,Belleza y Cuidado Personal,Clinique,109.01,122,CLI-0879-HO6PZ
880,Camiseta Zara Talla XXL Color Gris,Ropa,Zara,64.45,17,ZAR-0880-ATKYC
881,Short Deportivo Tommy Hilfiger Talla XL Color Gris,Ropa,Tommy Hilfiger,89.39,330,TOM-0881-VPOFL
882,Tostador Ninja Modelo 1158,Hogar,Ninja,139.59,868,NIN-0882-TILSF
883,Smartwatch LG Ultra 1TB,Electrónica,LG,2243.41,1,LG-0883-KCYPG
884,Guantes de Box Gatorade Profesional Edición Especial,Deportes,Gatorade,267.57,510,GAT-0884-SWVJ5
885,Short Deportivo Levi's Talla M Color Blanco,Ropa,Levi's,58.08,738,LEV-0885-7QYV8
886,TV 4K Dell Ultra 256GB,Electrónica,Dell,723.11,882,DEL-0886-XGHZ1
887,Balón de Básquetbol Everlast Profesional Estándar,Deportes,Everlast,102.12,128,EVE-0887-KYJ55
888,Guantes de Box Speedo Profesional Pro,Deportes,Speedo,239.63,63,SPE-0888-SW2E5
889,Labial Líquido Estée Lauder Para todo tipo de piel,Belleza y Cuidado Personal,Estée Lauder,20.85,674,EST-0889-HGT5J
890,Base de Maquillaje CeraVe Tono Claro,Belleza y Cuidado Personal,CeraVe,14.9,163,CER-0890-585NP
891,Tablet LG Max 1TB,Electrónica,LG,2442.08,499,LG-0891-RSJCS
892,Tenis Nike Talla XXL Color Gris,Ropa,Nike,17.43,905,NIK-0892-FISKD
893,Laptop Motorola Lite 1TB,Electrónica,Motorola,1621.14,229,MOT-0893-LUN80
894,Cafetera Mabe Modelo 3746,Hogar,Mabe,436.51,779,MAB-0894-IGBUR
895,Labial Líquido Revlon Para todo tipo de piel,Belleza y Cuidado Personal,Revlon,71.1,362,REV-0895-ZTBMR
896,Protector Solar SPF 50 L'Oréal Tono Oscuro,Belleza y Cuidado Personal,L'Oréal,73.41,775,L'O-0896-4XHBV
897,Protector Solar SPF 50 CeraVe Tono Claro,Belleza y Cuidado Personal,CeraVe,52.97,354,CER-0897-OB3DV
898,Base de Maquillaje Nivea Tono Claro,Belleza y Cuidado Personal,Nivea,116.0,96,NIV-0898-Q17G7
899,Plancha de Vapor Koblenz Modelo 3353,Hogar,Koblenz,194.19,267,KOB-0899-J47Z9
900,Licuadora Mabe Modelo 3559,Hogar,Mabe,69.6,712,MAB-0900-J7C3C
901,Suero de Vitamina C Clinique Piel Seca,Belleza y Cuidado Personal,Clinique,77.77,868,CLI-0901-83J94
902,Microondas Mabe Modelo 1997,Hogar,Mabe,97.97,899,MAB-0902-L4LST
903,Tenis Puma Talla XXL Color Azul,Ropa,Puma,136.47,521,PUM-0903-UEKAB
904,Suero de Vitamina C Revlon Para todo tipo de piel,Belleza y Cuidado Personal,Revlon,97.13,933,REV-0904-K1K31
905,Laptop LG Max 256GB,Electrónica,LG,1449.54,66,LG-0905-CP2TM
906,Short Deportivo Tommy Hilfiger Talla XL Color Negro,Ropa,Tommy Hilfiger,81.91,812,TOM-0906-KCGF7
907,Sudadera Reebok Talla S Color Azul,Ropa,Reebok,23.46,909,REE-0907-VSRMY
908,Tienda de Campaña Speedo Profesional Edición Especial,Deportes,Speedo,220.95,193,SPE-0908-Z1OJ1
909,Shampoo Clinique Tono Medio,Belleza y Cuidado Personal,Clinique,107.29,596,CLI-0909-IDFAL
910,Rímel Voluminizador MAC Para todo tipo de piel,Belleza y Cuidado Personal,MAC,105.31,377,MAC-0910-IDICZ
911,Plancha de Vapor Dyson Modelo 4183,Hogar,Dyson,784.34,628,DYS-0911-XJZQT
912,Protector Solar SPF 50 Revlon Tono Oscuro,Belleza y Cuidado Personal,Revlon,66.81,897,REV-0912-7CP0B
913,Tostador Philips Modelo 3879,Hogar,Philips,258.11,58,PHI-0913-HZ7U9
914,Goggles de Natación Rawlings Profesional Estándar,Deportes,Rawlings,189.27,735,RAW-0914-JVRTA
915,Aspiradora Ninja Modelo 4147,Hogar,Ninja,635.89,432,NIN-0915-90LY7
916,Sudadera H&M Talla XL Color Negro,Ropa,H&M,125.34,842,H&M-0916-AE8IQ
917,Guantes de Box CamelBak Profesional Pro,Deportes,CamelBak,90.72,0,CAM-0917-JK53C
918,Audífonos Inalámbricos Xiaomi Plus,Electrónica,Xiaomi,2458.38,449,XIA-0918-GKYR5
919,Tostador Hamilton Beach Modelo 4253,Hogar,Hamilton Beach,64.79,707,HAM-0919-EYJBS
920,Refrigerador T-fal Modelo 6495,Hogar,T-fal,336.98,148,T-F-0920-U5RQM
921,Botella de Agua 1L Everlast Profesional Estándar,Deportes,Everlast,103.77,818,EVE-0921-MUCG8
922,Bocina Bluetooth HP Plus 1TB,Electrónica,HP,380.64,420,HP-0922-DV5DH
923,Teclado Mecánico LG Lite 128GB,Electrónica,LG,749.62,716,LG-0923-3O9Y5
924,Smartwatch Dell Max 256GB,Electrónica,Dell,1910.15,566,DEL-0924-87RLB
925,Licuadora Oster Modelo 8104,Hogar,Oster,756.52,426,OST-0925-P6MCG
926,Rímel Voluminizador Maybelline Tono Medio,Belleza y Cuidado Personal,Maybelline,105.21,60,MAY-0926-P4QNT
927,Chamarra Adidas Talla XXL Color Rojo,Ropa,Adidas,70.1,784,ADI-0927-HHV50
928,Raqueta de Tenis Speedo Profesional Edición Especial,Deportes,Speedo,216.76,210,SPE-0928-QRJBI
929,Cámara Mirrorless Bose Lite 1TB,Electrónica,Bose,1466.47,299,BOS-0929-IY4HW
930,Procesador de Alimentos Mabe Modelo 8501,Hogar,Mabe,428.11,947,MAB-0930-FQMC8
931,Refrigerador Black+Decker Modelo 3656,Hogar,Black+Decker,156.8,46,BLA-0931-B55QO
932,Shampoo MAC Tono Claro,Belleza y Cuidado Personal,MAC,77.56,861,MAC-0932-761IE
933,Procesador de Alimentos T-fal Modelo 3538,Hogar,T-fal,628.5,948,T-F-0933-QCDUU
934,Mochila de Senderismo Rawlings Profesional Pro,Deportes,Rawlings,206.92,548,RAW-0934-EDKNV
935,Aspiradora Hamilton Beach Modelo 4724,Hogar,Hamilton Beach,71.42,483,HAM-0935-DJPCN
936,Smartwatch LG Gen 8 128GB,Electrónica,LG,2007.49,577,LG-0936-E7GLW
937,Plancha de Vapor Black+Decker Modelo 3876,Hogar,Black+Decker,645.38,900,BLA-0937-XK9HJ
938,Teclado Mecánico Sony Gen 5,Electrónica,Sony,1500.19,211,SON-0938-HI1HW
939,Tostador KitchenAid Modelo 8855,Hogar,KitchenAid,46.05,733,KIT-0939-0SMNH
940,Calcetines (Paquete) Vans Talla M Color Gris,Ropa,Vans,79.38,541,VAN-0940-W42KN
941,Plancha de Vapor Philips Modelo 3643,Hogar,Philips,213.08,228,PHI-0941-L4BVL
942,Botella de Agua 1L Wilson Profesional Pro,Deportes,Wilson,196.71,940,WIL-0942-4AR2H
943,Shampoo MAC Tono Oscuro,Belleza y Cuidado Personal,MAC,94.32,827,MAC-0943-E9WZK
944,Tienda de Campaña Gatorade Profesional Edición Especial,Deportes,Gatorade,30.6,807,GAT-0944-FATJS
945,Plancha de Vapor Philips Modelo 7969,Hogar,Philips,683.96,139,PHI-0945-YW83P
946,Mouse LG Max 1TB,Electrónica,LG,127.36,500,LG-0946-Q5T87
947,Guantes de Box Rawlings Profesional Edición Especial,Deportes,Rawlings,170.88,449,RAW-0947-ZJ0OI
948,Tapete de Yoga Rawlings Profesional Edición Especial,Deportes,Rawlings,26.31,486,RAW-0948-YJGZV
949,Botella de Agua 1L Spalding Profesional Estándar,Deportes,Spalding,53.62,258,SPA-0949-4MWDS
950,Refrigerador KitchenAid Modelo 5308,Hogar,KitchenAid,274.58,90,KIT-0950-WHG6P
951,Tablet HP Ultra 128GB,Electrónica,HP,1339.76,490,HP-0951-9C1JK
952,Aspiradora Oster Modelo 2795,Hogar,Oster,381.95,785,OST-0952-VLE6E
953,Mancuernas 10kg Spalding Profesional Edición Especial,Deportes,Spalding,186.86,424,SPA-0953-MJTA5
954,Mancuernas 10kg Gatorade Profesional Edición Especial,Deportes,Gatorade,20.76,43,GAT-0954-0969G
955,Camiseta Calvin Klein Talla L Color Gris,Ropa,Calvin Klein,122.87,545,CAL-0955-YXG9W
956,Refrigerador Koblenz Modelo 7051,Hogar,Koblenz,331.45,988,KOB-0956-YA4TC
957,Tablet Asus Max 256GB,Electrónica,Asus,156.27,736,ASU-0957-4SKU5
958,Labial Líquido Garnier Tono Medio,Belleza y Cuidado Personal,Garnier,116.72,116,GAR-0958-U5220
959,Freidora de Aire T-fal Modelo 1301,Hogar,T-fal,41.37,753,T-F-0959-W6GG3
960,Freidora de Aire Oster Modelo 4623,Hogar,Oster,565.74,245,OST-0960-BS8CS
961,Base de Maquillaje Garnier Piel Seca,Belleza y Cuidado Personal,Garnier,37.35,561,GAR-0961-2WPU4
962,Mouse Acer Pro 512GB,Electrónica,Acer,2389.36,118,ACE-0962-YP1A6
963,Freidora de Aire Dyson Modelo 4406,Hogar,Dyson,405.82,491,DYS-0963-3M2HA
964,Mouse Bose Lite 256GB,Electrónica,Bose,1140.11,87,BOS-0964-HFJ4H
965,Tenis Zara Talla S Color Rojo,Ropa,Zara,63.05,81,ZAR-0965-VLF06
966,Laptop Acer Ultra 256GB,Electrónica,Acer,2318.2,279,ACE-0966-TG7BA
967,"Monitor 24"" Sony Lite 256GB",Electrónica,Sony,1720.05,793,SON-0967-J0XYT
968,Tapete de Yoga Gatorade Profesional Estándar,Deportes,Gatorade,240.93,251,GAT-0968-EBJZP
969,Licuadora Black+Decker Modelo 3555,Hogar,Black+Decker,738.14,88,BLA-0969-73IWZ
970,"Monitor 24"" Acer Plus 512GB",Electrónica,Acer,2231.79,25,ACE-0970-KDULL
971,TV 4K Apple Max 512GB,Electrónica,Apple,1259.79,739,APP-0971-RODCI
972,Sudadera Calvin Klein Talla L Color Rojo,Ropa,Calvin Klein,33.34,607,CAL-0972-EGOKL
973,Suero de Vitamina C L'Oréal Piel Seca,Belleza y Cuidado Personal,L'Oréal,75.92,336,L'O-0973-E84LR
974,Suéter Levi's Talla M Color Negro,Ropa,Levi's,138.08,300,LEV-0974-DTTUF
975,Mouse HP Gen 1 256GB,Electrónica,HP,412.16,179,HP-0975-D1ULU
976,Rímel Voluminizador Maybelline Tono Medio,Belleza y Cuidado Personal,Maybelline,86.98,946,MAY-0976-CUSEH
977,Suéter Adidas Talla XXL Color Gris,Ropa,Adidas,69.11,511,ADI-0977-2CSBS
978,Cámara Mirrorless LG Plus 1TB,Electrónica,LG,548.46,61,LG-0978-LUTHL
979,Short Deportivo Vans Talla XXL Color Azul,Ropa,Vans,38.87,924,VAN-0979-2UTJ0
980,Acondicionador Nivea Piel Seca,Belleza y Cuidado Personal,Nivea,58.19,534,NIV-0980-RMZYA
981,Gorra Puma Talla XXL Color Blanco,Ropa,Puma,95.57,77,PUM-0981-LJQ0S
982,Microondas Ninja Modelo 8327,Hogar,Ninja,387.29,869,NIN-0982-2XP2J
983,Botella de Agua 1L Spalding Profesional Pro,Deportes,Spalding,107.5,294,SPA-0983-56MXI
984,Camiseta Nike Talla XXL Color Rojo,Ropa,Nike,133.72,977,NIK-0984-4JPY6
985,Protector Solar SPF 50 Maybelline Para todo tipo de piel,Belleza y Cuidado Personal,Maybelline,17.86,675,MAY-0985-AL0QH
986,Raqueta de Tenis Coleman Profesional Estándar,Deportes,Coleman,37.29,541,COL-0986-7EREC
987,Plancha de Vapor Oster Modelo 3694,Hogar,Oster,570.87,972,OST-0987-NWXLI
988,Raqueta de Tenis Rawlings Profesional Premium,Deportes,Rawlings,183.88,941,RAW-0988-VWHUW
989,Base de Maquillaje Clinique Piel Seca,Belleza y Cuidado Personal,Clinique,78.86,726,CLI-0989-TCOT6
990,Protector Solar SPF 50 La Roche-Posay Tono Medio,Belleza y Cuidado Personal,La Roche-Posay,32.95,862,LA -0990-XFE4Y
991,Protector Solar SPF 50 Nivea Piel Seca,Belleza y Cuidado Personal,Nivea,78.85,976,NIV-0991-M05BC
992,TV 4K Sony Pro 1TB,Electrónica,Sony,545.75,546,SON-0992-LJEOZ
993,Procesador de Alimentos T-fal Modelo 5588,Hogar,T-fal,520.78,1000,T-F-0993-SORIO
994,Aspiradora Black+Decker Modelo 5363,Hogar,Black+Decker,201.9,332,BLA-0994-PSKEH
995,Cámara Mirrorless Lenovo Gen 6 512GB,Electrónica,Lenovo,1340.78,399,LEN-0995-T1I27
996,Pantalón de Mezclilla Tommy Hilfiger Talla XXL Color Gris,Ropa,Tommy Hilfiger,130.19,238,TOM-0996-ECSUS
997,TV 4K Apple Max 256GB,Electrónica,Apple,1283.84,162,APP-0997-LAQD5
998,Tenis Under Armour Talla XL Color Gris,Ropa,Under Armour,148.57,472,UND-0998-KAVNJ
999,Crema Hidratante CeraVe Tono Oscuro,Belleza y Cuidado Personal,CeraVe,43.28,702,CER-0999-E38DK
1000,Freidora de Aire Philips Modelo 1707,Hogar,Philips,699.68,872,PHI-1000-GG5B7
1001,Plancha de Vapor Hamilton Beach Modelo 5060,Hogar,Hamilton Beach,468.86,725,HAM-1001-71HHD
1002,Camiseta H&M Talla XL Color Gris,Ropa,H&M,139.99,257,H&M-1002-J9LRP
1003,Aspiradora Koblenz Modelo 3741,Hogar,Koblenz,381.64,986,KOB-1003-B8W9P
1004,Desmaquillante Maybelline Para todo tipo de piel,Belleza y Cuidado Personal,Maybelline,59.36,749,MAY-1004-ZJ94B
1005,Tapete de Yoga Coleman Profesional Estándar,Deportes,Coleman,282.26,646,COL-1005-778PP
1006,Smartwatch JBL Lite 256GB,Electrónica,JBL,2091.4,252,JBL-1006-ESN8E
1007,Tablet Xiaomi Gen 8 1TB,Electrónica,Xiaomi,950.05,814,XIA-1007-XBXFH
1008,Sudadera Nike Talla M Color Blanco,Ropa,Nike,56.66,610,NIK-1008-9VXK8
1009,Freidora de Aire Philips Modelo 7945,Hogar,Philips,191.39,621,PHI-1009-M224V
1010,Guantes de Box Speedo Profesional Pro,Deportes,Speedo,65.54,516,SPE-1010-N9RLM
1011,Acondicionador Clinique Tono Oscuro,Belleza y Cuidado Personal,Clinique,111.08,294,CLI-1011-34RAF
1012,Smartphone HP Lite 128GB,Electrónica,HP,1225.93,853,HP-1012-105MZ
1013,Teclado Mecánico HP Ultra 1TB,Electrónica,HP,745.84,612,HP-1013-OCFLL
1014,Labial Líquido Estée Lauder Tono Oscuro,Belleza y Cuidado Personal,Estée Lauder,75.86,504,EST-1014-D2EHN
1015,Tablet Samsung Lite 512GB,Electrónica,Samsung,2166.79,128,SAM-1015-8UM56
1016,Tapete de Yoga Wilson Profesional Estándar,Deportes,Wilson,82.95,954,WIL-1016-532TO
1017,Suéter Tommy Hilfiger Talla L Color Azul,Ropa,Tommy Hilfiger,16.35,96,TOM-1017-MWNB9
1018,Tapete de Yoga Gatorade Profesional Premium,Deportes,Gatorade,61.32,275,GAT-1018-M4UFT
1019,Microondas Dyson Modelo 5506,Hogar,Dyson,776.31,530,DYS-1019-OF1TC
1020,Acondicionador L'Oréal Tono Claro,Belleza y Cuidado Personal,L'Oréal,27.17,841,L'O-1020-YL0A4
1021,Camiseta Nike Talla L Color Negro,Ropa,Nike,43.28,549,NIK-1021-4AUKV
1022,Pantalón de Mezclilla Calvin Klein Talla S Color Rojo,Ropa,Calvin Klein,44.88,476,CAL-1022-1O9GC
1023,Cámara Mirrorless LG Lite,Electrónica,LG,1706.07,298,LG-1023-26BNL
1024,Chaqueta de Cuero Converse Talla L Color Azul,Ropa,Converse,110.47,442,CON-1024-3GVCV
1025,Smartwatch Asus Max 512GB,Electrónica,Asus,520.84,814,ASU-1025-CDX82
1026,Plancha de Vapor T-fal Modelo 9816,Hogar,T-fal,691.36,919,T-F-1026-5CP5P
1027,Short Deportivo Levi's Talla M Color Gris,Ropa,Levi's,37.02,714,LEV-1027-B2ERK
1028,Refrigerador Mabe Modelo 9641,Hogar,Mabe,598.94,205,MAB-1028-USQM0
1029,Labial Líquido La Roche-Posay Piel Seca,Belleza y Cuidado Personal,La Roche-Posay,113.25,943,LA -1029-S7P6M
1030,Tenis Adidas Talla L Color Gris,Ropa,Adidas,127.59,555,ADI-1030-TUHM5
1031,Mancuernas 10kg Wilson Profesional Estándar,Deportes,Wilson,19.83,440,WIL-1031-DG169
1032,Aspiradora Black+Decker Modelo 8551,Hogar,Black+Decker,442.68,752,BLA-1032-WGTN1
1033,Mochila de Senderismo Wilson Profesional Pro,Deportes,Wilson,67.19,873,WIL-1033-2CRLO
1034,Sudadera Vans Talla XL Color Blanco,Ropa,Vans,15.02,703,VAN-1034-03UBR
1035,Desmaquillante Revlon Tono Oscuro,Belleza y Cuidado Personal,Revlon,92.95,902,REV-1035-HA2EU
1036,Goggles de Natación CamelBak Profesional Estándar,Deportes,CamelBak,224.25,421,CAM-1036-6EI6J
1037,Shampoo L'Oréal Tono Medio,Belleza y Cuidado Personal,L'Oréal,26.14,446,L'O-1037-MN3QV
1038,TV 4K Xiaomi Ultra 128GB,Electrónica,Xiaomi,706.25,693,XIA-1038-FEPLU
1039,Camiseta Calvin Klein Talla M Color Azul,Ropa,Calvin Klein,100.44,240,CAL-1039-NBVSG
1040,Cafetera Mabe Modelo 4432,Hogar,Mabe,172.42,682,MAB-1040-TDZOE
1041,Camiseta Converse Talla M Color Azul,Ropa,Converse,68.88,109,CON-1041-G6Y72
1042,Tienda de Campaña Spalding Profesional Edición Especial,Deportes,Spalding,74.0,953,SPA-1042-FYWM0
1043,Camiseta Calvin Klein Talla XXL Color Gris,Ropa,Calvin Klein,103.48,419,CAL-1043-7PPZC
1044,Mancuernas 10kg Spalding Profesional Premium,Deportes,Spalding,196.06,255,SPA-1044-BENXJ
1045,Rímel Voluminizador MAC Tono Claro,Belleza y Cuidado Personal,MAC,116.84,612,MAC-1045-KCDE5
1046,Bocina Bluetooth Xiaomi Lite 128GB,Electrónica,Xiaomi,1730.95,658,XIA-1046-S8GJ5
1047,Base de Maquillaje Estée Lauder Tono Medio,Belleza y Cuidado Personal,Estée Lauder,35.16,327,EST-1047-80D1U
1048,Tapete de Yoga Spalding Profesional Edición Especial,Deportes,Spalding,293.77,942,SPA-1048-B91FG
1049,Smartphone Acer Lite 1TB,Electrónica,Acer,1818.74,953,ACE-1049-7BCYS
1050,Shampoo L'Oréal Tono Claro,Belleza y Cuidado Personal,L'Oréal,115.87,927,L'O-1050-KL27K
1051,Cafetera Oster Modelo 8469,Hogar,Oster,261.17,963,OST-1051-VF9RJ
1052,Perfume 100ml MAC Piel Seca,Belleza y Cuidado Personal,MAC,84.68,63,MAC-1052-M96KE
1053,Smartphone Acer Lite 128GB,Electrónica,Acer,253.4,224,ACE-1053-U5UMJ
1054,Tablet Asus Pro 512GB,Electrónica,Asus,2365.64,191,ASU-1054-4Z7EV
1055,Smartphone Samsung Plus 1TB,Electrónica,Samsung,2494.44,17,SAM-1055-C8MDH
1056,Tienda de Campaña Speedo Profesional Pro,Deportes,Speedo,90.76,210,SPE-1056-8UXE2
1057,Raqueta de Tenis CamelBak Profesional Pro,Deportes,CamelBak,141.78,362,CAM-1057-2X2S2
1058,Camiseta Levi's Talla XXL Color Gris,Ropa,Levi's,131.2,392,LEV-1058-MR1ER
1059,Smartphone Bose Lite 128GB,Electrónica,Bose,1490.86,330,BOS-1059-QTKP8
1060,Base de Maquillaje CeraVe Tono Oscuro,Belleza y Cuidado Personal,CeraVe,112.27,33,CER-1060-NNAUZ
1061,Bocina Bluetooth Motorola Ultra,Electrónica,Motorola,1739.28,358,MOT-1061-I0WLO
1062,Teclado Mecánico Asus Gen 2 128GB,Electrónica,Asus,792.4,526,ASU-1062-H6EMQ
1063,Tienda de Campaña Gatorade Profesional Premium,Deportes,Gatorade,192.93,952,GAT-1063-RAO9L
1064,Gorra Converse Talla XL Color Azul,Ropa,Converse,70.9,284,CON-1064-NOFRU
1065,Camiseta Vans Talla S Color Gris,Ropa,Vans,76.96,628,VAN-1065-5EAFQ
1066,Desmaquillante MAC Piel Seca,Belleza y Cuidado Personal,MAC,12.19,993,MAC-1066-JDG1T
1067,Teclado Mecánico JBL Ultra 512GB,Electrónica,JBL,940.2,141,JBL-1067-Q4F9V
1068,Sudadera Adidas Talla XXL Color Blanco,Ropa,Adidas,24.9,277,ADI-1068-IV5QS
1069,"Monitor 24"" Asus Max 128GB",Electrónica,Asus,1275.8,605,ASU-1069-GS1AD
1070,Mancuernas 10kg Gatorade Profesional Pro,Deportes,Gatorade,71.03,281,GAT-1070-3ZRPH
1071,Botella de Agua 1L Everlast Profesional Edición Especial,Deportes,Everlast,299.16,838,EVE-1071-HN06X
1072,Base de Maquillaje CeraVe Tono Medio,Belleza y Cuidado Personal,CeraVe,70.37,549,CER-1072-LCRH4
1073,Acondicionador La Roche-Posay Tono Medio,Belleza y Cuidado Personal,La Roche-Posay,61.8,349,LA -1073-EKN7M
1074,Gorra H&M Talla XL Color Blanco,Ropa,H&M,86.0,862,H&M-1074-E90EX
1075,Crema Hidratante Estée Lauder Tono Claro,Belleza y Cuidado Personal,Estée Lauder,69.31,362,EST-1075-RAF20
1076,Raqueta de Tenis CamelBak Profesional Estándar,Deportes,CamelBak,266.21,31,CAM-1076-MFJ0B
1077,Calcetines (Paquete) H&M Talla S Color Gris,Ropa,H&M,135.91,418,H&M-1077-4FE4C
1078,Plancha de Vapor Dyson Modelo 5450,Hogar,Dyson,71.75,245,DYS-1078-DYO0X
1079,Plancha de Vapor Hamilton Beach Modelo 3941,Hogar,Hamilton Beach,167.63,456,HAM-1079-I51C1
1080,Smartphone Xiaomi Max 256GB,Electrónica,Xiaomi,2430.74,447,XIA-1080-D8Y1Y
1081,Tapete de Yoga Yeti Profesional Edición Especial,Deportes,Yeti,184.97,589,YET-1081-DNE6D
1082,Crema Hidratante Maybelline Piel Seca,Belleza y Cuidado Personal,Maybelline,65.26,182,MAY-1082-8RRP5
1083,Acondicionador Revlon Piel Seca,Belleza y Cuidado Personal,Revlon,52.59,839,REV-1083-EA42H
1084,Guantes de Box Speedo Profesional Estándar,Deportes,Speedo,80.64,444,SPE-1084-KHAUU
1085,Cafetera Philips Modelo 4753,Hogar,Philips,472.4,156,PHI-1085-R7IX3
1086,Tapete de Yoga Gatorade Profesional Pro,Deportes,Gatorade,197.33,996,GAT-1086-YFVLJ
1087,Raqueta de Tenis Everlast Profesional Estándar,Deportes,Everlast,284.71,818,EVE-1087-OB290
1088,Suero de Vitamina C Estée Lauder Piel Seca,Belleza y Cuidado Personal,Estée Lauder,86.09,574,EST-1088-KCLD8
1089,Calcetines (Paquete) Reebok Talla L Color Azul,Ropa,Reebok,30.35,785,REE-1089-NY15A
1090,Tenis Tommy Hilfiger Talla L Color Gris,Ropa,Tommy Hilfiger,32.03,865,TOM-1090-2WB86
1091,Base de Maquillaje Estée Lauder Tono Medio,Belleza y Cuidado Personal,Estée Lauder,103.3,509,EST-1091-0BICU
1092,Teclado Mecánico JBL Max 512GB,Electrónica,JBL,481.97,34,JBL-1092-VM8HF
1093,Raqueta de Tenis Speedo Profesional Edición Especial,Deportes,Speedo,93.0,696,SPE-1093-2SVHR
1094,Chamarra Zara Talla XXL Color Rojo,Ropa,Zara,132.88,964,ZAR-1094-II7IW
1095,Tostador Koblenz Modelo 6984,Hogar,Koblenz,496.42,303,KOB-1095-03I64
1096,"Monitor 24"" Motorola Plus 256GB",Electrónica,Motorola,2241.19,939,MOT-1096-XLJFT
1097,Pantalón de Mezclilla Adidas Talla XXL Color Negro,Ropa,Adidas,103.13,512,ADI-1097-UFZN8
1098,Chaqueta de Cuero Under Armour Talla S Color Rojo,Ropa,Under Armour,122.11,352,UND-1098-CQ89U
1099,Plancha de Vapor Ninja Modelo 6779,Hogar,Ninja,51.21,806,NIN-1099-47CFG
1100,Chamarra Under Armour Talla L Color Blanco,Ropa,Under Armour,97.25,402,UND-1100-KN0I8
1101,Labial Líquido Estée Lauder Tono Claro,Belleza y Cuidado Personal,Estée Lauder,6.4,323,EST-1101-W5YWX
1102,Gorra Zara Talla M Color Gris,Ropa,Zara,122.11,824,ZAR-1102-8N0CI
1103,Mouse JBL Gen 8,Electrónica,JBL,1382.07,484,JBL-1103-TLF9R
1104,Cámara Mirrorless HP Max 512GB,Electrónica,HP,2144.55,573,HP-1104-GA8J4
1105,Microondas T-fal Modelo 2875,Hogar,T-fal,551.2,580,T-F-1105-8H0GJ
1106,Tapete de Yoga Coleman Profesional Edición Especial,Deportes,Coleman,222.29,599,COL-1106-IHIIR
1107,Rímel Voluminizador L'Oréal Tono Medio,Belleza y Cuidado Personal,L'Oréal,34.95,525,L'O-1107-EV2J4
1108,Cafetera Hamilton Beach Modelo 1871,Hogar,Hamilton Beach,583.75,758,HAM-1108-CJS4S
1109,Laptop Apple Lite 256GB,Electrónica,Apple,426.08,73,APP-1109-BUI5C
1110,Mochila de Senderismo Everlast Profesional Pro,Deportes,Everlast,105.76,812,EVE-1110-SJ586
1111,Botella de Agua 1L Coleman Profesional Edición Especial,Deportes,Coleman,15.05,673,COL-1111-H9XE5
1112,Tablet Bose Max 1TB,Electrónica,Bose,979.03,792,BOS-1112-U3UFP
1113,Freidora de Aire Hamilton Beach Modelo 9251,Hogar,Hamilton Beach,789.18,823,HAM-1113-Z3X5V
1114,Cafetera T-fal Modelo 4119,Hogar,T-fal,471.5,185,T-F-1114-1ZTWQ
1115,Gorra Nike Talla XXL Color Rojo,Ropa,Nike,111.57,698,NIK-1115-6ECF2
1116,Crema Hidratante Maybelline Tono Oscuro,Belleza y Cuidado Personal,Maybelline,30.56,676,MAY-1116-5CGKI
1117,Refrigerador Philips Modelo 8382,Hogar,Philips,327.11,993,PHI-1117-L9WK6
1118,Bocina Bluetooth Dell Ultra 256GB,Electrónica,Dell,1746.07,170,DEL-1118-HU2HB
1119,Calcetines (Paquete) Nike Talla M Color Rojo,Ropa,Nike,23.43,935,NIK-1119-IAMQC
1120,Refrigerador Mabe Modelo 5669,Hogar,Mabe,723.18,113,MAB-1120-8FSLR
1121,Crema Hidratante L'Oréal Piel Seca,Belleza y Cuidado Personal,L'Oréal,65.73,982,L'O-1121-XGQF9
1122,Goggles de Natación Gatorade Profesional Premium,Deportes,Gatorade,128.68,597,GAT-1122-2ZHLN
1123,Tenis H&M Talla XXL Color Negro,Ropa,H&M,33.08,29,H&M-1123-1QGZD
1124,Smartwatch Samsung Gen 6 1TB,Electrónica,Samsung,1034.5,922,SAM-1124-A58RX
1125,Chaqueta de Cuero Calvin Klein Talla L Color Gris,Ropa,Calvin Klein,84.97,500,CAL-1125-NPDLX
1126,Suéter Reebok Talla XL Color Gris,Ropa,Reebok,47.34,575,REE-1126-X2A59
1127,Pantalón de Mezclilla Vans Talla XL Color Gris,Ropa,Vans,30.18,375,VAN-1127-09TN5
1128,Base de Maquillaje La Roche-Posay Tono Medio,Belleza y Cuidado Personal,La Roche-Posay,61.33,409,LA -1128-4JEUY
1129,Bocina Bluetooth Bose Pro 512GB,Electrónica,Bose,1023.29,225,BOS-1129-G3HN5
1130,Shampoo Dove Piel Seca,Belleza y Cuidado Personal,Dove,71.48,118,DOV-1130-E43WU
1131,Short Deportivo Levi's Talla L Color Negro,Ropa,Levi's,106.7,393,LEV-1131-0CZJO
1132,Gorra Under Armour Talla L Color Negro,Ropa,Under Armour,48.67,704,UND-1132-3991C
1133,Base de Maquillaje Clinique Piel Seca,Belleza y Cuidado Personal,Clinique,10.05,453,CLI-1133-VQ571
1134,Chamarra Tommy Hilfiger Talla L Color Rojo,Ropa,Tommy Hilfiger,109.1,605,TOM-1134-S5GD8
1135,Chamarra Under Armour Talla L Color Negro,Ropa,Under Armour,26.87,915,UND-1135-9P31T
1136,Crema Hidratante La Roche-Posay Para todo tipo de piel,Belleza y Cuidado Personal,La Roche-Posay,11.88,295,LA -1136-8S56I
1137,Guantes de Box Spalding Profesional Premium,Deportes,Spalding,175.44,385,SPA-1137-G9XSH
1138,Smartwatch Asus Max,Electrónica,Asus,1939.89,155,ASU-1138-AP6DM
1139,Audífonos Inalámbricos Sony Lite 256GB,Electrónica,Sony,1565.05,507,SON-1139-9I8BV
1140,Suero de Vitamina C CeraVe Tono Claro,Belleza y Cuidado Personal,CeraVe,74.79,450,CER-1140-FYB9L
1141,Guantes de Box Yeti Profesional Pro,Deportes,Yeti,96.07,537,YET-1141-LYKO0
1142,Sudadera Converse Talla XL Color Blanco,Ropa,Converse,148.84,279,CON-1142-IV71Z
1143,Teclado Mecánico Dell Pro 1TB,Electrónica,Dell,1160.87,808,DEL-1143-AVTQ2
1144,Rímel Voluminizador Clinique Tono Oscuro,Belleza y Cuidado Personal,Clinique,21.65,477,CLI-1144-SJY4G
1145,Teclado Mecánico Asus Max,Electrónica,Asus,882.43,799,ASU-1145-BVH2B
1146,Smartwatch JBL Pro 128GB,Electrónica,JBL,1808.73,146,JBL-1146-Q7PLW
1147,Mochila de Senderismo Speedo Profesional Pro,Deportes,Speedo,48.39,278,SPE-1147-OFPEP
1148,Perfume 100ml CeraVe Piel Seca,Belleza y Cuidado Personal,CeraVe,12.02,273,CER-1148-OJVCH
1149,Tablet Dell Lite 256GB,Electrónica,Dell,1704.27,358,DEL-1149-BZULN
1150,Tienda de Campaña Coleman Profesional Edición Especial,Deportes,Coleman,135.62,215,COL-1150-AWLRR
1151,Rímel Voluminizador Revlon Tono Claro,Belleza y Cuidado Personal,Revlon,39.66,716,REV-1151-7V0XA
1152,Calcetines (Paquete) Adidas Talla M Color Gris,Ropa,Adidas,110.72,181,ADI-1152-XBWTM
1153,Chaqueta de Cuero Nike Talla XXL Color Azul,Ropa,Nike,83.54,303,NIK-1153-0482G
1154,Crema Hidratante Garnier Para todo tipo de piel,Belleza y Cuidado Personal,Garnier,56.1,703,GAR-1154-VF73M
1155,Suero de Vitamina C Clinique Piel Seca,Belleza y Cuidado Personal,Clinique,91.68,100,CLI-1155-SM0PI
1156,Batidora de Pedestal Whirlpool Modelo 3853,Hogar,Whirlpool,355.17,802,WHI-1156-BL3PQ
1157,Base de Maquillaje Maybelline Para todo tipo de piel,Belleza y Cuidado Personal,Maybelline,61.22,607,MAY-1157-UOJKQ
1158,Short Deportivo Tommy Hilfiger Talla S Color Rojo,Ropa,Tommy Hilfiger,35.89,441,TOM-1158-PCI2N
1159,Chamarra Puma Talla M Color Gris,Ropa,Puma,117.02,479,PUM-1159-4566U
1160,Cafetera Ninja Modelo 3433,Hogar,Ninja,265.08,446,NIN-1160-PT41A
1161,Camiseta Nike Talla XL Color Gris,Ropa,Nike,127.62,635,NIK-1161-4MPF4
1162,Licuadora Black+Decker Modelo 7194,Hogar,Black+Decker,710.4,753,BLA-1162-Q4N32
1163,Suero de Vitamina C Clinique Tono Oscuro,Belleza y Cuidado Personal,Clinique,86.01,819,CLI-1163-CM7K0
1164,Microondas T-fal Modelo 7643,Hogar,T-fal,579.84,662,T-F-1164-90OMZ
1165,Tenis Levi's Talla S Color Gris,Ropa,Levi's,98.48,555,LEV-1165-6V2WL
1166,Shampoo Revlon Tono Oscuro,Belleza y Cuidado Personal,Revlon,46.63,242,REV-1166-Q5DVI
1167,Tablet Samsung Max 512GB,Electrónica,Samsung,2083.63,53,SAM-1167-XRV51
1168,Smartphone Dell Gen 3 256GB,Electrónica,Dell,455.97,891,DEL-1168-1QFN9
1169,Licuadora Philips Modelo 1473,Hogar,Philips,208.66,642,PHI-1169-KSY2C
1170,Guantes de Box Speedo Profesional Pro,Deportes,Speedo,218.84,309,SPE-1170-RRN38
1171,TV 4K Sony Pro,Electrónica,Sony,1112.76,611,SON-1171-5RAFH
1172,Rímel Voluminizador La Roche-Posay Piel Seca,Belleza y Cuidado Personal,La Roche-Posay,66.69,394,LA -1172-OED78
1173,Chamarra Converse Talla L Color Blanco,Ropa,Converse,93.57,436,CON-1173-1DH5L
1174,Desmaquillante Clinique Piel Seca,Belleza y Cuidado Personal,Clinique,35.52,97,CLI-1174-JIVYG
1175,Chaqueta de Cuero Tommy Hilfiger Talla M Color Rojo,Ropa,Tommy Hilfiger,70.49,447,TOM-1175-6KWZK
1176,Plancha de Vapor Philips Modelo 3538,Hogar,Philips,723.49,649,PHI-1176-EHV22
1177,Shampoo CeraVe Tono Oscuro,Belleza y Cuidado Personal,CeraVe,95.74,291,CER-1177-EWMZT
1178,Tenis Zara Talla M Color Gris,Ropa,Zara,43.37,761,ZAR-1178-8FSIG
1179,Suero de Vitamina C Maybelline Piel Seca,Belleza y Cuidado Personal,Maybelline,25.7,394,MAY-1179-TR4J3
1180,Protector Solar SPF 50 Estée Lauder Tono Medio,Belleza y Cuidado Personal,Estée Lauder,86.57,877,EST-1180-JQG5T
1181,Suéter Nike Talla S Color Gris,Ropa,Nike,65.96,948,NIK-1181-1NMYK
1182,Acondicionador Revlon Tono Medio,Belleza y Cuidado Personal,Revlon,12.62,720,REV-1182-6OKIN
1183,Cámara Mirrorless Bose Gen 4 256GB,Electrónica,Bose,883.12,410,BOS-1183-RU3AC
1184,Pantalón de Mezclilla Nike Talla S Color Gris,Ropa,Nike,59.92,619,NIK-1184-SYNRH
1185,Procesador de Alimentos Koblenz Modelo 6390,Hogar,Koblenz,158.84,97,KOB-1185-TAU86
1186,Refrigerador Hamilton Beach Modelo 1953,Hogar,Hamilton Beach,460.97,45,HAM-1186-DRADJ
1187,"Monitor 24"" Apple Plus 512GB",Electrónica,Apple,418.91,212,APP-1187-4BUQU
1188,Guantes de Box Spalding Profesional Edición Especial,Deportes,Spalding,61.32,446,SPA-1188-LF07N
1189,Refrigerador Black+Decker Modelo 1335,Hogar,Black+Decker,432.96,142,BLA-1189-GEGE6
1190,Laptop LG Gen 6 256GB,Electrónica,LG,1214.5,767,LG-1190-R10OE
1191,Teclado Mecánico Samsung Lite 128GB,Electrónica,Samsung,736.06,87,SAM-1191-P06GN
1192,Tenis Nike Talla S Color Azul,Ropa,Nike,142.11,194,NIK-1192-7ILZY
1193,Batidora de Pedestal Hamilton Beach Modelo 6913,Hogar,Hamilton Beach,321.75,734,HAM-1193-XCNQP
1194,Plancha de Vapor KitchenAid Modelo 9202,Hogar,KitchenAid,442.64,198,KIT-1194-WKGHT
1195,Acondicionador La Roche-Posay Tono Medio,Belleza y Cuidado Personal,La Roche-Posay,103.13,803,LA -1195-QPYJM
1196,Freidora de Aire Philips Modelo 4592,Hogar,Philips,77.3,42,PHI-1196-NDLLS
1197,Guantes de Box Rawlings Profesional Premium,Deportes,Rawlings,144.77,128,RAW-1197-SP2D4
1198,Tienda de Campaña Gatorade Profesional Estándar,Deportes,Gatorade,234.02,820,GAT-1198-ITZ2C
1199,Laptop Bose Pro 512GB,Electrónica,Bose,725.63,512,BOS-1199-0G951
1200,Camiseta Zara Talla XXL Color Azul,Ropa,Zara,97.49,513,ZAR-1200-NPE7A
1201,Laptop Lenovo Gen 5 256GB,Electrónica,Lenovo,702.46,695,LEN-1201-BEER8
1202,Tablet Lenovo Gen 4 256GB,Electrónica,Lenovo,209.37,705,LEN-1202-999IW
1203,Sudadera Levi's Talla XL Color Negro,Ropa,Levi's,51.51,288,LEV-1203-VRNI4
1204,Goggles de Natación Spalding Profesional Estándar,Deportes,Spalding,177.63,134,SPA-1204-9ACH4
1205,Cafetera Black+Decker Modelo 4123,Hogar,Black+Decker,220.53,698,BLA-1205-VMH96
1206,Laptop Bose Ultra 128GB,Electrónica,Bose,1490.06,75,BOS-1206-P3SVJ
1207,Batidora de Pedestal Dyson Modelo 9826,Hogar,Dyson,446.13,919,DYS-1207-SLDTR
1208,Tenis Reebok Talla M Color Negro,Ropa,Reebok,79.36,349,REE-1208-Y4V77
1209,Cafetera Dyson Modelo 1454,Hogar,Dyson,109.63,393,DYS-1209-4LI1S
1210,Suero de Vitamina C MAC Piel Seca,Belleza y Cuidado Personal,MAC,103.01,233,MAC-1210-SLA4K
1211,Mancuernas 10kg Everlast Profesional Edición Especial,Deportes,Everlast,40.74,882,EVE-1211-FR1TP
1212,Mochila de Senderismo Spalding Profesional Premium,Deportes,Spalding,168.78,876,SPA-1212-5GTVC
1213,Acondicionador Clinique Para todo tipo de piel,Belleza y Cuidado Personal,Clinique,45.34,871,CLI-1213-XA54A
1214,Refrigerador Dyson Modelo 9695,Hogar,Dyson,785.65,866,DYS-1214-IAS7B
1215,Sudadera Reebok Talla M Color Negro,Ropa,Reebok,94.25,238,REE-1215-YERUM
1216,Microondas Whirlpool Modelo 7001,Hogar,Whirlpool,146.85,890,WHI-1216-KAKVD
1217,Laptop Dell Lite,Electrónica,Dell,2074.94,674,DEL-1217-7M7KR
1218,Calcetines (Paquete) Puma Talla M Color Rojo,Ropa,Puma,22.4,301,PUM-1218-3E292
1219,Raqueta de Tenis Coleman Profesional Pro,Deportes,Coleman,36.51,113,COL-1219-7GB3F
1220,Gorra Reebok Talla XXL Color Gris,Ropa,Reebok,99.71,19,REE-1220-GWLEJ
1221,Shampoo La Roche-Posay Tono Claro,Belleza y Cuidado Personal,La Roche-Posay,28.26,338,LA -1221-JP8BC
1222,Audífonos Inalámbricos Sony Lite,Electrónica,Sony,2147.42,256,SON-1222-H3L0R
1223,Tapete de Yoga Wilson Profesional Edición Especial,Deportes,Wilson,66.42,535,WIL-1223-L11D6
1224,Audífonos Inalámbricos Samsung Lite 1TB,Electrónica,Samsung,1490.15,209,SAM-1224-BKR34
1225,Desmaquillante Nivea Piel Seca,Belleza y Cuidado Personal,Nivea,17.33,795,NIV-1225-ZBN0A
1226,Guantes de Box CamelBak Profesional Premium,Deportes,CamelBak,255.37,703,CAM-1226-1UZIT
1227,Tostador Koblenz Modelo 5666,Hogar,Koblenz,546.72,321,KOB-1227-DFEV6
1228,Laptop Bose Plus,Electrónica,Bose,1445.94,575,BOS-1228-YQXP1
1229,Shampoo Clinique Piel Seca,Belleza y Cuidado Personal,Clinique,72.14,709,CLI-1229-ARMAY
1230,Tapete de Yoga Speedo Profesional Premium,Deportes,Speedo,93.34,266,SPE-1230-IQVF7
1231,Gorra Calvin Klein Talla XL Color Gris,Ropa,Calvin Klein,61.39,676,CAL-1231-5D53C
1232,Short Deportivo Tommy Hilfiger Talla XL Color Azul,Ropa,Tommy Hilfiger,38.24,287,TOM-1232-5DHNK
1233,Teclado Mecánico Motorola Lite,Electrónica,Motorola,773.68,108,MOT-1233-E8MXI
1234,Balón de Básquetbol Spalding Profesional Pro,Deportes,Spalding,217.28,154,SPA-1234-84XUX
1235,Sudadera Tommy Hilfiger Talla L Color Rojo,Ropa,Tommy Hilfiger,103.08,984,TOM-1235-X1L9Y
1236,Laptop Acer Lite 256GB,Electrónica,Acer,1206.21,280,ACE-1236-MX01R
1237,Tapete de Yoga CamelBak Profesional Premium,Deportes,CamelBak,109.93,443,CAM-1237-EQW8L
1238,Guantes de Box Spalding Profesional Edición Especial,Deportes,Spalding,250.82,116,SPA-1238-JD5BP
1239,Procesador de Alimentos Whirlpool Modelo 4374,Hogar,Whirlpool,470.84,962,WHI-1239-9GED6
1240,Crema Hidratante L'Oréal Para todo tipo de piel,Belleza y Cuidado Personal,L'Oréal,16.12,816,L'O-1240-P6APE
1241,Goggles de Natación Everlast Profesional Pro,Deportes,Everlast,229.81,724,EVE-1241-FQBVK
1242,Goggles de Natación Spalding Profesional Edición Especial,Deportes,Spalding,12.34,39,SPA-1242-R5R24
1243,Acondicionador Maybelline Tono Claro,Belleza y Cuidado Personal,Maybelline,103.81,822,MAY-1243-KFV4W
1244,Laptop Samsung Ultra 256GB,Electrónica,Samsung,980.49,138,SAM-1244-C75RD
1245,Rímel Voluminizador Maybelline Tono Claro,Belleza y Cuidado Personal,Maybelline,43.29,770,MAY-1245-GWXXZ
1246,Licuadora Mabe Modelo 5806,Hogar,Mabe,715.48,498,MAB-1246-9TX5O
1247,Cámara Mirrorless Apple Ultra 128GB,Electrónica,Apple,299.54,409,APP-1247-M0DOB
1248,Rímel Voluminizador Estée Lauder Tono Oscuro,Belleza y Cuidado Personal,Estée Lauder,64.91,281,EST-1248-ZXIYQ
1249,Smartwatch Dell Ultra 1TB,Electrónica,Dell,1736.35,727,DEL-1249-JKZT5
1250,Smartphone Motorola Max 512GB,Electrónica,Motorola,386.26,232,MOT-1250-DY37V
1251,Perfume 100ml Revlon Tono Oscuro,Belleza y Cuidado Personal,Revlon,19.44,913,REV-1251-O5AF8
1252,Camiseta Levi's Talla L Color Blanco,Ropa,Levi's,114.34,635,LEV-1252-SWRTZ
1253,Acondicionador Clinique Para todo tipo de piel,Belleza y Cuidado Personal,Clinique,104.5,442,CLI-1253-ATPQA
1254,Botella de Agua 1L Everlast Profesional Estándar,Deportes,Everlast,296.78,776,EVE-1254-0N9A7
1255,Cafetera Oster Modelo 9103,Hogar,Oster,622.67,107,OST-1255-PULTR
1256,Mouse Asus Max,Electrónica,Asus,1329.79,785,ASU-1256-BRB6G
1257,Botella de Agua 1L Gatorade Profesional Edición Especial,Deportes,Gatorade,164.1,669,GAT-1257-0J3N4
1258,Tostador Ninja Modelo 6367,Hogar,Ninja,131.96,509,NIN-1258-PV649
1259,Smartphone HP Plus 512GB,Electrónica,HP,365.04,705,HP-1259-RSFL3
1260,Cámara Mirrorless Sony Max,Electrónica,Sony,1604.73,116,SON-1260-PKQJA
1261,Gorra Converse Talla S Color Blanco,Ropa,Converse,98.05,883,CON-1261-TOQNY
1262,Aspiradora KitchenAid Modelo 1702,Hogar,KitchenAid,91.42,789,KIT-1262-J6GXT
1263,Pantalón de Mezclilla Vans Talla XXL Color Blanco,Ropa,Vans,24.22,974,VAN-1263-8J46S
1264,Suero de Vitamina C Estée Lauder Tono Medio,Belleza y Cuidado Personal,Estée Lauder,51.65,474,EST-1264-LVWVP
1265,Tenis Reebok Talla S Color Rojo,Ropa,Reebok,63.09,199,REE-1265-1F1E3
1266,Tablet Bose Lite 1TB,Electrónica,Bose,1512.75,630,BOS-1266-WRBKH
1267,Acondicionador La Roche-Posay Tono Oscuro,Belleza y Cuidado Personal,La Roche-Posay,78.29,304,LA -1267-PU2RN
1268,Crema Hidratante Maybelline Para todo tipo de piel,Belleza y Cuidado Personal,Maybelline,91.09,762,MAY-1268-ATTDL
1269,Smartwatch JBL Gen 10 1TB,Electrónica,JBL,1946.1,873,JBL-1269-3OVDM
1270,Chaqueta de Cuero Adidas Talla XL Color Rojo,Ropa,Adidas,137.13,331,ADI-1270-WENC3
1271,Rímel Voluminizador Dove Para todo tipo de piel,Belleza y Cuidado Personal,Dove,59.83,100,DOV-1271-9HNI8
1272,Microondas Dyson Modelo 8157,Hogar,Dyson,619.36,631,DYS-1272-PBCME
1273,Guantes de Box CamelBak Profesional Estándar,Deportes,CamelBak,138.73,952,CAM-1273-VYGR3
1274,Aspiradora T-fal Modelo 7662,Hogar,T-fal,610.36,513,T-F-1274-PJFKD
1275,Tablet Bose Lite 256GB,Electrónica,Bose,1380.0,510,BOS-1275-4TCJH
1276,Balón de Básquetbol Gatorade Profesional Premium,Deportes,Gatorade,13.05,890,GAT-1276-O9K3B
1277,Freidora de Aire Dyson Modelo 7313,Hogar,Dyson,599.35,873,DYS-1277-WGVAM
1278,Guantes de Box Everlast Profesional Premium,Deportes,Everlast,57.76,420,EVE-1278-WA1GK
1279,Gorra Calvin Klein Talla XL Color Blanco,Ropa,Calvin Klein,61.88,643,CAL-1279-VMDZB
1280,Cámara Mirrorless Dell Plus 256GB,Electrónica,Dell,698.21,383,DEL-1280-PPWKF
1281,Mochila de Senderismo Wilson Profesional Edición Especial,Deportes,Wilson,157.0,330,WIL-1281-RYJUV
1282,Tenis Zara Talla M Color Rojo,Ropa,Zara,135.28,590,ZAR-1282-HJR2M
1283,Smartwatch Acer Plus 1TB,Electrónica,Acer,1387.59,964,ACE-1283-1PFYP
1284,Shampoo Clinique Piel Seca,Belleza y Cuidado Personal,Clinique,58.08,252,CLI-1284-0W0YN
1285,Suero de Vitamina C L'Oréal Piel Seca,Belleza y Cuidado Personal,L'Oréal,95.11,77,L'O-1285-VK6UP
1286,Raqueta de Tenis Yeti Profesional Premium,Deportes,Yeti,78.66,552,YET-1286-ZYZ9N
1287,Camiseta Zara Talla M Color Rojo,Ropa,Zara,18.63,712,ZAR-1287-60IWV
1288,Procesador de Alimentos Whirlpool Modelo 3109,Hogar,Whirlpool,680.28,294,WHI-1288-CRB0K
1289,Mouse Acer Max 512GB,Electrónica,Acer,1441.47,179,ACE-1289-V9DDZ
1290,Gorra Reebok Talla S Color Rojo,Ropa,Reebok,113.3,169,REE-1290-FYRZX
1291,Cafetera Koblenz Modelo 7441,Hogar,Koblenz,169.19,263,KOB-1291-BM7S7
1292,Shampoo Estée Lauder Tono Medio,Belleza y Cuidado Personal,Estée Lauder,89.7,94,EST-1292-3XGCS
1293,Labial Líquido Estée Lauder Tono Claro,Belleza y Cuidado Personal,Estée Lauder,53.5,753,EST-1293-9OF4S
1294,Labial Líquido Clinique Piel Seca,Belleza y Cuidado Personal,Clinique,76.06,770,CLI-1294-M1GOY
1295,TV 4K Sony Max 512GB,Electrónica,Sony,1817.73,308,SON-1295-H4FAX
1296,Pantalón de Mezclilla Reebok Talla L Color Rojo,Ropa,Reebok,125.92,482,REE-1296-1BWDJ
1297,Teclado Mecánico Acer Pro,Electrónica,Acer,1109.98,361,ACE-1297-AMDSC
1298,Licuadora Dyson Modelo 3426,Hogar,Dyson,150.51,497,DYS-1298-ARHA6
1299,Gorra Reebok Talla XL Color Negro,Ropa,Reebok,64.16,373,REE-1299-7KXZO
1300,Guantes de Box Coleman Profesional Premium,Deportes,Coleman,201.98,142,COL-1300-TRT0W
1301,Acondicionador MAC Piel Seca,Belleza y Cuidado Personal,MAC,20.09,769,MAC-1301-YWHPZ
1302,Aspiradora Philips Modelo 1116,Hogar,Philips,244.74,803,PHI-1302-YQQ8Q
1303,TV 4K Bose Max,Electrónica,Bose,661.51,219,BOS-1303-XW723
1304,Refrigerador T-fal Modelo 7098,Hogar,T-fal,524.43,996,T-F-1304-ZM4GB
1305,Shampoo La Roche-Posay Tono Medio,Belleza y Cuidado Personal,La Roche-Posay,65.0,12,LA -1305-M6CYY
1306,Calcetines (Paquete) Nike Talla M Color Rojo,Ropa,Nike,136.21,163,NIK-1306-6U696
1307,Refrigerador Koblenz Modelo 1333,Hogar,Koblenz,750.75,391,KOB-1307-Z8DE2
1308,Camiseta Levi's Talla XL Color Gris,Ropa,Levi's,39.9,444,LEV-1308-KTRWP
1309,Balón de Básquetbol Coleman Profesional Pro,Deportes,Coleman,74.95,810,COL-1309-A0PVY
1310,Goggles de Natación CamelBak Profesional Edición Especial,Deportes,CamelBak,151.85,192,CAM-1310-2YTJ3
1311,Microondas Ninja Modelo 5935,Hogar,Ninja,34.89,358,NIN-1311-YGXX3
1312,Guantes de Box CamelBak Profesional Edición Especial,Deportes,CamelBak,173.05,665,CAM-1312-6UTW1
1313,Protector Solar SPF 50 Dove Para todo tipo de piel,Belleza y Cuidado Personal,Dove,51.19,556,DOV-1313-R0KLX
1314,Licuadora Oster Modelo 8695,Hogar,Oster,571.26,119,OST-1314-8FITK
1315,Guantes de Box Gatorade Profesional Edición Especial,Deportes,Gatorade,107.51,820,GAT-1315-9VVRR
1316,Tienda de Campaña Coleman Profesional Edición Especial,Deportes,Coleman,284.01,671,COL-1316-NMNKB
1317,Desmaquillante Clinique Tono Oscuro,Belleza y Cuidado Personal,Clinique,82.18,143,CLI-1317-8L6JL
1318,Cafetera Whirlpool Modelo 3284,Hogar,Whirlpool,293.72,487,WHI-1318-PQ1KQ
1319,Raqueta de Tenis Gatorade Profesional Edición Especial,Deportes,Gatorade,268.46,452,GAT-1319-JBGXG
1320,Goggles de Natación CamelBak Profesional Pro,Deportes,CamelBak,10.85,720,CAM-1320-D18UK
1321,Shampoo CeraVe Para todo tipo de piel,Belleza y Cuidado Personal,CeraVe,115.26,538,CER-1321-JRPGP
1322,Camiseta Calvin Klein Talla M Color Azul,Ropa,Calvin Klein,47.65,769,CAL-1322-B2DR8
1323,Raqueta de Tenis Spalding Profesional Premium,Deportes,Spalding,39.39,430,SPA-1323-A75XK
1324,Acondicionador Nivea Tono Claro,Belleza y Cuidado Personal,Nivea,117.36,359,NIV-1324-62CW2
1325,Mochila de Senderismo Rawlings Profesional Edición Especial,Deportes,Rawlings,169.52,875,RAW-1325-PUUZT
1326,TV 4K Lenovo Plus,Electrónica,Lenovo,2119.3,364,LEN-1326-ORCC5
1327,Base de Maquillaje Maybelline Para todo tipo de piel,Belleza y Cuidado Personal,Maybelline,64.0,390,MAY-1327-MWR88
1328,Tienda de Campaña Speedo Profesional Premium,Deportes,Speedo,86.18,285,SPE-1328-PS99T
1329,Bocina Bluetooth HP Pro 128GB,Electrónica,HP,494.6,680,HP-1329-Y6RMT
1330,"Monitor 24"" Bose Ultra",Electrónica,Bose,373.06,919,BOS-1330-M26L6
1331,Refrigerador Ninja Modelo 8311,Hogar,Ninja,387.53,579,NIN-1331-H3EYI
1332,Botella de Agua 1L Everlast Profesional Estándar,Deportes,Everlast,62.71,648,EVE-1332-VLIXF
1333,Tostador Dyson Modelo 9288,Hogar,Dyson,326.41,421,DYS-1333-C6HKP
1334,Aspiradora Hamilton Beach Modelo 7407,Hogar,Hamilton Beach,629.27,474,HAM-1334-411VI
1335,Tienda de Campaña Coleman Profesional Estándar,Deportes,Coleman,248.61,919,COL-1335-PM2GH
1336,Microondas Whirlpool Modelo 1296,Hogar,Whirlpool,440.15,80,WHI-1336-2MHQD
1337,Labial Líquido Maybelline Piel Seca,Belleza y Cuidado Personal,Maybelline,76.75,383,MAY-1337-WG6AU
1338,Camiseta Reebok Talla S Color Rojo,Ropa,Reebok,50.31,417,REE-1338-E6JHI
1339,Base de Maquillaje Dove Piel Seca,Belleza y Cuidado Personal,Dove,119.42,568,DOV-1339-8ESH9
1340,Raqueta de Tenis Gatorade Profesional Edición Especial,Deportes,Gatorade,106.64,948,GAT-1340-ZXTL5
1341,Pantalón de Mezclilla Tommy Hilfiger Talla XL Color Blanco,Ropa,Tommy Hilfiger,110.65,693,TOM-1341-Z35ED
1342,Shampoo L'Oréal Para todo tipo de piel,Belleza y Cuidado Personal,L'Oréal,80.57,733,L'O-1342-XFX4Q
1343,Guantes de Box Gatorade Profesional Estándar,Deportes,Gatorade,97.37,88,GAT-1343-SPWR0
1344,Balón de Básquetbol Yeti Profesional Premium,Deportes,Yeti,174.87,95,YET-1344-WPYFY
1345,Sudadera Calvin Klein Talla S Color Blanco,Ropa,Calvin Klein,94.97,215,CAL-1345-N1FY0
1346,Perfume 100ml Dove Tono Oscuro,Belleza y Cuidado Personal,Dove,86.89,222,DOV-1346-SKKZE
1347,Plancha de Vapor Whirlpool Modelo 7302,Hogar,Whirlpool,102.97,538,WHI-1347-PVE1M
1348,Chaqueta de Cuero Puma Talla M Color Gris,Ropa,Puma,122.83,896,PUM-1348-3LQU2
1349,Labial Líquido Dove Tono Oscuro,Belleza y Cuidado Personal,Dove,102.91,822,DOV-1349-BCD21
1350,Licuadora Philips Modelo 7665,Hogar,Philips,414.53,951,PHI-1350-0P6FG
1351,Smartphone Apple Plus 1TB,Electrónica,Apple,1146.74,180,APP-1351-6NAKP
1352,Suero de Vitamina C MAC Tono Claro,Belleza y Cuidado Personal,MAC,64.81,992,MAC-1352-UFF5A
1353,Mancuernas 10kg Spalding Profesional Estándar,Deportes,Spalding,276.25,674,SPA-1353-F6SYY
1354,Procesador de Alimentos Black+Decker Modelo 2771,Hogar,Black+Decker,143.6,575,BLA-1354-3SMAM
1355,Base de Maquillaje Garnier Para todo tipo de piel,Belleza y Cuidado Personal,Garnier,110.12,472,GAR-1355-6VIDX
1356,Procesador de Alimentos Oster Modelo 8805,Hogar,Oster,585.22,283,OST-1356-390BB
1357,Cafetera Black+Decker Modelo 5600,Hogar,Black+Decker,441.87,958,BLA-1357-U4NK4
1358,Sudadera Zara Talla S Color Azul,Ropa,Zara,56.4,151,ZAR-1358-56K2C
1359,Perfume 100ml La Roche-Posay Para todo tipo de piel,Belleza y Cuidado Personal,La Roche-Posay,60.12,134,LA -1359-567XO
1360,Sudadera Tommy Hilfiger Talla XXL Color Gris,Ropa,Tommy Hilfiger,70.28,385,TOM-1360-8XOMP
1361,Batidora de Pedestal Black+Decker Modelo 8452,Hogar,Black+Decker,645.3,78,BLA-1361-Z3EO8
1362,Tostador Hamilton Beach Modelo 4057,Hogar,Hamilton Beach,747.27,721,HAM-1362-ASP7I
1363,Tostador Black+Decker Modelo 1997,Hogar,Black+Decker,645.25,178,BLA-1363-ZPR2Q
1364,Tostador Koblenz Modelo 9514,Hogar,Koblenz,707.92,39,KOB-1364-QVTG5
1365,Sudadera Reebok Talla S Color Blanco,Ropa,Reebok,104.27,296,REE-1365-6W5TF
1366,Mochila de Senderismo Rawlings Profesional Pro,Deportes,Rawlings,76.21,875,RAW-1366-R42IU
1367,Guantes de Box Spalding Profesional Pro,Deportes,Spalding,92.53,137,SPA-1367-FV0VH
1368,Base de Maquillaje MAC Tono Medio,Belleza y Cuidado Personal,MAC,30.67,845,MAC-1368-EN69I
1369,Freidora de Aire Whirlpool Modelo 4266,Hogar,Whirlpool,323.85,845,WHI-1369-HGL7Y
1370,Botella de Agua 1L CamelBak Profesional Estándar,Deportes,CamelBak,71.49,626,CAM-1370-HWED1
1371,Batidora de Pedestal Mabe Modelo 9777,Hogar,Mabe,487.7,945,MAB-1371-53FHT
1372,Rímel Voluminizador Dove Tono Medio,Belleza y Cuidado Personal,Dove,65.92,393,DOV-1372-TK1U7
1373,Acondicionador Maybelline Tono Oscuro,Belleza y Cuidado Personal,Maybelline,91.22,987,MAY-1373-B20UH
1374,Chamarra Converse Talla S Color Blanco,Ropa,Converse,30.07,258,CON-1374-2KDA7
1375,Goggles de Natación Coleman Profesional Pro,Deportes,Coleman,129.59,585,COL-1375-XD8WN
1376,Botella de Agua 1L Speedo Profesional Premium,Deportes,Speedo,58.08,899,SPE-1376-LJ0NK
1377,Audífonos Inalámbricos Motorola Ultra 1TB,Electrónica,Motorola,1638.97,408,MOT-1377-0CCT3
1378,Mancuernas 10kg Yeti Profesional Estándar,Deportes,Yeti,132.57,809,YET-1378-5X8DT
1379,Mancuernas 10kg Speedo Profesional Estándar,Deportes,Speedo,89.65,529,SPE-1379-1B75E
1380,Tablet Samsung Lite 512GB,Electrónica,Samsung,2435.5,969,SAM-1380-3YAE9
1381,Tenis Converse Talla XXL Color Gris,Ropa,Converse,110.93,823,CON-1381-2HCYS
1382,Mochila de Senderismo Rawlings Profesional Premium,Deportes,Rawlings,270.55,443,RAW-1382-53O6F
1383,Acondicionador Nivea Para todo tipo de piel,Belleza y Cuidado Personal,Nivea,113.1,80,NIV-1383-49TBS
1384,Cámara Mirrorless Samsung Plus 512GB,Electrónica,Samsung,1583.1,391,SAM-1384-1J3KD
1385,Procesador de Alimentos Philips Modelo 6259,Hogar,Philips,748.87,862,PHI-1385-OVCFR
1386,Shampoo Clinique Tono Medio,Belleza y Cuidado Personal,Clinique,78.91,61,CLI-1386-1SRG0
1387,Balón de Básquetbol Coleman Profesional Estándar,Deportes,Coleman,73.6,211,COL-1387-B9TLJ
1388,Smartwatch Apple Pro 512GB,Electrónica,Apple,862.18,462,APP-1388-72HUE
1389,Tapete de Yoga Coleman Profesional Pro,Deportes,Coleman,246.37,652,COL-1389-3L36W
1390,Smartphone HP Gen 4 128GB,Electrónica,HP,427.68,633,HP-1390-E2CJF
1391,Mochila de Senderismo Gatorade Profesional Edición Especial,Deportes,Gatorade,225.04,689,GAT-1391-G43M0
1392,Batidora de Pedestal Philips Modelo 9746,Hogar,Philips,774.78,37,PHI-1392-RAW9A
1393,Tapete de Yoga Rawlings Profesional Pro,Deportes,Rawlings,98.44,247,RAW-1393-E2HR5
1394,Laptop Sony Ultra 128GB,Electrónica,Sony,1026.12,171,SON-1394-P52G3
1395,Camiseta Converse Talla XXL Color Negro,Ropa,Converse,16.03,269,CON-1395-OH8J2
1396,Chaqueta de Cuero Levi's Talla XXL Color Gris,Ropa,Levi's,113.22,400,LEV-1396-9JN6M
1397,Camiseta H&M Talla M Color Gris,Ropa,H&M,64.19,247,H&M-1397-BTP5N
1398,Balón de Básquetbol Everlast Profesional Pro,Deportes,Everlast,246.02,369,EVE-1398-J63QP
1399,Suéter Puma Talla XXL Color Rojo,Ropa,Puma,73.58,622,PUM-1399-YDVOH
1400,Licuadora Whirlpool Modelo 5228,Hogar,Whirlpool,137.55,877,WHI-1400-J1MMX
1401,Calcetines (Paquete) Nike Talla S Color Azul,Ropa,Nike,95.61,851,NIK-1401-1HRDR
1402,Camiseta Vans Talla XL Color Azul,Ropa,Vans,44.8,183,VAN-1402-P194W
1403,Tenis Tommy Hilfiger Talla S Color Gris,Ropa,Tommy Hilfiger,146.04,107,TOM-1403-ZCSW4
1404,Suéter Puma Talla M Color Negro,Ropa,Puma,29.52,140,PUM-1404-Y8CX5
1405,Refrigerador Oster Modelo 2590,Hogar,Oster,359.12,185,OST-1405-Q5I8X
1406,Calcetines (Paquete) Calvin Klein Talla XXL Color Gris,Ropa,Calvin Klein,97.44,582,CAL-1406-GQZCD
1407,Tostador Oster Modelo 7101,Hogar,Oster,632.6,768,OST-1407-43A27
1408,Smartphone Lenovo Gen 5 512GB,Electrónica,Lenovo,1669.11,222,LEN-1408-UP30M
1409,Balón de Básquetbol Wilson Profesional Estándar,Deportes,Wilson,224.94,997,WIL-1409-IXPCS
1410,Gorra Puma Talla M Color Negro,Ropa,Puma,133.04,619,PUM-1410-S9SKO
1411,Tostador Whirlpool Modelo 1542,Hogar,Whirlpool,672.12,330,WHI-1411-HBX4D
1412,Tenis Under Armour Talla M Color Negro,Ropa,Under Armour,45.56,998,UND-1412-47V4J
1413,Procesador de Alimentos Black+Decker Modelo 6817,Hogar,Black+Decker,308.98,457,BLA-1413-8YUAC
1414,Tapete de Yoga Everlast Profesional Estándar,Deportes,Everlast,262.24,515,EVE-1414-ZAY0K
1415,Sudadera Tommy Hilfiger Talla M Color Blanco,Ropa,Tommy Hilfiger,37.67,810,TOM-1415-O6SUX
1416,Crema Hidratante Estée Lauder Tono Medio,Belleza y Cuidado Personal,Estée Lauder,24.78,857,EST-1416-GG3X7
1417,Tablet Sony Ultra,Electrónica,Sony,1473.36,635,SON-1417-FZJK6
1418,Shampoo CeraVe Tono Medio,Belleza y Cuidado Personal,CeraVe,99.83,578,CER-1418-DMDFV
1419,Refrigerador Oster Modelo 5203,Hogar,Oster,547.3,361,OST-1419-2OSQ8
1420,Cafetera Koblenz Modelo 7302,Hogar,Koblenz,774.24,90,KOB-1420-H8BPI
1421,Botella de Agua 1L Wilson Profesional Edición Especial,Deportes,Wilson,47.71,437,WIL-1421-W72IX
1422,Tostador Oster Modelo 7442,Hogar,Oster,530.25,214,OST-1422-2B78J
1423,Desmaquillante La Roche-Posay Piel Seca,Belleza y Cuidado Personal,La Roche-Posay,116.91,834,LA -1423-K9TP5
1424,"Monitor 24"" HP Ultra 128GB",Electrónica,HP,1712.26,592,HP-1424-6ZXPN
1425,Aspiradora KitchenAid Modelo 9202,Hogar,KitchenAid,765.93,275,KIT-1425-GXH5H
1426,Gorra H&M Talla M Color Rojo,Ropa,H&M,48.13,170,H&M-1426-AMP2N
1427,Guantes de Box Speedo Profesional Estándar,Deportes,Speedo,246.51,238,SPE-1427-0BPGT
1428,Perfume 100ml MAC Tono Oscuro,Belleza y Cuidado Personal,MAC,33.4,285,MAC-1428-EB9FL
1429,TV 4K Bose Ultra 512GB,Electrónica,Bose,1154.62,744,BOS-1429-VCVSY
1430,Raqueta de Tenis Coleman Profesional Pro,Deportes,Coleman,219.16,902,COL-1430-9T6B7
1431,Suero de Vitamina C Garnier Para todo tipo de piel,Belleza y Cuidado Personal,Garnier,111.77,649,GAR-1431-VZ76L
1432,Tablet Dell Ultra 1TB,Electrónica,Dell,1462.91,523,DEL-1432-1FRYY
1433,Mochila de Senderismo Spalding Profesional Estándar,Deportes,Spalding,100.85,938,SPA-1433-OA5S7
1434,Batidora de Pedestal KitchenAid Modelo 1619,Hogar,KitchenAid,50.05,8,KIT-1434-BMJDY
1435,Goggles de Natación Gatorade Profesional Edición Especial,Deportes,Gatorade,267.71,446,GAT-1435-ZQHSY
1436,Cafetera Ninja Modelo 8646,Hogar,Ninja,505.83,773,NIN-1436-KNQPY
1437,Suéter Calvin Klein Talla XL Color Rojo,Ropa,Calvin Klein,74.07,528,CAL-1437-NSPQQ
1438,Cafetera Koblenz Modelo 1369,Hogar,Koblenz,548.58,295,KOB-1438-16H83
1439,Tostador Mabe Modelo 2295,Hogar,Mabe,548.86,784,MAB-1439-51SR9
1440,Aspiradora Ninja Modelo 8231,Hogar,Ninja,664.0,834,NIN-1440-XIWZ9
1441,Tostador Dyson Modelo 1839,Hogar,Dyson,183.89,58,DYS-1441-A7NG5
1442,Mouse Bose Pro,Electrónica,Bose,1612.53,971,BOS-1442-BESSO
1443,Balón de Básquetbol Coleman Profesional Premium,Deportes,Coleman,138.18,22,COL-1443-VZZ5B
1444,Suero de Vitamina C La Roche-Posay Tono Claro,Belleza y Cuidado Personal,La Roche-Posay,41.16,405,LA -1444-JIWFO
1445,Perfume 100ml Clinique Tono Medio,Belleza y Cuidado Personal,Clinique,67.8,954,CLI-1445-EJZKF
1446,Pantalón de Mezclilla Converse Talla XXL Color Negro,Ropa,Converse,62.79,316,CON-1446-XRJPA
1447,Suero de Vitamina C CeraVe Piel Seca,Belleza y Cuidado Personal,CeraVe,98.65,592,CER-1447-SBOWR
1448,Labial Líquido Garnier Tono Medio,Belleza y Cuidado Personal,Garnier,87.63,779,GAR-1448-CZDNE
1449,Goggles de Natación Yeti Profesional Premium,Deportes,Yeti,268.42,400,YET-1449-1LYB0
1450,Raqueta de Tenis Coleman Profesional Edición Especial,Deportes,Coleman,243.74,817,COL-1450-NUVDC
1451,Calcetines (Paquete) Vans Talla L Color Negro,Ropa,Vans,63.81,551,VAN-1451-H8BOQ
1452,Licuadora Whirlpool Modelo 2413,Hogar,Whirlpool,552.49,257,WHI-1452-4SSL9
1453,Chamarra Converse Talla L Color Gris,Ropa,Converse,63.17,217,CON-1453-KAXNP
1454,Raqueta de Tenis Rawlings Profesional Premium,Deportes,Rawlings,52.61,951,RAW-1454-Z7YKK
1455,Base de Maquillaje L'Oréal Tono Oscuro,Belleza y Cuidado Personal,L'Oréal,104.73,859,L'O-1455-1357U
1456,Camiseta Converse Talla S Color Azul,Ropa,Converse,103.22,523,CON-1456-K93ZC
1457,Goggles de Natación Gatorade Profesional Pro,Deportes,Gatorade,72.67,136,GAT-1457-8DCUJ
1458,Guantes de Box Spalding Profesional Edición Especial,Deportes,Spalding,174.25,954,SPA-1458-DY9V8
1459,Cafetera Mabe Modelo 8562,Hogar,Mabe,138.5,957,MAB-1459-3BZTF
1460,Tenis Puma Talla S Color Rojo,Ropa,Puma,62.12,777,PUM-1460-0I55U
1461,Desmaquillante Dove Tono Oscuro,Belleza y Cuidado Personal,Dove,100.97,75,DOV-1461-FD7NL
1462,Mouse Asus Lite 256GB,Electrónica,Asus,1914.41,73,ASU-1462-M1K77
1463,Raqueta de Tenis CamelBak Profesional Estándar,Deportes,CamelBak,66.22,680,CAM-1463-2TX82
1464,Goggles de Natación Rawlings Profesional Pro,Deportes,Rawlings,200.43,637,RAW-1464-KDVZU
1465,Mancuernas 10kg CamelBak Profesional Pro,Deportes,CamelBak,41.68,977,CAM-1465-MX53K
1466,Pantalón de Mezclilla Adidas Talla XL Color Azul,Ropa,Adidas,128.41,724,ADI-1466-X4IY4
1467,Pantalón de Mezclilla Under Armour Talla M Color Negro,Ropa,Under Armour,94.37,94,UND-1467-3TLCC
1468,Labial Líquido Dove Tono Oscuro,Belleza y Cuidado Personal,Dove,12.65,996,DOV-1468-P73QA
1469,Batidora de Pedestal Koblenz Modelo 8046,Hogar,Koblenz,767.97,101,KOB-1469-UKUS0
1470,Calcetines (Paquete) H&M Talla XL Color Azul,Ropa,H&M,85.33,519,H&M-1470-TZM50
1471,Batidora de Pedestal Oster Modelo 1299,Hogar,Oster,643.42,557,OST-1471-76WSV
1472,Microondas T-fal Modelo 1378,Hogar,T-fal,65.2,437,T-F-1472-LCQJQ
1473,Acondicionador La Roche-Posay Tono Oscuro,Belleza y Cuidado Personal,La Roche-Posay,63.7,106,LA -1473-QAYQP
1474,Calcetines (Paquete) Tommy Hilfiger Talla M Color Rojo,Ropa,Tommy Hilfiger,111.53,390,TOM-1474-S4R2L
1475,Raqueta de Tenis Everlast Profesional Estándar,Deportes,Everlast,183.02,601,EVE-1475-L6O76
1476,Goggles de Natación Yeti Profesional Premium,Deportes,Yeti,19.89,158,YET-1476-289B2
1477,Batidora de Pedestal Oster Modelo 6874,Hogar,Oster,557.81,377,OST-1477-QGPFL
1478,Refrigerador Mabe Modelo 5980,Hogar,Mabe,228.64,483,MAB-1478-Y6PIJ
1479,Smartwatch Asus Lite 256GB,Electrónica,Asus,287.92,564,ASU-1479-RU373
1480,Microondas KitchenAid Modelo 4655,Hogar,KitchenAid,456.67,95,KIT-1480-8RNIV
1481,Freidora de Aire Mabe Modelo 8729,Hogar,Mabe,279.12,778,MAB-1481-XH9DL
1482,Tostador T-fal Modelo 8150,Hogar,T-fal,629.41,362,T-F-1482-2V3H8
1483,Smartwatch Apple Plus 512GB,Electrónica,Apple,2488.88,378,APP-1483-2R01Z
1484,Suero de Vitamina C Dove Tono Medio,Belleza y Cuidado Personal,Dove,77.25,773,DOV-1484-GY6RV
1485,Perfume 100ml Maybelline Tono Medio,Belleza y Cuidado Personal,Maybelline,53.79,806,MAY-1485-62PAH
1486,Sudadera Levi's Talla S Color Azul,Ropa,Levi's,114.54,624,LEV-1486-TUUBV
1487,Perfume 100ml CeraVe Tono Claro,Belleza y Cuidado Personal,CeraVe,65.09,616,CER-1487-DKD4Q
1488,Tienda de Campaña Speedo Profesional Pro,Deportes,Speedo,130.66,157,SPE-1488-7LM78
1489,Tablet Samsung Gen 6 512GB,Electrónica,Samsung,564.53,775,SAM-1489-LP3Z4
1490,Tablet Acer Lite 1TB,Electrónica,Acer,196.62,29,ACE-1490-NDXHO
1491,Cámara Mirrorless Motorola Gen 2 1TB,Electrónica,Motorola,2021.87,528,MOT-1491-VH88N
1492,Microondas Black+Decker Modelo 2438,Hogar,Black+Decker,79.88,513,BLA-1492-J0J2C
1493,Mouse HP Ultra 128GB,Electrónica,HP,1990.76,326,HP-1493-Y6QA8
1494,Tenis Nike Talla XXL Color Gris,Ropa,Nike,125.74,54,NIK-1494-BU9GU
1495,Perfume 100ml Nivea Tono Medio,Belleza y Cuidado Personal,Nivea,71.84,88,NIV-1495-F5A8F
1496,Gorra Vans Talla L Color Gris,Ropa,Vans,20.74,322,VAN-1496-PA3NJ
1497,Teclado Mecánico Motorola Pro 256GB,Electrónica,Motorola,2379.22,354,MOT-1497-RXHBR
1498,Bocina Bluetooth HP Plus 512GB,Electrónica,HP,1178.27,954,HP-1498-IVYBI
1499,Crema Hidratante Dove Tono Claro,Belleza y Cuidado Personal,Dove,86.04,840,DOV-1499-M8Z4C
1500,Aspiradora KitchenAid Modelo 5770,Hogar,KitchenAid,352.25,710,KIT-1500-XG922
1501,Suéter Zara Talla L Color Rojo,Ropa,Zara,143.81,341,ZAR-1501-9I5FJ
1502,Smartphone Bose Pro 1TB,Electrónica,Bose,1996.17,34,BOS-1502-GD6VX
1503,Tenis Under Armour Talla M Color Blanco,Ropa,Under Armour,111.65,293,UND-1503-5UAT1
1504,Chamarra Calvin Klein Talla XXL Color Azul,Ropa,Calvin Klein,90.44,188,CAL-1504-O13LM
1505,Microondas Black+Decker Modelo 6926,Hogar,Black+Decker,44.19,971,BLA-1505-AW7N6
1506,"Monitor 24"" HP Ultra 128GB",Electrónica,HP,2186.13,458,HP-1506-Q4BIJ
1507,Desmaquillante CeraVe Tono Medio,Belleza y Cuidado Personal,CeraVe,115.06,743,CER-1507-1J0Q1
1508,Tablet Xiaomi Lite 512GB,Electrónica,Xiaomi,1325.59,610,XIA-1508-ETKVG
1509,Chaqueta de Cuero Calvin Klein Talla S Color Azul,Ropa,Calvin Klein,106.8,221,CAL-1509-4UMD8
1510,Gorra Calvin Klein Talla L Color Rojo,Ropa,Calvin Klein,54.47,749,CAL-1510-TQSJ2
1511,Short Deportivo Vans Talla XXL Color Negro,Ropa,Vans,111.42,281,VAN-1511-4Q1V8
1512,Camiseta Zara Talla M Color Gris,Ropa,Zara,89.27,481,ZAR-1512-SBI3P
1513,Shampoo L'Oréal Tono Claro,Belleza y Cuidado Personal,L'Oréal,13.2,438,L'O-1513-GKNX5
1514,Balón de Básquetbol Spalding Profesional Estándar,Deportes,Spalding,35.56,844,SPA-1514-57UCR
1515,Microondas Black+Decker Modelo 6374,Hogar,Black+Decker,34.27,453,BLA-1515-X5TM8
1516,Perfume 100ml Dove Tono Medio,Belleza y Cuidado Personal,Dove,81.74,738,DOV-1516-N7Q7W
1517,Mouse Dell Ultra 512GB,Electrónica,Dell,933.92,108,DEL-1517-GAUGH
1518,Tablet Apple Lite 256GB,Electrónica,Apple,2301.18,379,APP-1518-Y6F6O
1519,Refrigerador Dyson Modelo 8498,Hogar,Dyson,262.68,66,DYS-1519-84D8Q
1520,Calcetines (Paquete) Adidas Talla M Color Blanco,Ropa,Adidas,17.88,867,ADI-1520-Q2NK0
1521,Gorra Calvin Klein Talla M Color Gris,Ropa,Calvin Klein,50.67,491,CAL-1521-FJRHN
1522,Suéter Reebok Talla L Color Azul,Ropa,Reebok,112.65,137,REE-1522-FJLPL
1523,Aspiradora Philips Modelo 1916,Hogar,Philips,743.46,795,PHI-1523-E730P
1524,Desmaquillante Clinique Tono Claro,Belleza y Cuidado Personal,Clinique,86.62,498,CLI-1524-9DOVW
1525,Gorra Nike Talla M Color Rojo,Ropa,Nike,90.44,15,NIK-1525-B0J38
1526,Botella de Agua 1L Everlast Profesional Edición Especial,Deportes,Everlast,267.22,704,EVE-1526-HVPSH
1527,Tienda de Campaña Gatorade Profesional Estándar,Deportes,Gatorade,27.71,189,GAT-1527-Z7KRY
1528,Procesador de Alimentos Mabe Modelo 9753,Hogar,Mabe,423.49,621,MAB-1528-B2PR2
1529,Plancha de Vapor Philips Modelo 5827,Hogar,Philips,713.27,716,PHI-1529-KEWNY
1530,Gorra Levi's Talla S Color Blanco,Ropa,Levi's,17.18,823,LEV-1530-QF2N4
1531,Teclado Mecánico Motorola Max,Electrónica,Motorola,1337.62,429,MOT-1531-YMXMB
1532,Botella de Agua 1L Rawlings Profesional Pro,Deportes,Rawlings,44.1,889,RAW-1532-H6HY5
1533,Cafetera Hamilton Beach Modelo 9187,Hogar,Hamilton Beach,376.48,150,HAM-1533-91MZA
1534,Teclado Mecánico HP Lite 1TB,Electrónica,HP,2030.31,247,HP-1534-I3L6E
1535,Calcetines (Paquete) Reebok Talla L Color Rojo,Ropa,Reebok,48.32,330,REE-1535-MX5W0
1536,Freidora de Aire Hamilton Beach Modelo 6239,Hogar,Hamilton Beach,752.32,996,HAM-1536-KKMWT
1537,Shampoo Clinique Tono Claro,Belleza y Cuidado Personal,Clinique,89.7,253,CLI-1537-9RH44
1538,Suéter Puma Talla M Color Blanco,Ropa,Puma,112.82,491,PUM-1538-SLIM0
1539,Gorra Nike Talla L Color Gris,Ropa,Nike,26.24,294,NIK-1539-UQ8VD
1540,Mouse Sony Gen 7 1TB,Electrónica,Sony,108.11,625,SON-1540-0U10V
1541,Labial Líquido Dove Tono Medio,Belleza y Cuidado Personal,Dove,94.03,634,DOV-1541-7YQ9F
1542,Camiseta Calvin Klein Talla L Color Rojo,Ropa,Calvin Klein,109.15,815,CAL-1542-9OVAF
1543,Licuadora Hamilton Beach Modelo 6013,Hogar,Hamilton Beach,282.47,544,HAM-1543-9VZ0J
1544,Raqueta de Tenis Coleman Profesional Premium,Deportes,Coleman,15.0,642,COL-1544-ESYM1
1545,Short Deportivo Under Armour Talla M Color Azul,Ropa,Under Armour,105.95,408,UND-1545-8NLV0
1546,Smartwatch Xiaomi Ultra,Electrónica,Xiaomi,1503.1,832,XIA-1546-TE2K3
1547,Refrigerador Philips Modelo 2592,Hogar,Philips,163.68,99,PHI-1547-BUZ5J
1548,Tenis Calvin Klein Talla M Color Gris,Ropa,Calvin Klein,20.59,351,CAL-1548-OQRYQ
1549,Tablet Dell Pro 128GB,Electrónica,Dell,341.33,858,DEL-1549-K4FLU
1550,Shampoo Maybelline Piel Seca,Belleza y Cuidado Personal,Maybelline,44.47,809,MAY-1550-MBF9X
1551,Pantalón de Mezclilla Tommy Hilfiger Talla L Color Negro,Ropa,Tommy Hilfiger,119.67,20,TOM-1551-UYGU6
1552,Freidora de Aire Philips Modelo 6758,Hogar,Philips,664.68,57,PHI-1552-EJFEU
1553,Tostador Whirlpool Modelo 5423,Hogar,Whirlpool,759.02,247,WHI-1553-PL0GT
1554,Laptop HP Ultra,Electrónica,HP,1475.01,455,HP-1554-IPMUQ
1555,Refrigerador Hamilton Beach Modelo 3485,Hogar,Hamilton Beach,283.47,218,HAM-1555-R0ZAR
1556,Balón de Básquetbol Gatorade Profesional Pro,Deportes,Gatorade,264.18,669,GAT-1556-WNYP4
1557,Cámara Mirrorless Bose Pro,Electrónica,Bose,716.24,758,BOS-1557-4AYAB
1558,Labial Líquido Revlon Tono Oscuro,Belleza y Cuidado Personal,Revlon,105.44,437,REV-1558-RXZWK
1559,Goggles de Natación CamelBak Profesional Edición Especial,Deportes,CamelBak,109.66,541,CAM-1559-ARHCO
1560,Plancha de Vapor T-fal Modelo 4798,Hogar,T-fal,371.07,35,T-F-1560-E4OQF
1561,Smartwatch Asus Lite 256GB,Electrónica,Asus,1969.75,714,ASU-1561-JBIRO
1562,Suero de Vitamina C Nivea Tono Claro,Belleza y Cuidado Personal,Nivea,105.33,814,NIV-1562-4VMHN
1563,Tablet Xiaomi Plus,Electrónica,Xiaomi,2179.69,224,XIA-1563-MQ5L7
1564,Rímel Voluminizador Nivea Tono Medio,Belleza y Cuidado Personal,Nivea,33.52,815,NIV-1564-SQZCI
1565,Smartphone Samsung Ultra 512GB,Electrónica,Samsung,2010.87,482,SAM-1565-V1ZJH
1566,Suero de Vitamina C Dove Piel Seca,Belleza y Cuidado Personal,Dove,110.84,150,DOV-1566-5JV6A
1567,Base de Maquillaje L'Oréal Tono Oscuro,Belleza y Cuidado Personal,L'Oréal,62.19,688,L'O-1567-E4ODL
1568,Mouse HP Pro 128GB,Electrónica,HP,2093.95,270,HP-1568-XUF4J
1569,Licuadora Mabe Modelo 6087,Hogar,Mabe,332.18,120,MAB-1569-D2E3L
1570,Tapete de Yoga Coleman Profesional Edición Especial,Deportes,Coleman,168.14,137,COL-1570-PPK58
1571,Goggles de Natación Rawlings Profesional Estándar,Deportes,Rawlings,22.36,573,RAW-1571-AISXB
1572,Pantalón de Mezclilla Adidas Talla XXL Color Azul,Ropa,Adidas,72.21,978,ADI-1572-AJUQC
1573,Camiseta Zara Talla XL Color Negro,Ropa,Zara,133.65,177,ZAR-1573-9YGL3
1574,Guantes de Box Yeti Profesional Estándar,Deportes,Yeti,58.51,662,YET-1574-UFNSO
1575,Microondas Hamilton Beach Modelo 2754,Hogar,Hamilton Beach,223.43,85,HAM-1575-4LGJC
1576,Freidora de Aire Oster Modelo 5665,Hogar,Oster,194.98,350,OST-1576-4RDDL
1577,Suero de Vitamina C Nivea Tono Oscuro,Belleza y Cuidado Personal,Nivea,91.37,578,NIV-1577-4U64C
1578,Bocina Bluetooth Apple Lite,Electrónica,Apple,396.27,646,APP-1578-31NHL
1579,TV 4K Acer Lite 1TB,Electrónica,Acer,1870.57,177,ACE-1579-FD5JW
1580,Suero de Vitamina C Revlon Tono Claro,Belleza y Cuidado Personal,Revlon,71.42,819,REV-1580-IMTKU
1581,Tienda de Campaña Spalding Profesional Edición Especial,Deportes,Spalding,33.82,562,SPA-1581-A2QOX
1582,Tenis Tommy Hilfiger Talla M Color Negro,Ropa,Tommy Hilfiger,96.04,310,TOM-1582-DBNOL
1583,Suéter Puma Talla S Color Rojo,Ropa,Puma,52.6,353,PUM-1583-WLR3C
1584,Mancuernas 10kg Rawlings Profesional Pro,Deportes,Rawlings,79.08,837,RAW-1584-ZN5EP
1585,Sudadera Puma Talla XXL Color Blanco,Ropa,Puma,139.41,106,PUM-1585-LGVQR
1586,Licuadora KitchenAid Modelo 9955,Hogar,KitchenAid,391.17,826,KIT-1586-NG6VK
1587,Laptop JBL Pro 256GB,Electrónica,JBL,1003.32,175,JBL-1587-0VUOZ
1588,Procesador de Alimentos Oster Modelo 6791,Hogar,Oster,515.59,950,OST-1588-SRDDL
1589,Bocina Bluetooth Acer Max 512GB,Electrónica,Acer,2452.41,236,ACE-1589-EZMX8
1590,Tienda de Campaña Yeti Profesional Pro,Deportes,Yeti,10.99,162,YET-1590-JBTG6
1591,Rímel Voluminizador L'Oréal Tono Oscuro,Belleza y Cuidado Personal,L'Oréal,35.16,865,L'O-1591-W1APR
1592,Short Deportivo Adidas Talla XXL Color Azul,Ropa,Adidas,30.04,295,ADI-1592-YXIE2
1593,"Monitor 24"" Asus Lite",Electrónica,Asus,1371.31,935,ASU-1593-1YT6I
1594,Guantes de Box Gatorade Profesional Premium,Deportes,Gatorade,126.93,105,GAT-1594-VG8QX
1595,Labial Líquido L'Oréal Piel Seca,Belleza y Cuidado Personal,L'Oréal,39.47,212,L'O-1595-O9RXP
1596,Raqueta de Tenis Yeti Profesional Pro,Deportes,Yeti,30.83,253,YET-1596-GLZG8
1597,Balón de Básquetbol Gatorade Profesional Estándar,Deportes,Gatorade,147.48,750,GAT-1597-L9CP6
1598,Refrigerador Philips Modelo 7241,Hogar,Philips,337.87,959,PHI-1598-DKOTK
1599,Balón de Básquetbol Speedo Profesional Edición Especial,Deportes,Speedo,219.0,908,SPE-1599-R7JG1
1600,Chamarra Calvin Klein Talla XL Color Rojo,Ropa,Calvin Klein,70.19,71,CAL-1600-SBHFJ
1601,Camiseta Under Armour Talla L Color Rojo,Ropa,Under Armour,136.92,823,UND-1601-ZU0LK
1602,Balón de Básquetbol CamelBak Profesional Estándar,Deportes,CamelBak,113.2,598,CAM-1602-7XG6M
1603,Tienda de Campaña CamelBak Profesional Pro,Deportes,CamelBak,49.97,264,CAM-1603-Q14AM
1604,Desmaquillante Dove Tono Medio,Belleza y Cuidado Personal,Dove,22.51,470,DOV-1604-XND4J
1605,Tablet Lenovo Pro 512GB,Electrónica,Lenovo,1043.73,483,LEN-1605-GVH3M
1606,Raqueta de Tenis Everlast Profesional Estándar,Deportes,Everlast,194.81,588,EVE-1606-XJ5QI
1607,Raqueta de Tenis Gatorade Profesional Pro,Deportes,Gatorade,279.23,442,GAT-1607-EGSCZ
1608,Acondicionador La Roche-Posay Piel Seca,Belleza y Cuidado Personal,La Roche-Posay,91.95,950,LA -1608-63CEP
1609,Perfume 100ml Estée Lauder Tono Oscuro,Belleza y Cuidado Personal,Estée Lauder,85.2,312,EST-1609-YE5JM
1610,Freidora de Aire Whirlpool Modelo 5663,Hogar,Whirlpool,650.9,910,WHI-1610-BYI0T
1611,Balón de Básquetbol Wilson Profesional Premium,Deportes,Wilson,59.68,297,WIL-1611-FLGKF
1612,Base de Maquillaje Dove Piel Seca,Belleza y Cuidado Personal,Dove,40.27,191,DOV-1612-NFYQN
1613,Aspiradora Hamilton Beach Modelo 3015,Hogar,Hamilton Beach,516.13,965,HAM-1613-8O62Y
1614,Tostador KitchenAid Modelo 2107,Hogar,KitchenAid,409.34,11,KIT-1614-1V66R
1615,Shampoo Maybelline Tono Oscuro,Belleza y Cuidado Personal,Maybelline,20.57,757,MAY-1615-20HAK
1616,Suero de Vitamina C CeraVe Piel Seca,Belleza y Cuidado Personal,CeraVe,92.93,611,CER-1616-U9LXB
1617,Tapete de Yoga Rawlings Profesional Edición Especial,Deportes,Rawlings,77.51,28,RAW-1617-JRKCI
1618,Bocina Bluetooth Acer Max 128GB,Electrónica,Acer,376.82,662,ACE-1618-2YRD5
1619,Crema Hidratante L'Oréal Tono Claro,Belleza y Cuidado Personal,L'Oréal,108.55,230,L'O-1619-7LC5Z
1620,Audífonos Inalámbricos Asus Lite 128GB,Electrónica,Asus,1759.09,642,ASU-1620-FAEUS
1621,Suéter Zara Talla XXL Color Gris,Ropa,Zara,63.69,13,ZAR-1621-IDSES
1622,Raqueta de Tenis Rawlings Profesional Premium,Deportes,Rawlings,144.7,389,RAW-1622-W6W2N
1623,Tenis Converse Talla XL Color Blanco,Ropa,Converse,98.66,59,CON-1623-9TFAB
1624,Chaqueta de Cuero Vans Talla S Color Rojo,Ropa,Vans,79.8,588,VAN-1624-5NROQ
1625,Batidora de Pedestal Black+Decker Modelo 3765,Hogar,Black+Decker,440.87,759,BLA-1625-2MBRF
1626,Goggles de Natación Everlast Profesional Edición Especial,Deportes,Everlast,77.92,296,EVE-1626-1WOVQ
1627,Tapete de Yoga Yeti Profesional Edición Especial,Deportes,Yeti,237.31,800,YET-1627-XS8MX
1628,Mouse Sony Gen 4 512GB,Electrónica,Sony,826.49,417,SON-1628-KZ1JC
1629,Mancuernas 10kg Yeti Profesional Pro,Deportes,Yeti,253.64,505,YET-1629-LUURJ
1630,Batidora de Pedestal Oster Modelo 1542,Hogar,Oster,373.82,300,OST-1630-206YV
1631,Short Deportivo Calvin Klein Talla L Color Rojo,Ropa,Calvin Klein,126.22,80,CAL-1631-9EM2M
1632,Crema Hidratante L'Oréal Piel Seca,Belleza y Cuidado Personal,L'Oréal,89.88,335,L'O-1632-IIH2S
1633,Gorra Under Armour Talla M Color Azul,Ropa,Under Armour,80.93,697,UND-1633-RK7LS
1634,Smartphone Motorola Ultra 1TB,Electrónica,Motorola,1584.93,850,MOT-1634-ZSLR2
1635,Shampoo CeraVe Tono Claro,Belleza y Cuidado Personal,CeraVe,97.19,317,CER-1635-90QB4
1636,TV 4K Dell Pro 1TB,Electrónica,Dell,1629.58,749,DEL-1636-MC6R8
1637,Calcetines (Paquete) Levi's Talla L Color Blanco,Ropa,Levi's,35.5,523,LEV-1637-9TGZO
1638,Desmaquillante Maybelline Tono Claro,Belleza y Cuidado Personal,Maybelline,42.5,712,MAY-1638-JPDJU
1639,Camiseta Levi's Talla XL Color Rojo,Ropa,Levi's,23.12,908,LEV-1639-TDO0A
1640,Batidora de Pedestal Whirlpool Modelo 4211,Hogar,Whirlpool,720.32,593,WHI-1640-CJYL8
1641,Tienda de Campaña Gatorade Profesional Premium,Deportes,Gatorade,293.88,578,GAT-1641-LL2MY
1642,Tablet Lenovo Lite,Electrónica,Lenovo,498.28,459,LEN-1642-VXVKS
1643,Bocina Bluetooth Acer Plus 512GB,Electrónica,Acer,701.77,40,ACE-1643-O50NG
1644,Protector Solar SPF 50 L'Oréal Tono Oscuro,Belleza y Cuidado Personal,L'Oréal,28.71,608,L'O-1644-D774C
1645,Laptop LG Gen 8,Electrónica,LG,993.11,374,LG-1645-PJXWE
1646,"Monitor 24"" Lenovo Ultra",Electrónica,Lenovo,1696.43,349,LEN-1646-SJCK5
1647,Plancha de Vapor Oster Modelo 8723,Hogar,Oster,74.06,652,OST-1647-1A505
1648,Tapete de Yoga CamelBak Profesional Pro,Deportes,CamelBak,143.65,498,CAM-1648-RKJ80
1649,Batidora de Pedestal T-fal Modelo 6537,Hogar,T-fal,186.68,971,T-F-1649-5VRDH
1650,Botella de Agua 1L Spalding Profesional Edición Especial,Deportes,Spalding,106.03,157,SPA-1650-H3SEV
1651,Labial Líquido CeraVe Piel Seca,Belleza y Cuidado Personal,CeraVe,29.12,731,CER-1651-7IM9D
1652,Microondas T-fal Modelo 5167,Hogar,T-fal,274.26,943,T-F-1652-DOYZC
1653,Raqueta de Tenis Gatorade Profesional Edición Especial,Deportes,Gatorade,278.24,803,GAT-1653-D2JN8
1654,Tienda de Campaña Rawlings Profesional Estándar,Deportes,Rawlings,273.59,54,RAW-1654-AZL9W
1655,Teclado Mecánico JBL Max 512GB,Electrónica,JBL,264.72,152,JBL-1655-F7MTJ
1656,Suéter Tommy Hilfiger Talla L Color Gris,Ropa,Tommy Hilfiger,144.3,872,TOM-1656-HTF0N
1657,Refrigerador Mabe Modelo 3207,Hogar,Mabe,461.24,446,MAB-1657-Y32YW
1658,Guantes de Box Yeti Profesional Pro,Deportes,Yeti,138.33,193,YET-1658-LJVLX
1659,Licuadora Ninja Modelo 1514,Hogar,Ninja,142.93,801,NIN-1659-VWK3V
1660,Crema Hidratante Revlon Tono Claro,Belleza y Cuidado Personal,Revlon,115.4,919,REV-1660-H5DF2
1661,Shampoo Maybelline Para todo tipo de piel,Belleza y Cuidado Personal,Maybelline,99.47,40,MAY-1661-QBDEJ
1662,Tablet Sony Gen 7,Electrónica,Sony,2002.12,694,SON-1662-EW0OU
1663,Smartwatch HP Gen 3 1TB,Electrónica,HP,1893.5,386,HP-1663-DE588
1664,Perfume 100ml Dove Tono Claro,Belleza y Cuidado Personal,Dove,51.87,996,DOV-1664-B4IFR
1665,Aspiradora Philips Modelo 2900,Hogar,Philips,651.03,981,PHI-1665-46JG1
1666,Teclado Mecánico LG Max 256GB,Electrónica,LG,572.35,387,LG-1666-CDE0M
1667,"Monitor 24"" Acer Pro 128GB",Electrónica,Acer,137.87,503,ACE-1667-Z3W7J
1668,Suero de Vitamina C CeraVe Tono Claro,Belleza y Cuidado Personal,CeraVe,117.87,154,CER-1668-9SKP6
1669,Perfume 100ml Nivea Piel Seca,Belleza y Cuidado Personal,Nivea,40.9,558,NIV-1669-J4S5Y
1670,Teclado Mecánico Acer Lite,Electrónica,Acer,2432.65,566,ACE-1670-BO1M5
1671,TV 4K Bose Plus 1TB,Electrónica,Bose,1137.38,844,BOS-1671-0JZ08
1672,Raqueta de Tenis Wilson Profesional Estándar,Deportes,Wilson,271.74,991,WIL-1672-I7DK5
1673,Acondicionador Revlon Tono Medio,Belleza y Cuidado Personal,Revlon,44.26,858,REV-1673-UD6FM
1674,Suéter Vans Talla M Color Gris,Ropa,Vans,86.06,884,VAN-1674-J8ME5
1675,Raqueta de Tenis Rawlings Profesional Pro,Deportes,Rawlings,279.07,547,RAW-1675-YG70D
1676,Tablet JBL Lite 256GB,Electrónica,JBL,679.57,629,JBL-1676-HT4RC
1677,Teclado Mecánico LG Gen 10 1TB,Electrónica,LG,515.06,678,LG-1677-5Z2O5
1678,Refrigerador Mabe Modelo 8282,Hogar,Mabe,606.71,6,MAB-1678-3E4P9
1679,Sudadera Adidas Talla L Color Negro,Ropa,Adidas,86.43,378,ADI-1679-BK99G
1680,Short Deportivo Reebok Talla S Color Rojo,Ropa,Reebok,81.65,553,REE-1680-KXA1Z
1681,Tienda de Campaña Speedo Profesional Premium,Deportes,Speedo,119.85,182,SPE-1681-E8BUM
1682,Licuadora Koblenz Modelo 1104,Hogar,Koblenz,332.54,67,KOB-1682-NCOXT
1683,Pantalón de Mezclilla H&M Talla XL Color Azul,Ropa,H&M,123.76,90,H&M-1683-4WA1F
1684,Bocina Bluetooth HP Gen 1 512GB,Electrónica,HP,2051.8,256,HP-1684-BKXKN
1685,"Monitor 24"" Motorola Gen 7 128GB",Electrónica,Motorola,1457.09,175,MOT-1685-CG23M
1686,Chamarra Adidas Talla XL Color Blanco,Ropa,Adidas,81.56,718,ADI-1686-G85KW
1687,Short Deportivo H&M Talla XXL Color Rojo,Ropa,H&M,149.43,738,H&M-1687-0L0SG
1688,Chaqueta de Cuero Tommy Hilfiger Talla M Color Rojo,Ropa,Tommy Hilfiger,102.74,354,TOM-1688-JFPG1
1689,Cafetera KitchenAid Modelo 6485,Hogar,KitchenAid,653.4,430,KIT-1689-WA9G9
1690,"Monitor 24"" Asus Pro 256GB",Electrónica,Asus,1389.48,532,ASU-1690-EETJY
1691,"Monitor 24"" Apple Gen 5 1TB",Electrónica,Apple,2373.02,60,APP-1691-O6NVZ
1692,Balón de Básquetbol Yeti Profesional Estándar,Deportes,Yeti,68.36,57,YET-1692-70DUU
1693,Refrigerador Ninja Modelo 9610,Hogar,Ninja,439.87,963,NIN-1693-93RHE
1694,Sudadera Adidas Talla XXL Color Azul,Ropa,Adidas,30.45,952,ADI-1694-AOBTG
1695,Smartphone Asus Lite 512GB,Electrónica,Asus,116.43,315,ASU-1695-Z2TNH
1696,Shampoo Garnier Tono Oscuro,Belleza y Cuidado Personal,Garnier,63.88,388,GAR-1696-VNF5Y
1697,Cámara Mirrorless Dell Ultra 128GB,Electrónica,Dell,1026.31,127,DEL-1697-HEP56
1698,Audífonos Inalámbricos Xiaomi Plus 512GB,Electrónica,Xiaomi,1407.44,364,XIA-1698-DYKFS
1699,Tienda de Campaña Spalding Profesional Edición Especial,Deportes,Spalding,254.56,387,SPA-1699-3NXL7
1700,Goggles de Natación Everlast Profesional Pro,Deportes,Everlast,117.29,878,EVE-1700-NMWLP
1701,Protector Solar SPF 50 Nivea Tono Medio,Belleza y Cuidado Personal,Nivea,6.79,331,NIV-1701-MKFKW
1702,Microondas Hamilton Beach Modelo 5461,Hogar,Hamilton Beach,447.4,752,HAM-1702-KU2E1
1703,Camiseta Zara Talla XXL Color Gris,Ropa,Zara,104.49,573,ZAR-1703-ZC7L4
1704,Calcetines (Paquete) Tommy Hilfiger Talla M Color Negro,Ropa,Tommy Hilfiger,104.74,232,TOM-1704-ASROS
1705,Mochila de Senderismo Yeti Profesional Edición Especial,Deportes,Yeti,40.63,247,YET-1705-F2KM5
1706,"Monitor 24"" Motorola Gen 3 512GB",Electrónica,Motorola,450.19,648,MOT-1706-HP19C
1707,Bocina Bluetooth Bose Ultra 128GB,Electrónica,Bose,846.37,984,BOS-1707-PCGI1
1708,Guantes de Box Spalding Profesional Estándar,Deportes,Spalding,241.5,189,SPA-1708-TGH2G
1709,Rímel Voluminizador Dove Tono Oscuro,Belleza y Cuidado Personal,Dove,31.82,396,DOV-1709-1Z5UZ
1710,Bocina Bluetooth HP Max 128GB,Electrónica,HP,718.99,637,HP-1710-0WX6D
1711,Laptop JBL Lite 128GB,Electrónica,JBL,1967.58,734,JBL-1711-QTRMI
1712,Mouse HP Ultra 128GB,Electrónica,HP,1468.88,48,HP-1712-R3YGI
1713,Tablet Dell Pro 1TB,Electrónica,Dell,2056.4,450,DEL-1713-EPK1Q
1714,Aspiradora Mabe Modelo 4704,Hogar,Mabe,34.79,856,MAB-1714-LSIDM
1715,Gorra H&M Talla L Color Rojo,Ropa,H&M,57.75,966,H&M-1715-5O25J
1716,Labial Líquido Clinique Para todo tipo de piel,Belleza y Cuidado Personal,Clinique,107.74,324,CLI-1716-PGKWN
1717,Tablet HP Ultra 1TB,Electrónica,HP,2095.84,578,HP-1717-VIOZC
1718,Labial Líquido Dove Para todo tipo de piel,Belleza y Cuidado Personal,Dove,82.49,314,DOV-1718-SD34F
1719,Mancuernas 10kg CamelBak Profesional Pro,Deportes,CamelBak,173.81,866,CAM-1719-7QC33
1720,Rímel Voluminizador MAC Para todo tipo de piel,Belleza y Cuidado Personal,MAC,104.75,254,MAC-1720-1LUZT
1721,Chamarra Reebok Talla XXL Color Rojo,Ropa,Reebok,101.81,490,REE-1721-AV9KP
1722,Tenis Converse Talla S Color Rojo,Ropa,Converse,121.81,458,CON-1722-QXTX5
1723,Tablet Lenovo Gen 2,Electrónica,Lenovo,624.96,856,LEN-1723-190VJ
1724,Calcetines (Paquete) Under Armour Talla XXL Color Rojo,Ropa,Under Armour,65.74,248,UND-1724-7RGM5
1725,Base de Maquillaje Revlon Tono Oscuro,Belleza y Cuidado Personal,Revlon,44.12,708,REV-1725-V8R2Z
1726,Shampoo Revlon Tono Oscuro,Belleza y Cuidado Personal,Revlon,91.33,365,REV-1726-N4L0A
1727,Cámara Mirrorless Lenovo Plus 256GB,Electrónica,Lenovo,2381.52,976,LEN-1727-9220D
1728,Laptop Apple Gen 5 512GB,Electrónica,Apple,2446.82,629,APP-1728-B5P5B
1729,Balón de Básquetbol Rawlings Profesional Edición Especial,Deportes,Rawlings,252.08,575,RAW-1729-EQKDH
1730,Camiseta Adidas Talla M Color Gris,Ropa,Adidas,43.38,965,ADI-1730-RGUMG
1731,Suero de Vitamina C Dove Piel Seca,Belleza y Cuidado Personal,Dove,105.94,725,DOV-1731-MV0PM
1732,Base de Maquillaje Nivea Tono Medio,Belleza y Cuidado Personal,Nivea,26.59,965,NIV-1732-I2IB2
1733,Sudadera Levi's Talla XXL Color Blanco,Ropa,Levi's,19.34,243,LEV-1733-Y9108
1734,Freidora de Aire T-fal Modelo 5709,Hogar,T-fal,771.31,247,T-F-1734-W0LNW
1735,Freidora de Aire T-fal Modelo 9736,Hogar,T-fal,30.62,925,T-F-1735-E604H
1736,Plancha de Vapor Whirlpool Modelo 3673,Hogar,Whirlpool,577.66,716,WHI-1736-P2IS7
1737,Calcetines (Paquete) Calvin Klein Talla S Color Azul,Ropa,Calvin Klein,46.56,328,CAL-1737-KEJVN
1738,Tienda de Campaña Wilson Profesional Premium,Deportes,Wilson,123.01,343,WIL-1738-ZF6LZ
1739,Smartphone Motorola Ultra,Electrónica,Motorola,1185.92,334,MOT-1739-EI559
1740,Teclado Mecánico JBL Lite 256GB,Electrónica,JBL,1170.2,108,JBL-1740-L25JU
1741,Chaqueta de Cuero H&M Talla XL Color Gris,Ropa,H&M,15.88,566,H&M-1741-58BMM
1742,Freidora de Aire Ninja Modelo 6039,Hogar,Ninja,520.18,509,NIN-1742-A0X03
1743,Chamarra Zara Talla XL Color Gris,Ropa,Zara,79.25,937,ZAR-1743-K82JP
1744,Cámara Mirrorless JBL Pro,Electrónica,JBL,2170.37,481,JBL-1744-E98OM
1745,Microondas Oster Modelo 5399,Hogar,Oster,478.06,928,OST-1745-0CXH3
1746,Teclado Mecánico Xiaomi Gen 4,Electrónica,Xiaomi,1241.04,633,XIA-1746-6183E
1747,Calcetines (Paquete) Under Armour Talla S Color Blanco,Ropa,Under Armour,77.99,18,UND-1747-HT2DF
1748,TV 4K Xiaomi Gen 1 1TB,Electrónica,Xiaomi,1289.04,339,XIA-1748-R3UB8
1749,Mancuernas 10kg Wilson Profesional Pro,Deportes,Wilson,80.92,733,WIL-1749-GQBMM
1750,TV 4K Motorola Ultra 512GB,Electrónica,Motorola,1040.35,428,MOT-1750-ZE746
1751,Short Deportivo Levi's Talla XL Color Negro,Ropa,Levi's,148.78,832,LEV-1751-DKX6V
1752,Protector Solar SPF 50 MAC Tono Oscuro,Belleza y Cuidado Personal,MAC,80.97,71,MAC-1752-OLY4R
1753,Suero de Vitamina C Dove Tono Medio,Belleza y Cuidado Personal,Dove,5.25,148,DOV-1753-NO6S2
1754,Licuadora Hamilton Beach Modelo 2692,Hogar,Hamilton Beach,494.02,906,HAM-1754-K86AQ
1755,Cafetera T-fal Modelo 2779,Hogar,T-fal,213.62,720,T-F-1755-SUKBV
1756,Pantalón de Mezclilla Calvin Klein Talla XXL Color Negro,Ropa,Calvin Klein,16.54,265,CAL-1756-A0ON8
1757,Gorra Tommy Hilfiger Talla M Color Negro,Ropa,Tommy Hilfiger,19.09,993,TOM-1757-YLID0
1758,Cámara Mirrorless Lenovo Lite 128GB,Electrónica,Lenovo,2401.86,470,LEN-1758-QD4N7
1759,Plancha de Vapor Oster Modelo 9838,Hogar,Oster,211.23,97,OST-1759-IU2BI
1760,Plancha de Vapor KitchenAid Modelo 8123,Hogar,KitchenAid,351.22,310,KIT-1760-X8M38
1761,Balón de Básquetbol Gatorade Profesional Estándar,Deportes,Gatorade,122.1,94,GAT-1761-RQNX7
1762,Sudadera Reebok Talla XXL Color Blanco,Ropa,Reebok,68.19,375,REE-1762-69STQ
1763,Perfume 100ml Nivea Para todo tipo de piel,Belleza y Cuidado Personal,Nivea,99.93,393,NIV-1763-HEDQ1
1764,Smartphone Samsung Max 256GB,Electrónica,Samsung,2049.21,627,SAM-1764-JKWVA
1765,Calcetines (Paquete) Calvin Klein Talla M Color Rojo,Ropa,Calvin Klein,26.06,716,CAL-1765-ZVJ81
1766,Crema Hidratante Estée Lauder Para todo tipo de piel,Belleza y Cuidado Personal,Estée Lauder,105.69,679,EST-1766-QQ1VA
1767,Mochila de Senderismo Coleman Profesional Premium,Deportes,Coleman,222.03,665,COL-1767-PAWUJ
1768,Base de Maquillaje Maybelline Para todo tipo de piel,Belleza y Cuidado Personal,Maybelline,58.5,527,MAY-1768-JDM8O
1769,Batidora de Pedestal Whirlpool Modelo 7354,Hogar,Whirlpool,401.16,105,WHI-1769-7D79B
1770,Tienda de Campaña Speedo Profesional Edición Especial,Deportes,Speedo,18.38,552,SPE-1770-AGM57
1771,Tablet Motorola Ultra 1TB,Electrónica,Motorola,1986.23,863,MOT-1771-19RJW
1772,"Monitor 24"" Xiaomi Gen 2 256GB",Electrónica,Xiaomi,1914.29,283,XIA-1772-YTBCK
1773,Smartwatch Sony Pro 1TB,Electrónica,Sony,1891.69,986,SON-1773-E9VT7
1774,Calcetines (Paquete) Zara Talla XXL Color Azul,Ropa,Zara,45.38,747,ZAR-1774-OETZW
1775,Chamarra Vans Talla XL Color Negro,Ropa,Vans,63.06,761,VAN-1775-EXU0T
1776,Aspiradora Koblenz Modelo 2143,Hogar,Koblenz,281.96,226,KOB-1776-0L4HH
1777,Perfume 100ml MAC Tono Claro,Belleza y Cuidado Personal,MAC,24.65,247,MAC-1777-IIB1E
1778,Crema Hidratante L'Oréal Tono Medio,Belleza y Cuidado Personal,L'Oréal,39.39,198,L'O-1778-UVHBN
1779,Camiseta Nike Talla L Color Azul,Ropa,Nike,100.09,149,NIK-1779-D2P2M
1780,Laptop Bose Pro 256GB,Electrónica,Bose,2444.6,703,BOS-1780-DJ13V
1781,Microondas Ninja Modelo 7288,Hogar,Ninja,772.05,596,NIN-1781-B09ZE
1782,Labial Líquido Nivea Para todo tipo de piel,Belleza y Cuidado Personal,Nivea,6.12,840,NIV-1782-AA31I
1783,"Monitor 24"" JBL Max 512GB",Electrónica,JBL,1694.12,687,JBL-1783-1TMDW
1784,Cafetera Dyson Modelo 2349,Hogar,Dyson,363.79,633,DYS-1784-E48DN
1785,Plancha de Vapor Mabe Modelo 5304,Hogar,Mabe,183.02,987,MAB-1785-8NK90
1786,Smartphone LG Max 512GB,Electrónica,LG,1183.83,623,LG-1786-RSV2H
1787,Raqueta de Tenis Rawlings Profesional Pro,Deportes,Rawlings,127.88,488,RAW-1787-CI3IR
1788,Acondicionador Maybelline Piel Seca,Belleza y Cuidado Personal,Maybelline,28.33,253,MAY-1788-B2KCR
1789,Crema Hidratante Estée Lauder Para todo tipo de piel,Belleza y Cuidado Personal,Estée Lauder,49.85,356,EST-1789-O60EU
1790,Pantalón de Mezclilla H&M Talla L Color Negro,Ropa,H&M,22.86,982,H&M-1790-9U5MK
1791,Botella de Agua 1L Rawlings Profesional Premium,Deportes,Rawlings,140.89,735,RAW-1791-FMXFA
1792,Freidora de Aire Whirlpool Modelo 8044,Hogar,Whirlpool,184.64,261,WHI-1792-VTPJP
1793,Balón de Básquetbol Everlast Profesional Edición Especial,Deportes,Everlast,20.23,850,EVE-1793-QAXYR
1794,"Monitor 24"" Apple Lite 128GB",Electrónica,Apple,2183.02,910,APP-1794-PBXQE
1795,Suero de Vitamina C Estée Lauder Tono Oscuro,Belleza y Cuidado Personal,Estée Lauder,28.29,393,EST-1795-CYV4M
1796,Calcetines (Paquete) Tommy Hilfiger Talla M Color Blanco,Ropa,Tommy Hilfiger,128.57,847,TOM-1796-TXFWE
1797,Chamarra Vans Talla XL Color Negro,Ropa,Vans,127.25,184,VAN-1797-H82N3
1798,Raqueta de Tenis Spalding Profesional Edición Especial,Deportes,Spalding,248.04,36,SPA-1798-WJYU4
1799,Aspiradora Mabe Modelo 5820,Hogar,Mabe,600.08,326,MAB-1799-Q6PVO
1800,Procesador de Alimentos Ninja Modelo 7012,Hogar,Ninja,471.35,620,NIN-1800-B65ER
1801,Aspiradora Philips Modelo 6101,Hogar,Philips,461.84,658,PHI-1801-3318P
1802,Cafetera Koblenz Modelo 5113,Hogar,Koblenz,424.78,55,KOB-1802-8R7LS
1803,Mancuernas 10kg Rawlings Profesional Premium,Deportes,Rawlings,167.89,486,RAW-1803-4FK87
1804,Tienda de Campaña Rawlings Profesional Estándar,Deportes,Rawlings,91.5,238,RAW-1804-MXVXC
1805,Gorra Zara Talla XL Color Azul,Ropa,Zara,28.9,819,ZAR-1805-XPREY
1806,Desmaquillante Estée Lauder Tono Claro,Belleza y Cuidado Personal,Estée Lauder,94.31,61,EST-1806-9BF4X
1807,Acondicionador Dove Tono Oscuro,Belleza y Cuidado Personal,Dove,27.84,883,DOV-1807-P5O20
1808,Pantalón de Mezclilla Puma Talla XXL Color Rojo,Ropa,Puma,149.1,906,PUM-1808-9V0BW
1809,Teclado Mecánico LG Max,Electrónica,LG,660.18,297,LG-1809-ZHSA6
1810,Botella de Agua 1L Speedo Profesional Edición Especial,Deportes,Speedo,115.88,401,SPE-1810-UPPQM
1811,Base de Maquillaje Garnier Piel Seca,Belleza y Cuidado Personal,Garnier,23.47,643,GAR-1811-BDWMN
1812,Chaqueta de Cuero Vans Talla L Color Negro,Ropa,Vans,63.32,329,VAN-1812-MFR2J
1813,Desmaquillante Clinique Piel Seca,Belleza y Cuidado Personal,Clinique,69.1,677,CLI-1813-CPJY8
1814,Aspiradora Dyson Modelo 8336,Hogar,Dyson,174.21,287,DYS-1814-DNHF1
1815,Pantalón de Mezclilla Puma Talla L Color Gris,Ropa,Puma,59.24,889,PUM-1815-D3RQI
1816,Batidora de Pedestal Mabe Modelo 2166,Hogar,Mabe,135.11,322,MAB-1816-FLIJ5
1817,Pantalón de Mezclilla H&M Talla XL Color Gris,Ropa,H&M,35.46,595,H&M-1817-UNF9V
1818,Tapete de Yoga Speedo Profesional Edición Especial,Deportes,Speedo,141.78,510,SPE-1818-AN73Y
1819,Chaqueta de Cuero Converse Talla XXL Color Gris,Ropa,Converse,92.18,700,CON-1819-1SWJY
1820,Smartphone LG Lite 128GB,Electrónica,LG,2310.42,521,LG-1820-U4PCB
1821,Labial Líquido Clinique Piel Seca,Belleza y Cuidado Personal,Clinique,91.94,415,CLI-1821-NRRE1
1822,Base de Maquillaje Nivea Piel Seca,Belleza y Cuidado Personal,Nivea,42.04,599,NIV-1822-U2EVA
1823,Aspiradora KitchenAid Modelo 8281,Hogar,KitchenAid,133.58,786,KIT-1823-Y7R7I
1824,Labial Líquido Revlon Tono Oscuro,Belleza y Cuidado Personal,Revlon,6.29,88,REV-1824-H75K0
1825,TV 4K Acer Gen 4 256GB,Electrónica,Acer,2472.21,241,ACE-1825-LBO1W
1826,Sudadera Vans Talla XXL Color Negro,Ropa,Vans,17.0,481,VAN-1826-ZMWED
1827,Acondicionador MAC Tono Medio,Belleza y Cuidado Personal,MAC,81.23,256,MAC-1827-0PM1Y
1828,Refrigerador Mabe Modelo 5333,Hogar,Mabe,65.19,511,MAB-1828-UN9JK
1829,Tenis Levi's Talla M Color Azul,Ropa,Levi's,48.65,632,LEV-1829-YU8PD
1830,Desmaquillante Dove Tono Oscuro,Belleza y Cuidado Personal,Dove,72.09,321,DOV-1830-YBR7V
1831,Sudadera Zara Talla L Color Rojo,Ropa,Zara,24.67,214,ZAR-1831-5PXB6
1832,Tostador Dyson Modelo 9357,Hogar,Dyson,310.68,733,DYS-1832-253I7
1833,Tostador Oster Modelo 4353,Hogar,Oster,780.04,265,OST-1833-U74NF
1834,Goggles de Natación Wilson Profesional Pro,Deportes,Wilson,25.18,785,WIL-1834-FC3ES
1835,Licuadora T-fal Modelo 7546,Hogar,T-fal,428.02,819,T-F-1835-BNKKR
1836,TV 4K Apple Max 256GB,Electrónica,Apple,256.63,300,APP-1836-E2HFE
1837,Acondicionador Maybelline Piel Seca,Belleza y Cuidado Personal,Maybelline,102.56,160,MAY-1837-6OPVI
1838,Licuadora Oster Modelo 3022,Hogar,Oster,513.19,878,OST-1838-JZBYU
1839,Guantes de Box Spalding Profesional Pro,Deportes,Spalding,215.18,459,SPA-1839-QV59N
1840,Tapete de Yoga Speedo Profesional Edición Especial,Deportes,Speedo,104.16,814,SPE-1840-9OT92
1841,Tostador Dyson Modelo 7056,Hogar,Dyson,766.7,402,DYS-1841-0JBFW
1842,Base de Maquillaje Dove Piel Seca,Belleza y Cuidado Personal,Dove,23.71,368,DOV-1842-NYD2V
1843,Labial Líquido CeraVe Tono Medio,Belleza y Cuidado Personal,CeraVe,95.97,777,CER-1843-LXLCM
1844,Cafetera Black+Decker Modelo 7782,Hogar,Black+Decker,531.33,65,BLA-1844-HR6SQ
1845,Plancha de Vapor Mabe Modelo 9106,Hogar,Mabe,117.57,126,MAB-1845-CYA8K
1846,Raqueta de Tenis Gatorade Profesional Edición Especial,Deportes,Gatorade,107.38,631,GAT-1846-Y5ZAJ
1847,Laptop Dell Gen 6 512GB,Electrónica,Dell,2096.02,282,DEL-1847-ZN0YW
1848,Mochila de Senderismo Speedo Profesional Pro,Deportes,Speedo,120.21,306,SPE-1848-VBD5N
1849,Balón de Básquetbol Gatorade Profesional Pro,Deportes,Gatorade,24.08,344,GAT-1849-7RDR7
1850,Audífonos Inalámbricos Sony Lite 256GB,Electrónica,Sony,1754.77,614,SON-1850-ADVKO
1851,Cafetera Black+Decker Modelo 2622,Hogar,Black+Decker,633.67,434,BLA-1851-CL65P
1852,Mochila de Senderismo Gatorade Profesional Pro,Deportes,Gatorade,288.29,117,GAT-1852-4RC3Z
1853,Guantes de Box Yeti Profesional Edición Especial,Deportes,Yeti,161.14,43,YET-1853-8I303
1854,Gorra Adidas Talla XL Color Azul,Ropa,Adidas,66.33,871,ADI-1854-FZRSR
1855,Refrigerador Philips Modelo 5703,Hogar,Philips,95.29,416,PHI-1855-EAS48
1856,Suéter Vans Talla L Color Rojo,Ropa,Vans,129.77,140,VAN-1856-EIZ18
1857,Balón de Básquetbol Coleman Profesional Estándar,Deportes,Coleman,67.73,794,COL-1857-SDH6Q
1858,Guantes de Box CamelBak Profesional Pro,Deportes,CamelBak,150.26,963,CAM-1858-RAT2R
1859,Tostador Hamilton Beach Modelo 5526,Hogar,Hamilton Beach,389.32,753,HAM-1859-VI2YF
1860,Cafetera Koblenz Modelo 6492,Hogar,Koblenz,279.22,489,KOB-1860-D2G7E
1861,Sudadera Levi's Talla L Color Blanco,Ropa,Levi's,139.03,13,LEV-1861-4CH7R
1862,Pantalón de Mezclilla Levi's Talla M Color Rojo,Ropa,Levi's,111.19,335,LEV-1862-T47LY
1863,Pantalón de Mezclilla Tommy Hilfiger Talla S Color Blanco,Ropa,Tommy Hilfiger,67.17,334,TOM-1863-QPAHN
1864,TV 4K HP Max 512GB,Electrónica,HP,2199.18,102,HP-1864-XZNXU
1865,Smartwatch Acer Max 256GB,Electrónica,Acer,1791.71,401,ACE-1865-DZWWQ
1866,Refrigerador Philips Modelo 8948,Hogar,Philips,354.06,699,PHI-1866-PDVN0
1867,Sudadera Under Armour Talla XXL Color Azul,Ropa,Under Armour,136.81,456,UND-1867-9B54Y
1868,Freidora de Aire Black+Decker Modelo 1994,Hogar,Black+Decker,781.25,575,BLA-1868-WFZ83
1869,Gorra Levi's Talla L Color Rojo,Ropa,Levi's,135.71,434,LEV-1869-EV796
1870,Procesador de Alimentos KitchenAid Modelo 7045,Hogar,KitchenAid,362.09,124,KIT-1870-VHP7C
1871,Smartphone HP Plus 128GB,Electrónica,HP,994.64,359,HP-1871-R14AZ
1872,Gorra Adidas Talla XL Color Blanco,Ropa,Adidas,146.26,996,ADI-1872-PMB1D
1873,Tienda de Campaña Wilson Profesional Pro,Deportes,Wilson,83.77,232,WIL-1873-947XQ
1874,Mancuernas 10kg Yeti Profesional Pro,Deportes,Yeti,70.89,227,YET-1874-G3UYI
1875,Mochila de Senderismo Coleman Profesional Estándar,Deportes,Coleman,140.7,228,COL-1875-0GAB5
1876,Goggles de Natación CamelBak Profesional Edición Especial,Deportes,CamelBak,248.07,83,CAM-1876-WA1TK
1877,TV 4K Xiaomi Gen 6 256GB,Electrónica,Xiaomi,1989.93,380,XIA-1877-WBXX4
1878,Refrigerador Whirlpool Modelo 7542,Hogar,Whirlpool,318.89,242,WHI-1878-38Q5Q
1879,Mouse Asus Max 256GB,Electrónica,Asus,2461.1,770,ASU-1879-MZKTI
1880,Chamarra Tommy Hilfiger Talla XL Color Negro,Ropa,Tommy Hilfiger,46.77,462,TOM-1880-D5NGR
1881,Suero de Vitamina C Dove Tono Claro,Belleza y Cuidado Personal,Dove,104.93,687,DOV-1881-0YFLX
1882,Procesador de Alimentos Whirlpool Modelo 1190,Hogar,Whirlpool,421.62,109,WHI-1882-U6REG
1883,Microondas T-fal Modelo 8803,Hogar,T-fal,444.58,290,T-F-1883-U0Z5U
1884,Microondas Ninja Modelo 9961,Hogar,Ninja,159.17,727,NIN-1884-2HO1C
1885,Rímel Voluminizador Estée Lauder Tono Medio,Belleza y Cuidado Personal,Estée Lauder,38.01,495,EST-1885-MJSBR
1886,Rímel Voluminizador Clinique Tono Medio,Belleza y Cuidado Personal,Clinique,21.68,584,CLI-1886-95YUS
1887,"Monitor 24"" Samsung Gen 8",Electrónica,Samsung,2105.6,911,SAM-1887-7EC2G
1888,Labial Líquido CeraVe Tono Oscuro,Belleza y Cuidado Personal,CeraVe,39.18,699,CER-1888-7WC1J
1889,Guantes de Box Yeti Profesional Pro,Deportes,Yeti,245.66,991,YET-1889-F714Y
1890,Microondas Mabe Modelo 7246,Hogar,Mabe,786.88,836,MAB-1890-TPBR3
1891,"Monitor 24"" Sony Plus 256GB",Electrónica,Sony,1491.3,217,SON-1891-SY5GW
1892,Guantes de Box Everlast Profesional Estándar,Deportes,Everlast,245.78,846,EVE-1892-JYLPH
1893,Plancha de Vapor Koblenz Modelo 5322,Hogar,Koblenz,715.86,199,KOB-1893-X65B3
1894,Tablet Apple Gen 4 1TB,Electrónica,Apple,2352.59,168,APP-1894-75NRY
1895,"Monitor 24"" HP Pro",Electrónica,HP,443.71,962,HP-1895-RBQMU
1896,Freidora de Aire T-fal Modelo 4922,Hogar,T-fal,514.93,960,T-F-1896-OO0R8
1897,Crema Hidratante MAC Tono Medio,Belleza y Cuidado Personal,MAC,48.25,298,MAC-1897-ERKTX
1898,Plancha de Vapor Koblenz Modelo 6413,Hogar,Koblenz,410.15,411,KOB-1898-CVNQ5
1899,Tienda de Campaña Gatorade Profesional Estándar,Deportes,Gatorade,96.59,141,GAT-1899-IOZZH
1900,Calcetines (Paquete) Adidas Talla S Color Azul,Ropa,Adidas,28.05,76,ADI-1900-N5UY4
1901,Licuadora T-fal Modelo 6254,Hogar,T-fal,145.45,477,T-F-1901-RWY5D
1902,Desmaquillante La Roche-Posay Para todo tipo de piel,Belleza y Cuidado Personal,La Roche-Posay,29.73,38,LA -1902-I15BV
1903,Cafetera Oster Modelo 5270,Hogar,Oster,253.91,374,OST-1903-7L8M0
1904,Smartphone Motorola Gen 9 512GB,Electrónica,Motorola,1938.62,794,MOT-1904-2VM1U
1905,Raqueta de Tenis Wilson Profesional Pro,Deportes,Wilson,56.87,106,WIL-1905-9IS83
1906,Balón de Básquetbol Gatorade Profesional Edición Especial,Deportes,Gatorade,299.9,163,GAT-1906-3BSE3
1907,Licuadora Philips Modelo 2502,Hogar,Philips,235.39,368,PHI-1907-RYWPW
1908,Goggles de Natación Wilson Profesional Edición Especial,Deportes,Wilson,221.04,73,WIL-1908-IC7LV
1909,Suero de Vitamina C CeraVe Tono Claro,Belleza y Cuidado Personal,CeraVe,111.07,539,CER-1909-LX7T1
1910,Mouse Dell Gen 9 256GB,Electrónica,Dell,867.19,767,DEL-1910-J0S29
1911,Mouse Samsung Pro 256GB,Electrónica,Samsung,2383.93,885,SAM-1911-FXDG5
1912,Base de Maquillaje Revlon Para todo tipo de piel,Belleza y Cuidado Personal,Revlon,59.67,226,REV-1912-YJENA
1913,Chamarra Tommy Hilfiger Talla S Color Gris,Ropa,Tommy Hilfiger,23.92,30,TOM-1913-IM5KF
1914,Procesador de Alimentos Mabe Modelo 3057,Hogar,Mabe,477.78,345,MAB-1914-CT0CS
1915,Balón de Básquetbol Rawlings Profesional Pro,Deportes,Rawlings,157.59,314,RAW-1915-G4UX6
1916,Pantalón de Mezclilla Vans Talla S Color Negro,Ropa,Vans,114.37,493,VAN-1916-JKF87
1917,Goggles de Natación Spalding Profesional Edición Especial,Deportes,Spalding,103.77,975,SPA-1917-JFHSW
1918,Raqueta de Tenis Spalding Profesional Pro,Deportes,Spalding,296.64,292,SPA-1918-5V8TM
1919,Plancha de Vapor T-fal Modelo 4239,Hogar,T-fal,658.61,182,T-F-1919-KN4EE
1920,Mochila de Senderismo Gatorade Profesional Premium,Deportes,Gatorade,79.79,797,GAT-1920-E70AR
1921,Tienda de Campaña Rawlings Profesional Premium,Deportes,Rawlings,294.86,254,RAW-1921-6F2P6
1922,Tenis Reebok Talla L Color Blanco,Ropa,Reebok,128.33,706,REE-1922-8WF6F
1923,Suéter Vans Talla XL Color Gris,Ropa,Vans,27.95,523,VAN-1923-Q36GN
1924,Balón de Básquetbol Spalding Profesional Estándar,Deportes,Spalding,60.29,863,SPA-1924-PMA4V
1925,Goggles de Natación Yeti Profesional Pro,Deportes,Yeti,191.49,370,YET-1925-TL3VC
1926,Perfume 100ml MAC Piel Seca,Belleza y Cuidado Personal,MAC,110.41,7,MAC-1926-ZY7H8
1927,Sudadera Vans Talla XXL Color Negro,Ropa,Vans,133.4,566,VAN-1927-L75YE
1928,Aspiradora Koblenz Modelo 3198,Hogar,Koblenz,521.1,120,KOB-1928-FFYFI
1929,Smartphone Xiaomi Max 512GB,Electrónica,Xiaomi,939.7,305,XIA-1929-SH8L7
1930,Raqueta de Tenis Speedo Profesional Premium,Deportes,Speedo,100.08,858,SPE-1930-2Y3SD
1931,Refrigerador T-fal Modelo 6546,Hogar,T-fal,662.66,917,T-F-1931-O0IY7
1932,Sudadera Calvin Klein Talla XXL Color Rojo,Ropa,Calvin Klein,50.07,733,CAL-1932-DVU6R
1933,Batidora de Pedestal Philips Modelo 5734,Hogar,Philips,67.07,590,PHI-1933-4CMVA
1934,Balón de Básquetbol Gatorade Profesional Pro,Deportes,Gatorade,216.45,320,GAT-1934-LT1I5
1935,Acondicionador Garnier Tono Medio,Belleza y Cuidado Personal,Garnier,43.77,892,GAR-1935-N0V7V
1936,Calcetines (Paquete) Vans Talla XL Color Azul,Ropa,Vans,53.85,930,VAN-1936-MSJZX
1937,Crema Hidratante MAC Piel Seca,Belleza y Cuidado Personal,MAC,106.49,510,MAC-1937-IC50C
1938,Desmaquillante Estée Lauder Tono Medio,Belleza y Cuidado Personal,Estée Lauder,89.86,355,EST-1938-RCNAT
1939,Microondas Philips Modelo 5940,Hogar,Philips,132.41,408,PHI-1939-EV5W7
1940,Microondas Black+Decker Modelo 7924,Hogar,Black+Decker,182.73,272,BLA-1940-PS7GA
1941,Teclado Mecánico Acer Plus 128GB,Electrónica,Acer,2414.09,961,ACE-1941-16R9K
1942,Shampoo Nivea Tono Claro,Belleza y Cuidado Personal,Nivea,102.7,746,NIV-1942-I4HLV
1943,Calcetines (Paquete) Nike Talla XXL Color Gris,Ropa,Nike,91.71,54,NIK-1943-L63FV
1944,"Monitor 24"" Apple Pro 256GB",Electrónica,Apple,2064.5,489,APP-1944-498H7
1945,Bocina Bluetooth Apple Ultra 512GB,Electrónica,Apple,2205.62,513,APP-1945-CVEQ7
1946,Refrigerador Philips Modelo 1394,Hogar,Philips,463.86,185,PHI-1946-YK28E
1947,Goggles de Natación Coleman Profesional Pro,Deportes,Coleman,20.47,831,COL-1947-BUNUJ
1948,Calcetines (Paquete) Nike Talla XL Color Rojo,Ropa,Nike,124.78,685,NIK-1948-A7IAS
1949,Camiseta H&M Talla M Color Gris,Ropa,H&M,101.33,573,H&M-1949-MOY02
1950,Chaqueta de Cuero Calvin Klein Talla L Color Negro,Ropa,Calvin Klein,125.61,489,CAL-1950-RGLU0
1951,Tablet Asus Pro,Electrónica,Asus,419.81,525,ASU-1951-6UWG5
1952,Perfume 100ml Revlon Tono Oscuro,Belleza y Cuidado Personal,Revlon,5.48,949,REV-1952-DEEWG
1953,Microondas Oster Modelo 3593,Hogar,Oster,339.99,696,OST-1953-Z7IEP
1954,Cafetera T-fal Modelo 8303,Hogar,T-fal,692.63,536,T-F-1954-Y13L4
1955,Teclado Mecánico Motorola Gen 2 128GB,Electrónica,Motorola,2387.85,637,MOT-1955-7BMZV
1956,Perfume 100ml CeraVe Para todo tipo de piel,Belleza y Cuidado Personal,CeraVe,94.16,172,CER-1956-EEADN
1957,Laptop LG Max,Electrónica,LG,2323.4,130,LG-1957-SKQB0
1958,Tablet Acer Ultra 256GB,Electrónica,Acer,562.92,527,ACE-1958-LSU42
1959,Gorra Adidas Talla M Color Rojo,Ropa,Adidas,85.16,73,ADI-1959-HM4VW
1960,Pantalón de Mezclilla Puma Talla L Color Blanco,Ropa,Puma,136.17,339,PUM-1960-OARRX
1961,Batidora de Pedestal Whirlpool Modelo 4825,Hogar,Whirlpool,640.78,457,WHI-1961-6PZC3
1962,Procesador de Alimentos Hamilton Beach Modelo 4058,Hogar,Hamilton Beach,194.02,890,HAM-1962-ZA9J1
1963,Rímel Voluminizador Maybelline Tono Medio,Belleza y Cuidado Personal,Maybelline,64.56,176,MAY-1963-J1V68
1964,Tienda de Campaña Yeti Profesional Pro,Deportes,Yeti,278.84,312,YET-1964-87DV8
1965,Teclado Mecánico Acer Max,Electrónica,Acer,870.11,675,ACE-1965-VAZV2
1966,Goggles de Natación Everlast Profesional Pro,Deportes,Everlast,122.39,518,EVE-1966-AZIVA
1967,Rímel Voluminizador MAC Piel Seca,Belleza y Cuidado Personal,MAC,18.44,132,MAC-1967-VI3DG
1968,Tienda de Campaña Speedo Profesional Premium,Deportes,Speedo,123.57,781,SPE-1968-PH8V2
1969,Rímel Voluminizador Clinique Piel Seca,Belleza y Cuidado Personal,Clinique,38.28,850,CLI-1969-V8S6Q
1970,Protector Solar SPF 50 Garnier Piel Seca,Belleza y Cuidado Personal,Garnier,26.47,999,GAR-1970-Y6YX7
1971,Suéter Calvin Klein Talla XL Color Blanco,Ropa,Calvin Klein,91.91,183,CAL-1971-15U4W
1972,Botella de Agua 1L Wilson Profesional Premium,Deportes,Wilson,76.1,659,WIL-1972-BO2YN
1973,Botella de Agua 1L Coleman Profesional Edición Especial,Deportes,Coleman,144.0,169,COL-1973-Y9P00
1974,Mouse JBL Lite 1TB,Electrónica,JBL,1025.52,35,JBL-1974-VXM0J
1975,Procesador de Alimentos Koblenz Modelo 9032,Hogar,Koblenz,586.94,586,KOB-1975-KX6AF
1976,Mochila de Senderismo Rawlings Profesional Estándar,Deportes,Rawlings,49.64,972,RAW-1976-83RAG
1977,Licuadora Dyson Modelo 4730,Hogar,Dyson,762.99,503,DYS-1977-ILV4L
1978,Tienda de Campaña Rawlings Profesional Edición Especial,Deportes,Rawlings,279.56,430,RAW-1978-QPYQQ
1979,Cámara Mirrorless Lenovo Max,Electrónica,Lenovo,1577.49,549,LEN-1979-YD176
1980,Freidora de Aire Whirlpool Modelo 9476,Hogar,Whirlpool,793.6,334,WHI-1980-DAL4Q
1981,Chamarra Reebok Talla XXL Color Blanco,Ropa,Reebok,90.17,710,REE-1981-I5QZT
1982,Plancha de Vapor Dyson Modelo 6594,Hogar,Dyson,118.63,964,DYS-1982-07CFK
1983,Cámara Mirrorless JBL Gen 8 512GB,Electrónica,JBL,715.0,859,JBL-1983-Y0E66
1984,Aspiradora Oster Modelo 9392,Hogar,Oster,363.65,28,OST-1984-DKLUL
1985,Shampoo Estée Lauder Tono Medio,Belleza y Cuidado Personal,Estée Lauder,94.17,91,EST-1985-PUEHX
1986,Refrigerador Philips Modelo 4558,Hogar,Philips,151.68,319,PHI-1986-6CY9P
1987,Licuadora Dyson Modelo 5510,Hogar,Dyson,532.67,153,DYS-1987-7ZB29
1988,Licuadora Mabe Modelo 6105,Hogar,Mabe,721.54,306,MAB-1988-LZ3CN
1989,Short Deportivo H&M Talla L Color Azul,Ropa,H&M,113.37,735,H&M-1989-UIE1R
1990,Mochila de Senderismo CamelBak Profesional Estándar,Deportes,CamelBak,292.28,112,CAM-1990-LHEKJ
1991,Plancha de Vapor Philips Modelo 3249,Hogar,Philips,609.44,672,PHI-1991-M2QI1
1992,Mancuernas 10kg Speedo Profesional Premium,Deportes,Speedo,280.36,838,SPE-1992-6T7EJ
1993,Base de Maquillaje Revlon Tono Oscuro,Belleza y Cuidado Personal,Revlon,52.87,884,REV-1993-BLYGE
1994,Plancha de Vapor Whirlpool Modelo 3086,Hogar,Whirlpool,348.23,484,WHI-1994-T53A5
1995,Desmaquillante CeraVe Tono Claro,Belleza y Cuidado Personal,CeraVe,76.72,205,CER-1995-FQ8L0
1996,Smartphone Apple Max 1TB,Electrónica,Apple,149.1,721,APP-1996-U190U
1997,Chaqueta de Cuero Nike Talla XL Color Gris,Ropa,Nike,91.87,58,NIK-1997-194DG
1998,Tablet Acer Max 1TB,Electrónica,Acer,652.39,646,ACE-1998-6T88L
1999,Suéter Under Armour Talla XL Color Azul,Ropa,Under Armour,102.99,506,UND-1999-DRTEL
2000,Aspiradora KitchenAid Modelo 4231,Hogar,KitchenAid,677.43,700,KIT-2000-NBN7Q
2001,Perfume 100ml Estée Lauder Tono Medio,Belleza y Cuidado Personal,Estée Lauder,16.54,132,EST-2001-RN4S4
2002,Chaqueta de Cuero Calvin Klein Talla XXL Color Gris,Ropa,Calvin Klein,143.72,971,CAL-2002-Q4FBL
2003,Procesador de Alimentos Black+Decker Modelo 3920,Hogar,Black+Decker,137.03,864,BLA-2003-DNEP3
2004,Suero de Vitamina C La Roche-Posay Tono Claro,Belleza y Cuidado Personal,La Roche-Posay,31.39,840,LA -2004-JYOEG
2005,Base de Maquillaje Estée Lauder Tono Claro,Belleza y Cuidado Personal,Estée Lauder,108.33,536,EST-2005-P30N8
2006,Rímel Voluminizador Maybelline Piel Seca,Belleza y Cuidado Personal,Maybelline,62.26,32,MAY-2006-YO5UA
2007,Camiseta Zara Talla XL Color Gris,Ropa,Zara,147.79,726,ZAR-2007-U9INP
2008,Mancuernas 10kg Coleman Profesional Premium,Deportes,Coleman,101.3,379,COL-2008-1GKX1
2009,Chaqueta de Cuero Nike Talla XL Color Azul,Ropa,Nike,96.33,290,NIK-2009-I01LZ
2010,Chaqueta de Cuero Vans Talla XXL Color Blanco,Ropa,Vans,33.7,623,VAN-2010-I7IL1
2011,Base de Maquillaje Maybelline Tono Medio,Belleza y Cuidado Personal,Maybelline,14.15,621,MAY-2011-SX0Q2
2012,Smartphone Dell Max 1TB,Electrónica,Dell,1061.51,396,DEL-2012-9B7GA
2013,TV 4K Sony Max 1TB,Electrónica,Sony,401.05,714,SON-2013-7WVCE
2014,Freidora de Aire Mabe Modelo 5625,Hogar,Mabe,649.05,140,MAB-2014-W92K5
2015,Guantes de Box Coleman Profesional Pro,Deportes,Coleman,173.67,149,COL-2015-14S4H
2016,Guantes de Box Everlast Profesional Edición Especial,Deportes,Everlast,149.09,761,EVE-2016-S8SFZ
2017,Chamarra Zara Talla XXL Color Azul,Ropa,Zara,79.17,306,ZAR-2017-OX051
2018,Shampoo Nivea Tono Medio,Belleza y Cuidado Personal,Nivea,9.19,756,NIV-2018-6AXFL
2019,Tapete de Yoga Rawlings Profesional Premium,Deportes,Rawlings,95.24,884,RAW-2019-EY123
2020,Smartphone LG Pro 1TB,Electrónica,LG,386.13,514,LG-2020-OY750
2021,Smartphone Lenovo Gen 5,Electrónica,Lenovo,819.33,972,LEN-2021-8OZ9U
2022,Gorra Under Armour Talla XXL Color Negro,Ropa,Under Armour,134.65,852,UND-2022-YP3QI
2023,Smartphone LG Lite 256GB,Electrónica,LG,2362.21,37,LG-2023-FU2EM
2024,Botella de Agua 1L Everlast Profesional Pro,Deportes,Everlast,150.61,799,EVE-2024-0YTMU
2025,Freidora de Aire Dyson Modelo 2496,Hogar,Dyson,690.56,195,DYS-2025-NU0LT
2026,Goggles de Natación Yeti Profesional Edición Especial,Deportes,Yeti,86.32,829,YET-2026-DUABA
2027,Cafetera Koblenz Modelo 4392,Hogar,Koblenz,728.17,792,KOB-2027-B2VN2
2028,"Monitor 24"" Bose Pro 512GB",Electrónica,Bose,2479.91,997,BOS-2028-TQAV9
2029,Licuadora Whirlpool Modelo 4067,Hogar,Whirlpool,238.51,405,WHI-2029-S2RCJ
2030,Desmaquillante Dove Tono Medio,Belleza y Cuidado Personal,Dove,6.11,633,DOV-2030-M5CAG
2031,Goggles de Natación Spalding Profesional Estándar,Deportes,Spalding,179.73,438,SPA-2031-0VT9N
2032,Sudadera Converse Talla XL Color Negro,Ropa,Converse,147.37,263,CON-2032-SZAQ2
2033,Refrigerador Koblenz Modelo 8915,Hogar,Koblenz,650.91,989,KOB-2033-KPSMG
2034,Acondicionador Garnier Tono Claro,Belleza y Cuidado Personal,Garnier,39.38,268,GAR-2034-PBJG2
2035,Suero de Vitamina C L'Oréal Piel Seca,Belleza y Cuidado Personal,L'Oréal,83.56,814,L'O-2035-J3HJU
2036,Crema Hidratante Maybelline Tono Claro,Belleza y Cuidado Personal,Maybelline,86.73,497,MAY-2036-JQWJ1
2037,Shampoo Garnier Tono Claro,Belleza y Cuidado Personal,Garnier,105.58,332,GAR-2037-MIL1L
2038,Microondas Black+Decker Modelo 3772,Hogar,Black+Decker,786.32,794,BLA-2038-LAQ7C
2039,Mochila de Senderismo Coleman Profesional Estándar,Deportes,Coleman,142.37,741,COL-2039-IPYD4
2040,Tenis Vans Talla XL Color Azul,Ropa,Vans,34.03,294,VAN-2040-QAA2J
2041,Mouse Lenovo Lite,Electrónica,Lenovo,1770.61,267,LEN-2041-NERWD
2042,Gorra Under Armour Talla S Color Azul,Ropa,Under Armour,124.39,311,UND-2042-Y3I7C
2043,Audífonos Inalámbricos JBL Plus 256GB,Electrónica,JBL,1495.23,383,JBL-2043-V1UXT
2044,Botella de Agua 1L Wilson Profesional Estándar,Deportes,Wilson,149.13,817,WIL-2044-1XKLP
2045,Mochila de Senderismo Everlast Profesional Pro,Deportes,Everlast,176.11,911,EVE-2045-PNU1T
2046,Calcetines (Paquete) Nike Talla L Color Rojo,Ropa,Nike,130.8,343,NIK-2046-1XCTB
2047,Desmaquillante MAC Piel Seca,Belleza y Cuidado Personal,MAC,8.2,668,MAC-2047-5R69X
2048,Camiseta Puma Talla XL Color Blanco,Ropa,Puma,147.39,642,PUM-2048-WU3IL
2049,TV 4K Asus Ultra 512GB,Electrónica,Asus,977.89,539,ASU-2049-SDVT4
2050,Audífonos Inalámbricos Acer Gen 3 128GB,Electrónica,Acer,2377.82,489,ACE-2050-RVPX9
2051,Camiseta Levi's Talla M Color Azul,Ropa,Levi's,60.11,23,LEV-2051-TKWVC
2052,Audífonos Inalámbricos Dell Plus 128GB,Electrónica,Dell,677.91,616,DEL-2052-GM28R
2053,Shampoo Garnier Para todo tipo de piel,Belleza y Cuidado Personal,Garnier,97.5,363,GAR-2053-EJI67
2054,Tablet Apple Max 128GB,Electrónica,Apple,2085.12,674,APP-2054-JSVH4
2055,Cafetera Koblenz Modelo 7713,Hogar,Koblenz,570.66,788,KOB-2055-TJC8N
2056,Mouse JBL Gen 4 256GB,Electrónica,JBL,825.88,263,JBL-2056-ZPBTD
2057,Bocina Bluetooth LG Pro 256GB,Electrónica,LG,1550.86,646,LG-2057-WGVHG
2058,Refrigerador Mabe Modelo 6416,Hogar,Mabe,138.19,797,MAB-2058-378HJ
2059,Laptop Asus Ultra,Electrónica,Asus,525.12,221,ASU-2059-V79LY
2060,Cámara Mirrorless JBL Max 128GB,Electrónica,JBL,2446.03,668,JBL-2060-04IUW
2061,Tenis Calvin Klein Talla L Color Azul,Ropa,Calvin Klein,28.53,693,CAL-2061-LDRH9
2062,Gorra Zara Talla M Color Azul,Ropa,Zara,105.75,469,ZAR-2062-JBMM7
2063,Gorra Puma Talla XXL Color Gris,Ropa,Puma,111.01,501,PUM-2063-DEABM
2064,TV 4K Acer Max 512GB,Electrónica,Acer,824.7,456,ACE-2064-Q3XWE
2065,TV 4K Xiaomi Ultra 1TB,Electrónica,Xiaomi,922.73,812,XIA-2065-56IR9
2066,Pantalón de Mezclilla Zara Talla L Color Gris,Ropa,Zara,33.6,144,ZAR-2066-MPMXS
2067,Aspiradora Oster Modelo 8235,Hogar,Oster,255.56,39,OST-2067-BEE8Q
2068,Procesador de Alimentos Oster Modelo 1521,Hogar,Oster,569.6,841,OST-2068-B3FZG
2069,TV 4K Acer Ultra 128GB,Electrónica,Acer,1266.47,6,ACE-2069-UBD21
2070,Botella de Agua 1L Wilson Profesional Pro,Deportes,Wilson,40.26,309,WIL-2070-5GH0L
2071,Procesador de Alimentos Black+Decker Modelo 5181,Hogar,Black+Decker,237.53,745,BLA-2071-K9B74
2072,Smartwatch Xiaomi Plus 256GB,Electrónica,Xiaomi,454.89,621,XIA-2072-YZZEE
2073,Tapete de Yoga Everlast Profesional Edición Especial,Deportes,Everlast,86.81,285,EVE-2073-BI02U
2074,Tenis Converse Talla XXL Color Negro,Ropa,Converse,32.72,481,CON-2074-E8P48
2075,Mancuernas 10kg Spalding Profesional Pro,Deportes,Spalding,121.42,471,SPA-2075-7J33T
2076,Goggles de Natación Coleman Profesional Pro,Deportes,Coleman,11.72,22,COL-2076-619VO
2077,Base de Maquillaje Nivea Tono Claro,Belleza y Cuidado Personal,Nivea,15.72,989,NIV-2077-KNP1S
2078,Cafetera Koblenz Modelo 6932,Hogar,Koblenz,335.41,29,KOB-2078-2PMEH
2079,Short Deportivo Calvin Klein Talla M Color Gris,Ropa,Calvin Klein,66.21,501,CAL-2079-U1JFI
2080,Tienda de Campaña Coleman Profesional Pro,Deportes,Coleman,21.08,416,COL-2080-CES3Q
2081,Tablet Motorola Ultra 128GB,Electrónica,Motorola,1638.1,777,MOT-2081-HG2K2
2082,Suéter Under Armour Talla M Color Azul,Ropa,Under Armour,39.29,424,UND-2082-4SQL1
2083,Tostador KitchenAid Modelo 5808,Hogar,KitchenAid,177.0,938,KIT-2083-0MWQ3
2084,Short Deportivo Reebok Talla M Color Negro,Ropa,Reebok,146.48,433,REE-2084-BB5VD
2085,Botella de Agua 1L Wilson Profesional Pro,Deportes,Wilson,281.06,769,WIL-2085-DG9XR
2086,Cafetera T-fal Modelo 4550,Hogar,T-fal,364.17,552,T-F-2086-2TFS5
2087,Chaqueta de Cuero Zara Talla XXL Color Gris,Ropa,Zara,44.5,561,ZAR-2087-XYJVC
2088,Pantalón de Mezclilla Under Armour Talla XXL Color Rojo,Ropa,Under Armour,109.88,582,UND-2088-XYMQ1
2089,Teclado Mecánico Apple Pro 128GB,Electrónica,Apple,1708.59,493,APP-2089-13FNR
2090,Shampoo CeraVe Tono Oscuro,Belleza y Cuidado Personal,CeraVe,67.15,425,CER-2090-AN99R
2091,Shampoo Clinique Tono Claro,Belleza y Cuidado Personal,Clinique,99.62,395,CLI-2091-PVADF
2092,Bocina Bluetooth Acer Ultra,Electrónica,Acer,326.84,913,ACE-2092-OP3QJ
2093,Perfume 100ml Revlon Tono Oscuro,Belleza y Cuidado Personal,Revlon,76.15,7,REV-2093-QJ003
2094,Rímel Voluminizador Dove Tono Medio,Belleza y Cuidado Personal,Dove,51.82,813,DOV-2094-9CMIY
2095,Calcetines (Paquete) H&M Talla S Color Negro,Ropa,H&M,80.51,549,H&M-2095-1N314
2096,Smartwatch Lenovo Lite 256GB,Electrónica,Lenovo,1393.39,333,LEN-2096-1H2FW
2097,Mancuernas 10kg CamelBak Profesional Edición Especial,Deportes,CamelBak,122.59,762,CAM-2097-2VD0Z
2098,"Monitor 24"" LG Gen 6 512GB",Electrónica,LG,2130.36,522,LG-2098-EUD1L
2099,Sudadera Reebok Talla S Color Gris,Ropa,Reebok,39.94,626,REE-2099-E8R2Z
2100,Mouse Samsung Gen 1 256GB,Electrónica,Samsung,940.3,680,SAM-2100-CAEM7
2101,Perfume 100ml CeraVe Para todo tipo de piel,Belleza y Cuidado Personal,CeraVe,80.39,689,CER-2101-NML69
2102,Short Deportivo H&M Talla M Color Azul,Ropa,H&M,147.28,853,H&M-2102-FQT6E
2103,Balón de Básquetbol Yeti Profesional Premium,Deportes,Yeti,19.32,362,YET-2103-JQHZE
2104,Suero de Vitamina C Garnier Para todo tipo de piel,Belleza y Cuidado Personal,Garnier,5.99,566,GAR-2104-9VS3P
2105,Tostador Hamilton Beach Modelo 9019,Hogar,Hamilton Beach,269.08,455,HAM-2105-1OLDS
2106,Goggles de Natación CamelBak Profesional Premium,Deportes,CamelBak,282.86,554,CAM-2106-O759I
2107,Goggles de Natación Yeti Profesional Edición Especial,Deportes,Yeti,143.82,16,YET-2107-ATQ7X
2108,Gorra Tommy Hilfiger Talla XXL Color Azul,Ropa,Tommy Hilfiger,20.85,717,TOM-2108-LXPH8
2109,Procesador de Alimentos Black+Decker Modelo 6182,Hogar,Black+Decker,331.58,743,BLA-2109-M3RO4
2110,Gorra Vans Talla XL Color Gris,Ropa,Vans,120.56,242,VAN-2110-VV2HC
2111,Suero de Vitamina C Maybelline Piel Seca,Belleza y Cuidado Personal,Maybelline,10.77,380,MAY-2111-3C68N
2112,Suéter Under Armour Talla XL Color Gris,Ropa,Under Armour,95.83,518,UND-2112-9EFI1
2113,Refrigerador T-fal Modelo 5891,Hogar,T-fal,156.23,837,T-F-2113-8Z6KG
2114,Shampoo Nivea Tono Oscuro,Belleza y Cuidado Personal,Nivea,60.04,643,NIV-2114-GZUBW
2115,Tenis H&M Talla XXL Color Gris,Ropa,H&M,19.17,305,H&M-2115-98PLN
2116,TV 4K Motorola Plus,Electrónica,Motorola,2241.86,89,MOT-2116-59CYQ
2117,Sudadera Converse Talla M Color Blanco,Ropa,Converse,127.92,940,CON-2117-5G36Q
2118,Balón de Básquetbol Everlast Profesional Edición Especial,Deportes,Everlast,214.14,863,EVE-2118-Y2MEQ
2119,Mancuernas 10kg Coleman Profesional Premium,Deportes,Coleman,267.48,406,COL-2119-R26D2
2120,Tapete de Yoga Coleman Profesional Pro,Deportes,Coleman,179.51,130,COL-2120-JBFY0
2121,Pantalón de Mezclilla Under Armour Talla XL Color Rojo,Ropa,Under Armour,112.28,364,UND-2121-AAVTE
2122,Goggles de Natación Coleman Profesional Premium,Deportes,Coleman,179.24,559,COL-2122-7PC4W
2123,Chamarra Puma Talla L Color Gris,Ropa,Puma,106.16,70,PUM-2123-3YPR7
2124,Refrigerador Mabe Modelo 3110,Hogar,Mabe,72.02,945,MAB-2124-QD2DN
2125,Licuadora Hamilton Beach Modelo 4435,Hogar,Hamilton Beach,32.89,253,HAM-2125-VWU9E
2126,Tapete de Yoga Spalding Profesional Edición Especial,Deportes,Spalding,31.55,217,SPA-2126-68CF0
2127,Mochila de Senderismo Spalding Profesional Pro,Deportes,Spalding,74.06,980,SPA-2127-5G4YZ
2128,Tienda de Campaña Wilson Profesional Edición Especial,Deportes,Wilson,220.24,322,WIL-2128-W4L4A
2129,Camiseta Converse Talla L Color Azul,Ropa,Converse,50.98,359,CON-2129-EIAGL
2130,TV 4K Xiaomi Pro 1TB,Electrónica,Xiaomi,2449.41,649,XIA-2130-1RUZB
2131,Tostador Hamilton Beach Modelo 5861,Hogar,Hamilton Beach,567.0,74,HAM-2131-4E20A
2132,Labial Líquido CeraVe Tono Claro,Belleza y Cuidado Personal,CeraVe,72.46,885,CER-2132-2MFGD
2133,Freidora de Aire Whirlpool Modelo 2995,Hogar,Whirlpool,295.93,807,WHI-2133-VMNY5
2134,Raqueta de Tenis Spalding Profesional Estándar,Deportes,Spalding,41.79,813,SPA-2134-V0TQ4
2135,Tienda de Campaña Gatorade Profesional Pro,Deportes,Gatorade,285.56,785,GAT-2135-COZBC
2136,Goggles de Natación Yeti Profesional Estándar,Deportes,Yeti,12.26,523,YET-2136-5LBS1
2137,Perfume 100ml Clinique Tono Medio,Belleza y Cuidado Personal,Clinique,11.48,536,CLI-2137-V25I8
2138,Procesador de Alimentos Black+Decker Modelo 6265,Hogar,Black+Decker,489.36,863,BLA-2138-QXP99
2139,Goggles de Natación Rawlings Profesional Edición Especial,Deportes,Rawlings,299.96,14,RAW-2139-0UL7C
2140,Protector Solar SPF 50 Maybelline Tono Claro,Belleza y Cuidado Personal,Maybelline,33.95,663,MAY-2140-0U7V6
2141,Goggles de Natación Wilson Profesional Pro,Deportes,Wilson,261.63,793,WIL-2141-VWT7R
2142,Mouse Bose Plus 1TB,Electrónica,Bose,1983.14,563,BOS-2142-RJOMF
2143,Smartphone Motorola Lite 128GB,Electrónica,Motorola,464.77,423,MOT-2143-0K0HW
2144,Shampoo Clinique Piel Seca,Belleza y Cuidado Personal,Clinique,37.16,787,CLI-2144-3YG0Q
2145,Crema Hidratante La Roche-Posay Tono Claro,Belleza y Cuidado Personal,La Roche-Posay,52.11,388,LA -2145-ZI9ND
2146,Labial Líquido L'Oréal Piel Seca,Belleza y Cuidado Personal,L'Oréal,87.92,631,L'O-2146-UT2CA
2147,Base de Maquillaje Dove Tono Claro,Belleza y Cuidado Personal,Dove,90.71,399,DOV-2147-ZW04N
2148,Smartphone Asus Lite,Electrónica,Asus,2304.38,817,ASU-2148-KB94T
2149,Guantes de Box Everlast Profesional Premium,Deportes,Everlast,296.94,409,EVE-2149-HLMIG
2150,Labial Líquido Garnier Tono Claro,Belleza y Cuidado Personal,Garnier,105.77,141,GAR-2150-IC1MR
2151,Shampoo La Roche-Posay Piel Seca,Belleza y Cuidado Personal,La Roche-Posay,8.73,643,LA -2151-MMLQR
2152,Shampoo La Roche-Posay Para todo tipo de piel,Belleza y Cuidado Personal,La Roche-Posay,112.99,584,LA -2152-FJGYL
2153,Tenis Puma Talla S Color Blanco,Ropa,Puma,71.88,965,PUM-2153-0NYVT
2154,Laptop Samsung Plus 512GB,Electrónica,Samsung,1550.13,413,SAM-2154-B8HQ8
2155,Crema Hidratante La Roche-Posay Tono Oscuro,Belleza y Cuidado Personal,La Roche-Posay,111.28,774,LA -2155-Z3O09
2156,Base de Maquillaje Estée Lauder Piel Seca,Belleza y Cuidado Personal,Estée Lauder,53.98,833,EST-2156-FWI7F
2157,Labial Líquido La Roche-Posay Para todo tipo de piel,Belleza y Cuidado Personal,La Roche-Posay,100.93,587,LA -2157-A42GS
2158,Labial Líquido Estée Lauder Piel Seca,Belleza y Cuidado Personal,Estée Lauder,92.15,321,EST-2158-8K24H
2159,Refrigerador Hamilton Beach Modelo 5659,Hogar,Hamilton Beach,70.43,44,HAM-2159-NG7PS
2160,Acondicionador L'Oréal Para todo tipo de piel,Belleza y Cuidado Personal,L'Oréal,71.99,334,L'O-2160-X01RD
2161,Mouse Apple Pro 1TB,Electrónica,Apple,1338.67,148,APP-2161-3Z0MB
2162,Short Deportivo Tommy Hilfiger Talla S Color Negro,Ropa,Tommy Hilfiger,55.77,31,TOM-2162-7WBAA
2163,Calcetines (Paquete) Under Armour Talla XXL Color Rojo,Ropa,Under Armour,33.08,44,UND-2163-SFO99
2164,Batidora de Pedestal Dyson Modelo 2305,Hogar,Dyson,739.17,511,DYS-2164-CA1QC
2165,Base de Maquillaje Maybelline Tono Medio,Belleza y Cuidado Personal,Maybelline,37.17,556,MAY-2165-OPXXH
2166,Smartwatch Sony Plus,Electrónica,Sony,2295.71,964,SON-2166-ATD1I
2167,Teclado Mecánico LG Max 128GB,Electrónica,LG,2105.89,482,LG-2167-YZV15
2168,Laptop Xiaomi Gen 5 512GB,Electrónica,Xiaomi,1716.56,559,XIA-2168-ZOP9O
2169,Audífonos Inalámbricos Motorola Lite 256GB,Electrónica,Motorola,722.28,739,MOT-2169-O7NDG
2170,Batidora de Pedestal Hamilton Beach Modelo 7175,Hogar,Hamilton Beach,714.85,467,HAM-2170-1PEGO
2171,Balón de Básquetbol Yeti Profesional Edición Especial,Deportes,Yeti,262.33,535,YET-2171-DAPIX
2172,Suero de Vitamina C Maybelline Tono Medio,Belleza y Cuidado Personal,Maybelline,40.21,89,MAY-2172-TUG8P
2173,Raqueta de Tenis Everlast Profesional Estándar,Deportes,Everlast,35.31,26,EVE-2173-MM5NI
2174,Perfume 100ml Dove Tono Claro,Belleza y Cuidado Personal,Dove,104.77,120,DOV-2174-Y09H3
2175,Desmaquillante Garnier Tono Oscuro,Belleza y Cuidado Personal,Garnier,55.58,0,GAR-2175-LQVDK
2176,Rímel Voluminizador MAC Tono Oscuro,Belleza y Cuidado Personal,MAC,58.23,99,MAC-2176-MJCDD
2177,Batidora de Pedestal Philips Modelo 4634,Hogar,Philips,419.6,11,PHI-2177-OJCO0
2178,Raqueta de Tenis Everlast Profesional Estándar,Deportes,Everlast,188.32,412,EVE-2178-JZF3T
2179,Freidora de Aire Mabe Modelo 3467,Hogar,Mabe,781.93,539,MAB-2179-D71ST
2180,TV 4K Xiaomi Pro 256GB,Electrónica,Xiaomi,1828.15,963,XIA-2180-XCE60
2181,Botella de Agua 1L Gatorade Profesional Premium,Deportes,Gatorade,78.43,295,GAT-2181-HI22M
2182,Gorra Puma Talla XXL Color Rojo,Ropa,Puma,86.71,895,PUM-2182-0RME6
2183,Perfume 100ml MAC Para todo tipo de piel,Belleza y Cuidado Personal,MAC,55.89,965,MAC-2183-1E1PG
2184,"Monitor 24"" Lenovo Plus 128GB",Electrónica,Lenovo,870.06,661,LEN-2184-K798H
2185,Laptop LG Ultra 512GB,Electrónica,LG,1990.73,331,LG-2185-VBSGT
2186,Calcetines (Paquete) Adidas Talla XL Color Azul,Ropa,Adidas,40.26,791,ADI-2186-G5ZF0
2187,Sudadera Converse Talla XL Color Azul,Ropa,Converse,60.72,306,CON-2187-JYUIH
2188,Tostador Black+Decker Modelo 7338,Hogar,Black+Decker,621.96,605,BLA-2188-TJPOU
2189,Short Deportivo Puma Talla XXL Color Blanco,Ropa,Puma,66.27,26,PUM-2189-0PSJO
2190,Pantalón de Mezclilla Under Armour Talla XL Color Negro,Ropa,Under Armour,87.39,767,UND-2190-RQ2K9
2191,Freidora de Aire Ninja Modelo 4012,Hogar,Ninja,601.67,491,NIN-2191-QUBYD
2192,Sudadera Converse Talla M Color Gris,Ropa,Converse,67.26,996,CON-2192-KNXVZ
2193,Guantes de Box Coleman Profesional Premium,Deportes,Coleman,230.96,151,COL-2193-BIMCS
2194,Camiseta Tommy Hilfiger Talla XL Color Gris,Ropa,Tommy Hilfiger,106.42,211,TOM-2194-7JKYN
2195,Cámara Mirrorless Xiaomi Gen 1 128GB,Electrónica,Xiaomi,1967.12,852,XIA-2195-HYEAE
2196,Suero de Vitamina C Garnier Piel Seca,Belleza y Cuidado Personal,Garnier,78.12,149,GAR-2196-J6FFN
2197,Tostador KitchenAid Modelo 6671,Hogar,KitchenAid,657.01,785,KIT-2197-92CCJ
2198,Labial Líquido CeraVe Tono Oscuro,Belleza y Cuidado Personal,CeraVe,81.8,82,CER-2198-74MVH
2199,Goggles de Natación Spalding Profesional Pro,Deportes,Spalding,294.08,365,SPA-2199-Y70DZ
2200,Sudadera Zara Talla M Color Gris,Ropa,Zara,140.71,64,ZAR-2200-1F4J5
2201,Base de Maquillaje L'Oréal Tono Oscuro,Belleza y Cuidado Personal,L'Oréal,30.21,865,L'O-2201-XQQR5
2202,Protector Solar SPF 50 Maybelline Para todo tipo de piel,Belleza y Cuidado Personal,Maybelline,103.28,743,MAY-2202-7PSQ5
2203,Chamarra Reebok Talla L Color Azul,Ropa,Reebok,132.1,943,REE-2203-INXSR
2204,Smartwatch Samsung Lite 256GB,Electrónica,Samsung,1183.33,497,SAM-2204-5F6BM
2205,Perfume 100ml L'Oréal Tono Claro,Belleza y Cuidado Personal,L'Oréal,49.18,502,L'O-2205-M10J0
2206,Short Deportivo Nike Talla S Color Negro,Ropa,Nike,52.22,722,NIK-2206-ELLL6
2207,Audífonos Inalámbricos Samsung Lite 128GB,Electrónica,Samsung,1283.67,402,SAM-2207-M7N2S
2208,Rímel Voluminizador CeraVe Tono Oscuro,Belleza y Cuidado Personal,CeraVe,43.33,654,CER-2208-SYHHP
2209,Gorra Nike Talla S Color Rojo,Ropa,Nike,83.47,76,NIK-2209-2BLB5
2210,Goggles de Natación CamelBak Profesional Premium,Deportes,CamelBak,186.23,19,CAM-2210-PHTTE
2211,Batidora de Pedestal T-fal Modelo 1845,Hogar,T-fal,758.82,140,T-F-2211-0TF9F
2212,Chamarra Converse Talla XL Color Negro,Ropa,Converse,23.38,139,CON-2212-U7HQ0
2213,Mochila de Senderismo CamelBak Profesional Estándar,Deportes,CamelBak,17.65,646,CAM-2213-KAGRU
2214,Camiseta Calvin Klein Talla L Color Azul,Ropa,Calvin Klein,62.29,259,CAL-2214-CT5S2
2215,Shampoo Clinique Piel Seca,Belleza y Cuidado Personal,Clinique,17.63,568,CLI-2215-KCCXL
2216,Tapete de Yoga CamelBak Profesional Estándar,Deportes,CamelBak,177.74,500,CAM-2216-XQ55M
2217,Licuadora Ninja Modelo 3110,Hogar,Ninja,697.04,440,NIN-2217-5TS1Q
2218,Chamarra Tommy Hilfiger Talla M Color Rojo,Ropa,Tommy Hilfiger,126.82,4,TOM-2218-II2RK
2219,Smartwatch Acer Ultra,Electrónica,Acer,195.36,51,ACE-2219-RZPIS
2220,Camiseta H&M Talla L Color Rojo,Ropa,H&M,137.72,834,H&M-2220-HOHZP
2221,TV 4K Apple Pro,Electrónica,Apple,1079.22,974,APP-2221-OHWII
2222,Chamarra Adidas Talla XL Color Gris,Ropa,Adidas,87.98,375,ADI-2222-R1LRJ
2223,Short Deportivo Puma Talla S Color Rojo,Ropa,Puma,80.87,505,PUM-2223-4V2YB
2224,Protector Solar SPF 50 Garnier Para todo tipo de piel,Belleza y Cuidado Personal,Garnier,46.68,422,GAR-2224-SI1XR
2225,Shampoo La Roche-Posay Tono Oscuro,Belleza y Cuidado Personal,La Roche-Posay,21.03,871,LA -2225-G68VT
2226,Smartwatch Samsung Max 256GB,Electrónica,Samsung,1194.39,139,SAM-2226-ZZPCD
2227,Cámara Mirrorless LG Max 256GB,Electrónica,LG,669.41,60,LG-2227-NCRGE
2228,Batidora de Pedestal Oster Modelo 7000,Hogar,Oster,41.95,165,OST-2228-AEMEX
2229,Tienda de Campaña Gatorade Profesional Estándar,Deportes,Gatorade,50.19,329,GAT-2229-XT2KA
2230,Balón de Básquetbol Yeti Profesional Premium,Deportes,Yeti,137.24,749,YET-2230-XHS2V
2231,Smartwatch Samsung Ultra 128GB,Electrónica,Samsung,1956.49,11,SAM-2231-VWS5D
2232,Suéter Calvin Klein Talla XXL Color Gris,Ropa,Calvin Klein,62.46,736,CAL-2232-7Y0QB
2233,Tapete de Yoga Gatorade Profesional Premium,Deportes,Gatorade,132.91,32,GAT-2233-318N5
2234,Gorra Reebok Talla S Color Negro,Ropa,Reebok,19.01,280,REE-2234-W5W0Y
2235,Acondicionador Garnier Para todo tipo de piel,Belleza y Cuidado Personal,Garnier,42.09,966,GAR-2235-JZIIM
2236,Pantalón de Mezclilla Converse Talla M Color Gris,Ropa,Converse,21.15,838,CON-2236-GDYBC
2237,Batidora de Pedestal Hamilton Beach Modelo 6213,Hogar,Hamilton Beach,454.99,737,HAM-2237-JJYXS
2238,Sudadera H&M Talla M Color Rojo,Ropa,H&M,25.26,590,H&M-2238-PQFC1
2239,Gorra Puma Talla XXL Color Gris,Ropa,Puma,96.76,279,PUM-2239-RHY5K
2240,Gorra Zara Talla S Color Blanco,Ropa,Zara,46.87,92,ZAR-2240-PSGYP
2241,Base de Maquillaje MAC Para todo tipo de piel,Belleza y Cuidado Personal,MAC,58.82,77,MAC-2241-O7C8U
2242,Balón de Básquetbol Rawlings Profesional Premium,Deportes,Rawlings,137.35,978,RAW-2242-2CB6Q
2243,Audífonos Inalámbricos Sony Pro 1TB,Electrónica,Sony,2294.97,566,SON-2243-IEDNH
2244,Desmaquillante MAC Tono Oscuro,Belleza y Cuidado Personal,MAC,9.93,906,MAC-2244-UTGLP
2245,Balón de Básquetbol Coleman Profesional Edición Especial,Deportes,Coleman,133.12,952,COL-2245-MBMG7
2246,Perfume 100ml Dove Piel Seca,Belleza y Cuidado Personal,Dove,102.23,562,DOV-2246-HD8WB
2247,Tienda de Campaña Everlast Profesional Premium,Deportes,Everlast,131.93,958,EVE-2247-014UK
2248,Cámara Mirrorless Acer Lite 256GB,Electrónica,Acer,1047.16,550,ACE-2248-Q6Q6V
2249,Smartwatch Xiaomi Lite 512GB,Electrónica,Xiaomi,2452.58,196,XIA-2249-6SK2R
2250,Procesador de Alimentos Koblenz Modelo 5059,Hogar,Koblenz,659.11,452,KOB-2250-HHGJM
2251,Suéter Zara Talla XXL Color Negro,Ropa,Zara,111.18,659,ZAR-2251-ODILL
2252,Raqueta de Tenis Everlast Profesional Premium,Deportes,Everlast,205.06,477,EVE-2252-FUSBL
2253,Gorra Vans Talla M Color Rojo,Ropa,Vans,133.78,268,VAN-2253-Y11HM
2254,Botella de Agua 1L Coleman Profesional Edición Especial,Deportes,Coleman,184.56,906,COL-2254-5F8O7
2255,Plancha de Vapor T-fal Modelo 7139,Hogar,T-fal,423.62,725,T-F-2255-BY881
2256,Freidora de Aire Philips Modelo 6930,Hogar,Philips,798.1,224,PHI-2256-AS6KY
2257,Freidora de Aire KitchenAid Modelo 7334,Hogar,KitchenAid,425.74,937,KIT-2257-9K2AH
2258,Licuadora T-fal Modelo 3803,Hogar,T-fal,693.36,69,T-F-2258-9N6VO
2259,Crema Hidratante Maybelline Piel Seca,Belleza y Cuidado Personal,Maybelline,93.28,601,MAY-2259-LSQPZ
2260,Short Deportivo Under Armour Talla XXL Color Negro,Ropa,Under Armour,114.26,778,UND-2260-TWYRG
2261,Cafetera Ninja Modelo 8290,Hogar,Ninja,205.28,138,NIN-2261-VH2SW
2262,Tostador Hamilton Beach Modelo 3507,Hogar,Hamilton Beach,687.86,573,HAM-2262-S5IAP
2263,Procesador de Alimentos Ninja Modelo 2331,Hogar,Ninja,232.35,473,NIN-2263-PUS7S
2264,Batidora de Pedestal Mabe Modelo 7051,Hogar,Mabe,454.52,812,MAB-2264-WXYPA
2265,Cafetera Black+Decker Modelo 6844,Hogar,Black+Decker,480.42,711,BLA-2265-CB9FC
2266,Smartphone LG Plus 256GB,Electrónica,LG,807.7,827,LG-2266-093R5
2267,Base de Maquillaje MAC Tono Claro,Belleza y Cuidado Personal,MAC,68.08,548,MAC-2267-ELX4W
2268,Tenis Puma Talla XL Color Gris,Ropa,Puma,97.24,154,PUM-2268-B1Y9X
2269,Microondas Oster Modelo 6002,Hogar,Oster,586.32,851,OST-2269-IF6TX
2270,Goggles de Natación CamelBak Profesional Premium,Deportes,CamelBak,271.74,817,CAM-2270-73BTB
2271,Licuadora Philips Modelo 4983,Hogar,Philips,370.07,492,PHI-2271-YG7UF
2272,Pantalón de Mezclilla Under Armour Talla L Color Gris,Ropa,Under Armour,135.93,53,UND-2272-1R1NY
2273,Freidora de Aire T-fal Modelo 4651,Hogar,T-fal,538.91,280,T-F-2273-YPN04
2274,TV 4K Lenovo Ultra,Electrónica,Lenovo,1424.69,665,LEN-2274-I4JLG
2275,Tostador Dyson Modelo 9620,Hogar,Dyson,233.92,731,DYS-2275-XX7DO
2276,Teclado Mecánico Asus Ultra 256GB,Electrónica,Asus,1279.86,505,ASU-2276-LSCLP
2277,Licuadora KitchenAid Modelo 8001,Hogar,KitchenAid,203.0,964,KIT-2277-MQ89B
2278,Calcetines (Paquete) H&M Talla XL Color Azul,Ropa,H&M,120.08,877,H&M-2278-ANNSP
2279,Chaqueta de Cuero Nike Talla L Color Blanco,Ropa,Nike,121.63,798,NIK-2279-XP1WF
2280,Refrigerador Mabe Modelo 7294,Hogar,Mabe,50.51,210,MAB-2280-3XTIM
2281,Chamarra H&M Talla XXL Color Gris,Ropa,H&M,121.64,171,H&M-2281-0GIS6
2282,Refrigerador T-fal Modelo 1637,Hogar,T-fal,44.73,979,T-F-2282-2JCZZ
2283,Procesador de Alimentos Mabe Modelo 5048,Hogar,Mabe,633.71,0,MAB-2283-WUVW1
2284,Base de Maquillaje Dove Tono Oscuro,Belleza y Cuidado Personal,Dove,115.24,231,DOV-2284-4OXIJ
2285,Plancha de Vapor KitchenAid Modelo 8796,Hogar,KitchenAid,216.25,909,KIT-2285-TTX81
2286,Freidora de Aire Whirlpool Modelo 2431,Hogar,Whirlpool,337.2,651,WHI-2286-UUL0Z
2287,Suero de Vitamina C MAC Tono Oscuro,Belleza y Cuidado Personal,MAC,52.39,323,MAC-2287-PB547
2288,Calcetines (Paquete) Nike Talla XXL Color Rojo,Ropa,Nike,71.95,727,NIK-2288-2JDAC
2289,Procesador de Alimentos Hamilton Beach Modelo 9800,Hogar,Hamilton Beach,532.57,508,HAM-2289-MBPFT
2290,Audífonos Inalámbricos Sony Ultra 128GB,Electrónica,Sony,1052.84,314,SON-2290-S2M48
2291,Aspiradora Black+Decker Modelo 5685,Hogar,Black+Decker,614.76,324,BLA-2291-UTVC9
2292,Batidora de Pedestal KitchenAid Modelo 2940,Hogar,KitchenAid,369.97,307,KIT-2292-FW3PW
2293,Crema Hidratante Garnier Piel Seca,Belleza y Cuidado Personal,Garnier,37.96,522,GAR-2293-9HH67
2294,Tapete de Yoga Coleman Profesional Pro,Deportes,Coleman,69.03,919,COL-2294-TXMOM
2295,Pantalón de Mezclilla Levi's Talla XL Color Azul,Ropa,Levi's,109.8,286,LEV-2295-OGX47
2296,Balón de Básquetbol Gatorade Profesional Edición Especial,Deportes,Gatorade,260.56,749,GAT-2296-E65HR
2297,Botella de Agua 1L Everlast Profesional Edición Especial,Deportes,Everlast,256.69,728,EVE-2297-II9TA
2298,Crema Hidratante Dove Piel Seca,Belleza y Cuidado Personal,Dove,54.4,334,DOV-2298-B7DSH
2299,Protector Solar SPF 50 Dove Para todo tipo de piel,Belleza y Cuidado Personal,Dove,58.47,490,DOV-2299-SJ6VL
2300,Smartphone Motorola Lite 1TB,Electrónica,Motorola,698.47,539,MOT-2300-3RHU8
2301,Tienda de Campaña Yeti Profesional Premium,Deportes,Yeti,170.47,969,YET-2301-H9KV6
2302,Shampoo MAC Tono Claro,Belleza y Cuidado Personal,MAC,52.27,109,MAC-2302-FVAL2
2303,Base de Maquillaje Clinique Tono Claro,Belleza y Cuidado Personal,Clinique,70.2,991,CLI-2303-47A1E
2304,Botella de Agua 1L Speedo Profesional Pro,Deportes,Speedo,276.7,246,SPE-2304-BJAKD
2305,Protector Solar SPF 50 L'Oréal Piel Seca,Belleza y Cuidado Personal,L'Oréal,105.43,151,L'O-2305-Q0XGW
2306,Shampoo La Roche-Posay Tono Medio,Belleza y Cuidado Personal,La Roche-Posay,68.51,177,LA -2306-QDV9C
2307,Bocina Bluetooth Lenovo Pro 1TB,Electrónica,Lenovo,1839.1,769,LEN-2307-2JHNY
2308,Suero de Vitamina C Maybelline Tono Claro,Belleza y Cuidado Personal,Maybelline,44.31,729,MAY-2308-RPEXB
2309,Microondas Koblenz Modelo 3786,Hogar,Koblenz,233.28,149,KOB-2309-V0JJ4
2310,Procesador de Alimentos Mabe Modelo 9720,Hogar,Mabe,634.96,731,MAB-2310-X7ATF
2311,Tapete de Yoga CamelBak Profesional Pro,Deportes,CamelBak,70.28,181,CAM-2311-KAA9J
2312,Rímel Voluminizador Revlon Tono Oscuro,Belleza y Cuidado Personal,Revlon,89.11,411,REV-2312-CBVP6
2313,Sudadera Reebok Talla S Color Negro,Ropa,Reebok,114.12,106,REE-2313-9A4DA
2314,Procesador de Alimentos KitchenAid Modelo 2608,Hogar,KitchenAid,70.82,437,KIT-2314-NT3H6
2315,Desmaquillante Revlon Para todo tipo de piel,Belleza y Cuidado Personal,Revlon,48.19,715,REV-2315-AXLA1
2316,Acondicionador Dove Tono Oscuro,Belleza y Cuidado Personal,Dove,27.8,154,DOV-2316-ZSV4E
2317,Smartphone HP Gen 5 128GB,Electrónica,HP,2143.55,609,HP-2317-EKTH9
2318,Rímel Voluminizador Estée Lauder Tono Medio,Belleza y Cuidado Personal,Estée Lauder,29.29,553,EST-2318-YHH9U
2319,Tablet Motorola Ultra 128GB,Electrónica,Motorola,1581.62,773,MOT-2319-P8RDC
2320,Tienda de Campaña Gatorade Profesional Pro,Deportes,Gatorade,137.28,500,GAT-2320-JWUJI
2321,Aspiradora T-fal Modelo 5802,Hogar,T-fal,271.35,442,T-F-2321-HFM4Z
2322,Base de Maquillaje MAC Para todo tipo de piel,Belleza y Cuidado Personal,MAC,70.61,664,MAC-2322-I6BAD
2323,Bocina Bluetooth HP Gen 6,Electrónica,HP,429.67,638,HP-2323-PSJZB
2324,Raqueta de Tenis Yeti Profesional Pro,Deportes,Yeti,283.93,730,YET-2324-BAASF
2325,Labial Líquido Dove Piel Seca,Belleza y Cuidado Personal,Dove,113.91,289,DOV-2325-BR0F6
2326,Mouse Acer Pro 1TB,Electrónica,Acer,2477.35,821,ACE-2326-AO1ST
2327,Tapete de Yoga Wilson Profesional Premium,Deportes,Wilson,19.72,322,WIL-2327-6X8C5
2328,Aspiradora KitchenAid Modelo 4044,Hogar,KitchenAid,90.28,702,KIT-2328-NZZ8W
2329,Licuadora Mabe Modelo 7440,Hogar,Mabe,403.55,268,MAB-2329-CG79T
2330,Calcetines (Paquete) Nike Talla L Color Gris,Ropa,Nike,135.92,625,NIK-2330-19G41
2331,Pantalón de Mezclilla H&M Talla M Color Azul,Ropa,H&M,46.34,420,H&M-2331-WPD3R
2332,Suéter Zara Talla S Color Rojo,Ropa,Zara,32.61,44,ZAR-2332-HHN6F
2333,Sudadera Under Armour Talla M Color Negro,Ropa,Under Armour,125.68,338,UND-2333-HK7XN
2334,Acondicionador Revlon Para todo tipo de piel,Belleza y Cuidado Personal,Revlon,19.24,892,REV-2334-QAWY1
2335,Cámara Mirrorless Lenovo Ultra 512GB,Electrónica,Lenovo,849.02,944,LEN-2335-J682J
2336,Tablet Asus Ultra 512GB,Electrónica,Asus,2064.02,902,ASU-2336-IGJJ0
2337,Guantes de Box Yeti Profesional Edición Especial,Deportes,Yeti,160.35,185,YET-2337-6GTBK
2338,Bocina Bluetooth Acer Lite 128GB,Electrónica,Acer,1181.45,336,ACE-2338-QSDCQ
2339,Mancuernas 10kg Speedo Profesional Edición Especial,Deportes,Speedo,181.77,273,SPE-2339-M7J1G
2340,Desmaquillante L'Oréal Tono Medio,Belleza y Cuidado Personal,L'Oréal,5.79,851,L'O-2340-88N7S
2341,Smartwatch Apple Lite 128GB,Electrónica,Apple,214.69,692,APP-2341-LE2Q2
2342,Audífonos Inalámbricos Acer Lite,Electrónica,Acer,1791.85,401,ACE-2342-VJMEM
2343,Guantes de Box Coleman Profesional Edición Especial,Deportes,Coleman,280.11,759,COL-2343-1Z4AD
2344,Tapete de Yoga Speedo Profesional Estándar,Deportes,Speedo,243.8,306,SPE-2344-M99GM
2345,Chaqueta de Cuero Vans Talla XL Color Azul,Ropa,Vans,108.16,1,VAN-2345-WFWTD
2346,Tienda de Campaña Yeti Profesional Estándar,Deportes,Yeti,70.61,472,YET-2346-P6USU
2347,Protector Solar SPF 50 Estée Lauder Tono Oscuro,Belleza y Cuidado Personal,Estée Lauder,81.97,517,EST-2347-USSBV
2348,Shampoo Estée Lauder Piel Seca,Belleza y Cuidado Personal,Estée Lauder,69.63,239,EST-2348-IEOLT
2349,Base de Maquillaje La Roche-Posay Tono Oscuro,Belleza y Cuidado Personal,La Roche-Posay,9.9,776,LA -2349-AI0CJ
2350,Camiseta Tommy Hilfiger Talla XL Color Negro,Ropa,Tommy Hilfiger,61.63,727,TOM-2350-ABWH4
2351,Freidora de Aire Hamilton Beach Modelo 6951,Hogar,Hamilton Beach,221.44,508,HAM-2351-TKYAU
2352,Pantalón de Mezclilla Calvin Klein Talla L Color Blanco,Ropa,Calvin Klein,45.85,916,CAL-2352-KV7BZ
2353,TV 4K LG Ultra 512GB,Electrónica,LG,2237.35,915,LG-2353-DOTDQ
2354,Mancuernas 10kg CamelBak Profesional Premium,Deportes,CamelBak,64.49,4,CAM-2354-F6744
2355,Rímel Voluminizador Maybelline Para todo tipo de piel,Belleza y Cuidado Personal,Maybelline,41.89,99,MAY-2355-8FNNO
2356,Mochila de Senderismo Everlast Profesional Pro,Deportes,Everlast,244.78,533,EVE-2356-XU1VV
2357,Aspiradora Philips Modelo 6256,Hogar,Philips,349.84,956,PHI-2357-FOUS2
2358,Cafetera T-fal Modelo 4029,Hogar,T-fal,120.29,121,T-F-2358-QWFOC
2359,Acondicionador CeraVe Tono Claro,Belleza y Cuidado Personal,CeraVe,111.03,184,CER-2359-7E14X
2360,Rímel Voluminizador Revlon Tono Medio,Belleza y Cuidado Personal,Revlon,117.93,468,REV-2360-4E11A
2361,Batidora de Pedestal Oster Modelo 8891,Hogar,Oster,141.44,784,OST-2361-OXAH5
2362,Short Deportivo Reebok Talla XL Color Gris,Ropa,Reebok,84.2,817,REE-2362-E9JDZ
2363,Licuadora T-fal Modelo 2475,Hogar,T-fal,46.77,915,T-F-2363-1U6GE
2364,Procesador de Alimentos T-fal Modelo 7542,Hogar,T-fal,105.57,985,T-F-2364-S3WID
2365,Suero de Vitamina C La Roche-Posay Tono Oscuro,Belleza y Cuidado Personal,La Roche-Posay,55.3,971,LA -2365-FIVQV
2366,Botella de Agua 1L Everlast Profesional Premium,Deportes,Everlast,165.49,634,EVE-2366-09CLK
2367,Sudadera Levi's Talla XXL Color Blanco,Ropa,Levi's,62.14,391,LEV-2367-G45D3
2368,Aspiradora Hamilton Beach Modelo 8462,Hogar,Hamilton Beach,55.1,347,HAM-2368-3GDXM
2369,Smartwatch Motorola Gen 8 128GB,Electrónica,Motorola,1039.64,800,MOT-2369-QWWS9
2370,Freidora de Aire Hamilton Beach Modelo 3035,Hogar,Hamilton Beach,421.65,143,HAM-2370-UZWON
2371,"Monitor 24"" HP Lite",Electrónica,HP,2456.17,577,HP-2371-BGHUL
2372,Protector Solar SPF 50 Clinique Tono Claro,Belleza y Cuidado Personal,Clinique,57.58,164,CLI-2372-CJW6Q
2373,Camiseta Nike Talla XL Color Azul,Ropa,Nike,92.71,339,NIK-2373-XIAYC
2374,Aspiradora Mabe Modelo 5700,Hogar,Mabe,635.28,478,MAB-2374-SC4GP
2375,Laptop Acer Pro 512GB,Electrónica,Acer,2455.89,430,ACE-2375-SYQT2
2376,Suéter Calvin Klein Talla XL Color Azul,Ropa,Calvin Klein,23.01,843,CAL-2376-9TDL6
2377,Camiseta Calvin Klein Talla XL Color Gris,Ropa,Calvin Klein,145.7,73,CAL-2377-CSY09
2378,Short Deportivo H&M Talla S Color Gris,Ropa,H&M,79.03,884,H&M-2378-LGDXD
2379,Chamarra Zara Talla S Color Blanco,Ropa,Zara,59.41,434,ZAR-2379-7J3W8
2380,Botella de Agua 1L Coleman Profesional Pro,Deportes,Coleman,104.0,703,COL-2380-8S4VJ
2381,Suero de Vitamina C Dove Piel Seca,Belleza y Cuidado Personal,Dove,80.64,101,DOV-2381-HKZ74
2382,Bocina Bluetooth JBL Plus 1TB,Electrónica,JBL,712.84,303,JBL-2382-KSIRM
2383,Sudadera Reebok Talla M Color Azul,Ropa,Reebok,26.08,60,REE-2383-0K5SB
2384,Procesador de Alimentos Mabe Modelo 5131,Hogar,Mabe,709.25,921,MAB-2384-30RUW
2385,Freidora de Aire T-fal Modelo 3562,Hogar,T-fal,657.77,504,T-F-2385-CO3TH
2386,Chaqueta de Cuero Reebok Talla S Color Gris,Ropa,Reebok,18.03,687,REE-2386-B1SDV
2387,Calcetines (Paquete) Reebok Talla S Color Negro,Ropa,Reebok,72.44,12,REE-2387-O94NO
2388,Tostador T-fal Modelo 1010,Hogar,T-fal,488.41,940,T-F-2388-VA8N3
2389,Tablet Xiaomi Pro 512GB,Electrónica,Xiaomi,2197.1,338,XIA-2389-1S58C
2390,Cafetera T-fal Modelo 8024,Hogar,T-fal,330.75,262,T-F-2390-CJ21X
2391,Freidora de Aire Hamilton Beach Modelo 4826,Hogar,Hamilton Beach,135.02,10,HAM-2391-B5GT8
2392,Protector Solar SPF 50 L'Oréal Para todo tipo de piel,Belleza y Cuidado Personal,L'Oréal,119.06,966,L'O-2392-YE3XC
2393,Guantes de Box Spalding Profesional Estándar,Deportes,Spalding,25.69,49,SPA-2393-T1YAB
2394,Balón de Básquetbol Coleman Profesional Edición Especial,Deportes,Coleman,157.96,516,COL-2394-RHXR6
2395,Plancha de Vapor Black+Decker Modelo 1535,Hogar,Black+Decker,133.73,629,BLA-2395-0DQ0F
2396,Labial Líquido Maybelline Piel Seca,Belleza y Cuidado Personal,Maybelline,75.32,295,MAY-2396-TRADJ
2397,Mancuernas 10kg Spalding Profesional Premium,Deportes,Spalding,43.06,467,SPA-2397-NTLPM
2398,Mancuernas 10kg Everlast Profesional Premium,Deportes,Everlast,258.91,598,EVE-2398-J04EQ
2399,Tenis Calvin Klein Talla L Color Negro,Ropa,Calvin Klein,128.96,876,CAL-2399-RL72C
2400,Licuadora Koblenz Modelo 8098,Hogar,Koblenz,74.55,961,KOB-2400-PIYPA
2401,Suero de Vitamina C Maybelline Piel Seca,Belleza y Cuidado Personal,Maybelline,5.05,416,MAY-2401-57AB1
2402,Cafetera Koblenz Modelo 3524,Hogar,Koblenz,359.69,447,KOB-2402-BCCVJ
2403,Suero de Vitamina C Clinique Tono Claro,Belleza y Cuidado Personal,Clinique,119.45,850,CLI-2403-UMGN8
2404,"Monitor 24"" Bose Max 128GB",Electrónica,Bose,1668.64,515,BOS-2404-JTB8L
2405,Refrigerador Oster Modelo 7910,Hogar,Oster,446.96,928,OST-2405-5FQR0
2406,Mancuernas 10kg Spalding Profesional Estándar,Deportes,Spalding,182.35,844,SPA-2406-Q21SF
2407,Tenis Reebok Talla L Color Azul,Ropa,Reebok,142.71,663,REE-2407-620HQ
2408,Suéter Levi's Talla L Color Gris,Ropa,Levi's,51.18,706,LEV-2408-J8UX4
2409,Protector Solar SPF 50 Estée Lauder Tono Oscuro,Belleza y Cuidado Personal,Estée Lauder,10.46,488,EST-2409-PAV7Q
2410,Camiseta Converse Talla XL Color Rojo,Ropa,Converse,45.54,742,CON-2410-H1VN6
2411,Smartphone Asus Plus 128GB,Electrónica,Asus,597.34,188,ASU-2411-14BQE
2412,Perfume 100ml Maybelline Piel Seca,Belleza y Cuidado Personal,Maybelline,36.5,108,MAY-2412-ILKMG
2413,Pantalón de Mezclilla Calvin Klein Talla L Color Blanco,Ropa,Calvin Klein,62.54,626,CAL-2413-MQ1GR
2414,Botella de Agua 1L Spalding Profesional Estándar,Deportes,Spalding,272.95,967,SPA-2414-G2WE3
2415,Plancha de Vapor T-fal Modelo 3111,Hogar,T-fal,45.3,406,T-F-2415-44DXG
2416,Batidora de Pedestal T-fal Modelo 8703,Hogar,T-fal,315.07,664,T-F-2416-Z7RNM
2417,Desmaquillante Clinique Tono Oscuro,Belleza y Cuidado Personal,Clinique,78.63,290,CLI-2417-WFAH1
2418,Balón de Básquetbol CamelBak Profesional Edición Especial,Deportes,CamelBak,178.15,583,CAM-2418-R3APK
2419,Shampoo CeraVe Tono Medio,Belleza y Cuidado Personal,CeraVe,59.16,214,CER-2419-PQT6E
2420,Cafetera Koblenz Modelo 6153,Hogar,Koblenz,356.52,587,KOB-2420-FZLIF
2421,Camiseta Tommy Hilfiger Talla M Color Blanco,Ropa,Tommy Hilfiger,64.91,153,TOM-2421-Y68UQ
2422,Calcetines (Paquete) Adidas Talla L Color Negro,Ropa,Adidas,39.47,200,ADI-2422-5UYOK
2423,Acondicionador Nivea Piel Seca,Belleza y Cuidado Personal,Nivea,54.74,493,NIV-2423-JBZCZ
2424,Base de Maquillaje Revlon Para todo tipo de piel,Belleza y Cuidado Personal,Revlon,11.39,771,REV-2424-TJVLI
2425,Sudadera Adidas Talla M Color Azul,Ropa,Adidas,57.78,483,ADI-2425-OUHNR
2426,Balón de Básquetbol Speedo Profesional Edición Especial,Deportes,Speedo,95.89,23,SPE-2426-5SN4J
2427,Tapete de Yoga Spalding Profesional Premium,Deportes,Spalding,94.04,516,SPA-2427-J875K
2428,Mochila de Senderismo Speedo Profesional Edición Especial,Deportes,Speedo,142.59,268,SPE-2428-TNT6S
2429,Gorra Adidas Talla L Color Gris,Ropa,Adidas,122.03,278,ADI-2429-4IHU9
2430,Bocina Bluetooth Sony Max,Electrónica,Sony,2216.8,496,SON-2430-VAIAB
2431,Base de Maquillaje Estée Lauder Para todo tipo de piel,Belleza y Cuidado Personal,Estée Lauder,40.53,383,EST-2431-6VMGD
2432,Microondas Oster Modelo 3065,Hogar,Oster,669.37,243,OST-2432-UFKE7
2433,Short Deportivo Adidas Talla XXL Color Rojo,Ropa,Adidas,50.44,501,ADI-2433-8F9VH
2434,Sudadera Under Armour Talla S Color Azul,Ropa,Under Armour,63.38,944,UND-2434-AQD1Q
2435,Aspiradora Philips Modelo 5496,Hogar,Philips,174.07,741,PHI-2435-96C37
2436,Chaqueta de Cuero Tommy Hilfiger Talla M Color Rojo,Ropa,Tommy Hilfiger,116.94,504,TOM-2436-QBKKU
2437,Mancuernas 10kg Wilson Profesional Pro,Deportes,Wilson,253.95,639,WIL-2437-DKYBN
2438,Plancha de Vapor Mabe Modelo 7034,Hogar,Mabe,141.65,423,MAB-2438-5KAYE
2439,Tapete de Yoga Everlast Profesional Premium,Deportes,Everlast,133.01,781,EVE-2439-UQ6AZ
2440,Short Deportivo Calvin Klein Talla XXL Color Rojo,Ropa,Calvin Klein,131.0,251,CAL-2440-NB0PE
2441,Pantalón de Mezclilla Converse Talla M Color Azul,Ropa,Converse,73.56,720,CON-2441-U6IT5
2442,Tenis Zara Talla XXL Color Azul,Ropa,Zara,114.68,735,ZAR-2442-TGW7S
2443,Procesador de Alimentos Dyson Modelo 7481,Hogar,Dyson,78.28,32,DYS-2443-T2FV1
2444,Labial Líquido CeraVe Tono Claro,Belleza y Cuidado Personal,CeraVe,48.44,517,CER-2444-GMMGD
2445,Microondas Mabe Modelo 4879,Hogar,Mabe,483.89,341,MAB-2445-4MW5E
2446,Procesador de Alimentos Black+Decker Modelo 6094,Hogar,Black+Decker,596.27,754,BLA-2446-1FHG9
2447,Aspiradora Oster Modelo 2170,Hogar,Oster,190.69,780,OST-2447-0HHZV
2448,Batidora de Pedestal Philips Modelo 8926,Hogar,Philips,495.17,292,PHI-2448-MNIOE
2449,Tostador Whirlpool Modelo 5738,Hogar,Whirlpool,492.29,428,WHI-2449-268A3
2450,Cafetera Ninja Modelo 3448,Hogar,Ninja,269.05,836,NIN-2450-4EWWO
2451,Chamarra Calvin Klein Talla XL Color Azul,Ropa,Calvin Klein,71.25,74,CAL-2451-04HYC
2452,Chaqueta de Cuero Calvin Klein Talla M Color Rojo,Ropa,Calvin Klein,108.28,929,CAL-2452-Y2AHU
2453,Shampoo Nivea Tono Claro,Belleza y Cuidado Personal,Nivea,7.82,19,NIV-2453-6823N
2454,Protector Solar SPF 50 La Roche-Posay Tono Oscuro,Belleza y Cuidado Personal,La Roche-Posay,51.07,865,LA -2454-SHKGY
2455,Chaqueta de Cuero Tommy Hilfiger Talla XL Color Blanco,Ropa,Tommy Hilfiger,21.97,300,TOM-2455-S0S3Y
2456,Rímel Voluminizador Dove Tono Medio,Belleza y Cuidado Personal,Dove,44.48,537,DOV-2456-EZC3X
2457,Audífonos Inalámbricos Xiaomi Pro 512GB,Electrónica,Xiaomi,811.89,411,XIA-2457-UWHF9
2458,Balón de Básquetbol Spalding Profesional Estándar,Deportes,Spalding,283.49,985,SPA-2458-PKWQH
2459,Rímel Voluminizador Clinique Piel Seca,Belleza y Cuidado Personal,Clinique,70.43,137,CLI-2459-BDDXG
2460,Shampoo Garnier Tono Oscuro,Belleza y Cuidado Personal,Garnier,54.85,831,GAR-2460-TTKZQ
2461,Tostador Philips Modelo 9584,Hogar,Philips,576.59,666,PHI-2461-1WPM2
2462,Microondas Hamilton Beach Modelo 4715,Hogar,Hamilton Beach,701.7,710,HAM-2462-MBZZ3
2463,Tenis Zara Talla M Color Blanco,Ropa,Zara,43.77,485,ZAR-2463-DO4FJ
2464,Mancuernas 10kg Spalding Profesional Edición Especial,Deportes,Spalding,215.26,910,SPA-2464-C942R
2465,Sudadera Under Armour Talla L Color Negro,Ropa,Under Armour,18.97,982,UND-2465-84ZOI
2466,Refrigerador Koblenz Modelo 4592,Hogar,Koblenz,151.07,767,KOB-2466-0U9ZN
2467,Microondas Oster Modelo 5068,Hogar,Oster,195.07,604,OST-2467-63GU5
2468,Guantes de Box Spalding Profesional Premium,Deportes,Spalding,11.19,913,SPA-2468-WBG9Q
2469,Smartphone Apple Pro 512GB,Electrónica,Apple,588.32,446,APP-2469-CQT0V
2470,Balón de Básquetbol Rawlings Profesional Pro,Deportes,Rawlings,280.68,852,RAW-2470-NBC4Y
2471,Base de Maquillaje Dove Tono Medio,Belleza y Cuidado Personal,Dove,92.75,902,DOV-2471-3URRO
2472,Mochila de Senderismo Coleman Profesional Premium,Deportes,Coleman,216.95,115,COL-2472-B4FCQ
2473,Tienda de Campaña Wilson Profesional Pro,Deportes,Wilson,253.33,443,WIL-2473-Z3IWF
2474,Tenis Adidas Talla S Color Azul,Ropa,Adidas,24.36,99,ADI-2474-ZNJUX
2475,Protector Solar SPF 50 Clinique Tono Medio,Belleza y Cuidado Personal,Clinique,69.78,664,CLI-2475-K9TZL
2476,Licuadora Oster Modelo 6822,Hogar,Oster,50.23,319,OST-2476-KHPTE
2477,Tostador Oster Modelo 1070,Hogar,Oster,209.06,89,OST-2477-BCVNF
2478,Perfume 100ml CeraVe Tono Claro,Belleza y Cuidado Personal,CeraVe,96.13,103,CER-2478-7OZX0
2479,Balón de Básquetbol Rawlings Profesional Estándar,Deportes,Rawlings,115.34,343,RAW-2479-85P8L
2480,Freidora de Aire Oster Modelo 5401,Hogar,Oster,106.98,628,OST-2480-58F3P
2481,Guantes de Box Wilson Profesional Estándar,Deportes,Wilson,295.88,991,WIL-2481-G1F8F
2482,Procesador de Alimentos Ninja Modelo 2990,Hogar,Ninja,175.92,875,NIN-2482-I5S2H
2483,Pantalón de Mezclilla Puma Talla XL Color Gris,Ropa,Puma,49.37,946,PUM-2483-FJD10
2484,Tienda de Campaña Wilson Profesional Edición Especial,Deportes,Wilson,30.02,147,WIL-2484-Q9JZ1
2485,Camiseta Vans Talla L Color Rojo,Ropa,Vans,90.61,81,VAN-2485-FS8BE
2486,Tienda de Campaña Rawlings Profesional Edición Especial,Deportes,Rawlings,159.52,243,RAW-2486-G8CZ3
2487,Licuadora Dyson Modelo 2283,Hogar,Dyson,523.91,652,DYS-2487-M9I4F
2488,Refrigerador Dyson Modelo 6862,Hogar,Dyson,98.77,775,DYS-2488-2RSVL
2489,Freidora de Aire Dyson Modelo 9010,Hogar,Dyson,361.34,812,DYS-2489-2772H
2490,Pantalón de Mezclilla Nike Talla L Color Blanco,Ropa,Nike,54.71,274,NIK-2490-0MMUM
2491,Base de Maquillaje Estée Lauder Para todo tipo de piel,Belleza y Cuidado Personal,Estée Lauder,7.35,840,EST-2491-385F3
2492,Smartwatch Xiaomi Gen 6 1TB,Electrónica,Xiaomi,1894.05,581,XIA-2492-BKX36
2493,Protector Solar SPF 50 CeraVe Tono Medio,Belleza y Cuidado Personal,CeraVe,103.59,654,CER-2493-Z35Y9
2494,Suero de Vitamina C L'Oréal Tono Oscuro,Belleza y Cuidado Personal,L'Oréal,101.66,830,L'O-2494-8KOAL
2495,Base de Maquillaje Dove Tono Medio,Belleza y Cuidado Personal,Dove,49.48,906,DOV-2495-ZMVP6
2496,Protector Solar SPF 50 Garnier Tono Medio,Belleza y Cuidado Personal,Garnier,7.71,208,GAR-2496-VGWYW
2497,Crema Hidratante MAC Tono Oscuro,Belleza y Cuidado Personal,MAC,83.45,203,MAC-2497-4RIJG
2498,Aspiradora Dyson Modelo 8462,Hogar,Dyson,363.56,288,DYS-2498-4ZW5V
2499,Suéter Adidas Talla M Color Gris,Ropa,Adidas,46.28,87,ADI-2499-82DSO
2500,Balón de Básquetbol Everlast Profesional Pro,Deportes,Everlast,58.15,502,EVE-2500-GGSVU
2501,Calcetines (Paquete) Converse Talla XXL Color Negro,Ropa,Converse,149.04,433,CON-2501-UDICK
2502,Tablet Sony Max 512GB,Electrónica,Sony,1200.31,443,SON-2502-W9J1C
2503,Labial Líquido MAC Tono Oscuro,Belleza y Cuidado Personal,MAC,73.84,266,MAC-2503-KD6K1
2504,Tienda de Campaña Everlast Profesional Edición Especial,Deportes,Everlast,147.47,960,EVE-2504-0LES5
2505,Rímel Voluminizador CeraVe Tono Oscuro,Belleza y Cuidado Personal,CeraVe,23.04,698,CER-2505-PSBME
2506,Tablet Samsung Ultra 512GB,Electrónica,Samsung,1754.28,133,SAM-2506-AOWPW
2507,Botella de Agua 1L Coleman Profesional Pro,Deportes,Coleman,24.88,548,COL-2507-5KO9S
2508,Chamarra Reebok Talla L Color Azul,Ropa,Reebok,33.35,362,REE-2508-UAV7D
2509,Camiseta Zara Talla XL Color Blanco,Ropa,Zara,149.75,993,ZAR-2509-IKT4T
2510,Refrigerador Philips Modelo 7531,Hogar,Philips,171.38,760,PHI-2510-1M85M
2511,Bocina Bluetooth Xiaomi Max,Electrónica,Xiaomi,972.95,745,XIA-2511-DJJU3
2512,Sudadera Zara Talla L Color Azul,Ropa,Zara,27.51,138,ZAR-2512-XP4IH
2513,Shampoo CeraVe Tono Oscuro,Belleza y Cuidado Personal,CeraVe,104.61,124,CER-2513-OT0CK
2514,Plancha de Vapor Whirlpool Modelo 2199,Hogar,Whirlpool,666.82,87,WHI-2514-B3XBI
2515,Chaqueta de Cuero Zara Talla L Color Rojo,Ropa,Zara,130.14,209,ZAR-2515-Q3GQC
2516,Aspiradora Whirlpool Modelo 2480,Hogar,Whirlpool,704.47,902,WHI-2516-V2P25
2517,Goggles de Natación Coleman Profesional Premium,Deportes,Coleman,51.71,625,COL-2517-BG2PS
2518,Audífonos Inalámbricos Asus Max 256GB,Electrónica,Asus,1216.5,394,ASU-2518-BZERR
2519,Smartwatch Lenovo Pro 256GB,Electrónica,Lenovo,277.9,458,LEN-2519-29UHQ
2520,Raqueta de Tenis CamelBak Profesional Pro,Deportes,CamelBak,266.07,68,CAM-2520-1O8M0
2521,Tapete de Yoga Coleman Profesional Pro,Deportes,Coleman,271.53,409,COL-2521-7J145
2522,Sudadera Zara Talla M Color Gris,Ropa,Zara,56.35,15,ZAR-2522-RJBYR
2523,Gorra Zara Talla S Color Rojo,Ropa,Zara,48.91,266,ZAR-2523-XMJ52
2524,Batidora de Pedestal Hamilton Beach Modelo 7933,Hogar,Hamilton Beach,792.89,51,HAM-2524-F8B89
2525,Suero de Vitamina C L'Oréal Tono Oscuro,Belleza y Cuidado Personal,L'Oréal,75.48,661,L'O-2525-AGAS5
2526,Procesador de Alimentos Koblenz Modelo 3774,Hogar,Koblenz,257.88,662,KOB-2526-VVZYV
2527,Balón de Básquetbol Wilson Profesional Premium,Deportes,Wilson,48.21,729,WIL-2527-HS1OR
2528,Audífonos Inalámbricos Samsung Plus 128GB,Electrónica,Samsung,1030.82,756,SAM-2528-UMGCH
2529,Microondas Mabe Modelo 8470,Hogar,Mabe,63.33,643,MAB-2529-OS491
2530,Laptop Dell Pro 256GB,Electrónica,Dell,1278.05,250,DEL-2530-720X7
2531,Mancuernas 10kg Wilson Profesional Pro,Deportes,Wilson,155.93,468,WIL-2531-HFV7L
2532,Teclado Mecánico Samsung Ultra 512GB,Electrónica,Samsung,1784.54,728,SAM-2532-V2XOA
2533,Batidora de Pedestal Philips Modelo 9306,Hogar,Philips,720.13,561,PHI-2533-UDR4M
2534,Laptop Xiaomi Ultra,Electrónica,Xiaomi,258.51,467,XIA-2534-0RUMO
2535,Plancha de Vapor Whirlpool Modelo 9743,Hogar,Whirlpool,747.06,167,WHI-2535-EC21Z
2536,Procesador de Alimentos Black+Decker Modelo 1926,Hogar,Black+Decker,682.24,821,BLA-2536-NT8QB
2537,Acondicionador Clinique Tono Claro,Belleza y Cuidado Personal,Clinique,35.32,546,CLI-2537-WT62E
2538,Labial Líquido La Roche-Posay Piel Seca,Belleza y Cuidado Personal,La Roche-Posay,23.33,389,LA -2538-EQTTX
2539,Base de Maquillaje Garnier Tono Claro,Belleza y Cuidado Personal,Garnier,26.93,561,GAR-2539-TXV8B
2540,Freidora de Aire Hamilton Beach Modelo 7540,Hogar,Hamilton Beach,474.85,947,HAM-2540-KLEZ7
2541,Plancha de Vapor Koblenz Modelo 6461,Hogar,Koblenz,149.18,181,KOB-2541-D9XRL
2542,Goggles de Natación Everlast Profesional Premium,Deportes,Everlast,143.51,61,EVE-2542-M5H2N
2543,Mochila de Senderismo Coleman Profesional Premium,Deportes,Coleman,138.26,985,COL-2543-MNK8G
2544,Aspiradora Ninja Modelo 8564,Hogar,Ninja,585.63,813,NIN-2544-A9J26
2545,Batidora de Pedestal Oster Modelo 3739,Hogar,Oster,722.69,260,OST-2545-FY28R
2546,Perfume 100ml CeraVe Piel Seca,Belleza y Cuidado Personal,CeraVe,80.01,296,CER-2546-RH7YH
2547,Tapete de Yoga Yeti Profesional Estándar,Deportes,Yeti,167.43,658,YET-2547-J4IH7
2548,Protector Solar SPF 50 Garnier Piel Seca,Belleza y Cuidado Personal,Garnier,14.79,681,GAR-2548-U58UJ
2549,Batidora de Pedestal T-fal Modelo 3671,Hogar,T-fal,560.11,397,T-F-2549-SG4Z3
2550,Teclado Mecánico Acer Gen 8 256GB,Electrónica,Acer,1279.94,399,ACE-2550-1I5TG
2551,TV 4K Bose Plus 512GB,Electrónica,Bose,2239.01,865,BOS-2551-AJS24
2552,Base de Maquillaje Dove Tono Medio,Belleza y Cuidado Personal,Dove,75.14,793,DOV-2552-IY27J
2553,Pantalón de Mezclilla Levi's Talla L Color Rojo,Ropa,Levi's,146.61,993,LEV-2553-W6QC9
2554,Procesador de Alimentos Ninja Modelo 7386,Hogar,Ninja,551.48,379,NIN-2554-9N6QC
2555,Goggles de Natación Wilson Profesional Estándar,Deportes,Wilson,106.15,905,WIL-2555-LDWBU
2556,Suéter Adidas Talla M Color Azul,Ropa,Adidas,129.46,806,ADI-2556-BFXFL
2557,Guantes de Box Wilson Profesional Edición Especial,Deportes,Wilson,172.03,95,WIL-2557-U5HM3
2558,Botella de Agua 1L Rawlings Profesional Edición Especial,Deportes,Rawlings,50.16,665,RAW-2558-VQLW2
2559,Rímel Voluminizador Clinique Piel Seca,Belleza y Cuidado Personal,Clinique,10.39,503,CLI-2559-HSY32
2560,Licuadora Koblenz Modelo 3502,Hogar,Koblenz,777.88,810,KOB-2560-QTXYH
2561,Tapete de Yoga CamelBak Profesional Pro,Deportes,CamelBak,61.06,544,CAM-2561-N3ID4
2562,Acondicionador Nivea Piel Seca,Belleza y Cuidado Personal,Nivea,117.72,632,NIV-2562-L56F7
2563,Chamarra Reebok Talla M Color Blanco,Ropa,Reebok,37.67,587,REE-2563-MFXOP
2564,Mancuernas 10kg Wilson Profesional Edición Especial,Deportes,Wilson,57.09,303,WIL-2564-SLTAC
2565,Batidora de Pedestal Black+Decker Modelo 3415,Hogar,Black+Decker,167.81,663,BLA-2565-EIOOY
2566,Mancuernas 10kg Spalding Profesional Edición Especial,Deportes,Spalding,34.99,640,SPA-2566-169JA
2567,Camiseta Zara Talla M Color Rojo,Ropa,Zara,76.01,291,ZAR-2567-D2NYZ
2568,Mancuernas 10kg Wilson Profesional Estándar,Deportes,Wilson,56.28,42,WIL-2568-5N3X4
2569,Cámara Mirrorless Motorola Gen 4,Electrónica,Motorola,510.74,160,MOT-2569-YMOKL
2570,Protector Solar SPF 50 CeraVe Tono Claro,Belleza y Cuidado Personal,CeraVe,55.8,606,CER-2570-Q7AVJ
2571,Shampoo Dove Tono Claro,Belleza y Cuidado Personal,Dove,97.14,986,DOV-2571-LQ3AN
2572,Procesador de Alimentos T-fal Modelo 1343,Hogar,T-fal,407.18,780,T-F-2572-BIO0O
2573,Smartwatch Sony Pro 256GB,Electrónica,Sony,862.71,361,SON-2573-DL534
2574,Acondicionador Nivea Tono Oscuro,Belleza y Cuidado Personal,Nivea,56.31,578,NIV-2574-639XY
2575,Tablet Dell Max,Electrónica,Dell,805.82,893,DEL-2575-IM2FE
2576,Botella de Agua 1L Coleman Profesional Premium,Deportes,Coleman,33.7,607,COL-2576-LZ417
2577,Goggles de Natación Yeti Profesional Pro,Deportes,Yeti,122.81,692,YET-2577-4F6TG
2578,Tenis Tommy Hilfiger Talla M Color Negro,Ropa,Tommy Hilfiger,108.6,357,TOM-2578-XKJXP
2579,TV 4K Sony Max 512GB,Electrónica,Sony,2324.45,14,SON-2579-4ATPP
2580,Plancha de Vapor T-fal Modelo 7672,Hogar,T-fal,358.5,179,T-F-2580-K8TSX
2581,Chamarra Adidas Talla M Color Rojo,Ropa,Adidas,85.23,198,ADI-2581-0ZAGO
2582,Protector Solar SPF 50 L'Oréal Tono Oscuro,Belleza y Cuidado Personal,L'Oréal,98.3,608,L'O-2582-812JW
2583,Plancha de Vapor Hamilton Beach Modelo 3854,Hogar,Hamilton Beach,384.71,401,HAM-2583-UDXNG
2584,Camiseta Reebok Talla XL Color Blanco,Ropa,Reebok,68.78,392,REE-2584-L0VUJ
2585,Guantes de Box Everlast Profesional Edición Especial,Deportes,Everlast,227.14,233,EVE-2585-68RFT
2586,Smartwatch Dell Pro 128GB,Electrónica,Dell,1270.23,796,DEL-2586-VT0HM
2587,Desmaquillante Clinique Para todo tipo de piel,Belleza y Cuidado Personal,Clinique,8.06,403,CLI-2587-JKUMU
2588,Perfume 100ml CeraVe Tono Claro,Belleza y Cuidado Personal,CeraVe,85.6,508,CER-2588-JE39V
2589,Cafetera KitchenAid Modelo 5772,Hogar,KitchenAid,262.51,313,KIT-2589-7W7FV
2590,Tablet Motorola Gen 7 256GB,Electrónica,Motorola,2062.77,293,MOT-2590-KWO4B
2591,Laptop LG Gen 4 128GB,Electrónica,LG,1256.22,939,LG-2591-4369K
2592,Balón de Básquetbol Wilson Profesional Estándar,Deportes,Wilson,265.78,835,WIL-2592-CPP9H
2593,Camiseta Levi's Talla L Color Gris,Ropa,Levi's,116.23,610,LEV-2593-6DMBZ
2594,"Monitor 24"" Acer Pro 1TB",Electrónica,Acer,1263.11,975,ACE-2594-RHJUK
2595,Sudadera Vans Talla M Color Azul,Ropa,Vans,79.46,988,VAN-2595-VQXFD
2596,Desmaquillante Dove Tono Medio,Belleza y Cuidado Personal,Dove,33.98,342,DOV-2596-7MN9R
2597,Tablet Motorola Gen 4 512GB,Electrónica,Motorola,753.55,524,MOT-2597-2I23F
2598,Cámara Mirrorless JBL Ultra 256GB,Electrónica,JBL,1896.14,53,JBL-2598-KETSF
2599,Procesador de Alimentos Philips Modelo 2890,Hogar,Philips,544.62,156,PHI-2599-BZ9PQ
2600,Tapete de Yoga Wilson Profesional Pro,Deportes,Wilson,105.28,20,WIL-2600-N7HQY
2601,Crema Hidratante MAC Piel Seca,Belleza y Cuidado Personal,MAC,63.45,608,MAC-2601-91VI9
2602,Perfume 100ml Dove Tono Oscuro,Belleza y Cuidado Personal,Dove,78.47,489,DOV-2602-M28RT
2603,Camiseta Levi's Talla M Color Azul,Ropa,Levi's,90.82,467,LEV-2603-U8I2W
2604,Shampoo Maybelline Tono Oscuro,Belleza y Cuidado Personal,Maybelline,88.64,413,MAY-2604-8LZ6B
2605,Audífonos Inalámbricos JBL Ultra 256GB,Electrónica,JBL,2296.9,337,JBL-2605-3AAYI
2606,Tenis Puma Talla S Color Gris,Ropa,Puma,61.54,482,PUM-2606-F9JUD
2607,Freidora de Aire Hamilton Beach Modelo 4273,Hogar,Hamilton Beach,306.82,369,HAM-2607-3D14B
2608,Sudadera Zara Talla XL Color Rojo,Ropa,Zara,95.76,443,ZAR-2608-BD442
2609,Bocina Bluetooth Asus Max 256GB,Electrónica,Asus,1370.95,30,ASU-2609-LB2XB
2610,Tienda de Campaña Spalding Profesional Premium,Deportes,Spalding,147.78,91,SPA-2610-Q9JAN
2611,Tenis Zara Talla L Color Negro,Ropa,Zara,118.06,534,ZAR-2611-SC8JH
2612,Protector Solar SPF 50 Nivea Tono Oscuro,Belleza y Cuidado Personal,Nivea,44.33,444,NIV-2612-5FVVL
2613,Short Deportivo Calvin Klein Talla L Color Gris,Ropa,Calvin Klein,111.58,475,CAL-2613-E6PD4
2614,Suéter Adidas Talla XXL Color Negro,Ropa,Adidas,19.55,672,ADI-2614-W18BB
2615,Crema Hidratante Maybelline Tono Claro,Belleza y Cuidado Personal,Maybelline,59.51,35,MAY-2615-F2C6U
2616,Teclado Mecánico Apple Max,Electrónica,Apple,1027.14,392,APP-2616-JOKVK
2617,Guantes de Box Rawlings Profesional Premium,Deportes,Rawlings,261.71,379,RAW-2617-AWMZ6
2618,Batidora de Pedestal Oster Modelo 5568,Hogar,Oster,278.39,866,OST-2618-PNGYS
2619,Audífonos Inalámbricos Dell Pro,Electrónica,Dell,419.05,315,DEL-2619-MLOF1
2620,Goggles de Natación CamelBak Profesional Pro,Deportes,CamelBak,63.05,861,CAM-2620-XGJH4
2621,Tapete de Yoga Everlast Profesional Edición Especial,Deportes,Everlast,264.89,883,EVE-2621-OOXH9
2622,Teclado Mecánico Bose Lite 128GB,Electrónica,Bose,690.88,890,BOS-2622-LP3U6
2623,Laptop Apple Gen 9 128GB,Electrónica,Apple,2124.46,962,APP-2623-ULO7W
2624,Audífonos Inalámbricos Sony Ultra 1TB,Electrónica,Sony,439.22,231,SON-2624-A04WU
2625,Batidora de Pedestal KitchenAid Modelo 1284,Hogar,KitchenAid,299.48,548,KIT-2625-9CFQS
2626,Crema Hidratante Dove Piel Seca,Belleza y Cuidado Personal,Dove,63.08,112,DOV-2626-T46XE
2627,Calcetines (Paquete) Vans Talla L Color Rojo,Ropa,Vans,107.5,313,VAN-2627-UHS5W
2628,Botella de Agua 1L Gatorade Profesional Estándar,Deportes,Gatorade,26.8,476,GAT-2628-C6NOP
2629,Mochila de Senderismo Yeti Profesional Edición Especial,Deportes,Yeti,15.68,71,YET-2629-CCITU
2630,Calcetines (Paquete) Zara Talla XXL Color Rojo,Ropa,Zara,70.0,287,ZAR-2630-6WB8Q
2631,Smartphone Apple Max,Electrónica,Apple,280.96,619,APP-2631-DHYHV
2632,Raqueta de Tenis Gatorade Profesional Pro,Deportes,Gatorade,293.85,202,GAT-2632-C4TFE
2633,Crema Hidratante Nivea Tono Claro,Belleza y Cuidado Personal,Nivea,44.95,896,NIV-2633-C9HGE
2634,Crema Hidratante Revlon Tono Medio,Belleza y Cuidado Personal,Revlon,7.57,696,REV-2634-WAKFV
2635,Camiseta Tommy Hilfiger Talla XXL Color Rojo,Ropa,Tommy Hilfiger,91.57,241,TOM-2635-Y8K50
2636,TV 4K Sony Pro 512GB,Electrónica,Sony,2359.37,489,SON-2636-Q9HDT
2637,Sudadera Tommy Hilfiger Talla L Color Gris,Ropa,Tommy Hilfiger,86.15,306,TOM-2637-ZP823
2638,Refrigerador Philips Modelo 5975,Hogar,Philips,341.21,430,PHI-2638-Q24PH
2639,TV 4K Xiaomi Max,Electrónica,Xiaomi,2221.62,409,XIA-2639-IONJ0
2640,Desmaquillante L'Oréal Piel Seca,Belleza y Cuidado Personal,L'Oréal,12.82,109,L'O-2640-LNGQV
2641,Tostador KitchenAid Modelo 7550,Hogar,KitchenAid,125.87,946,KIT-2641-YSMDC
2642,Balón de Básquetbol Speedo Profesional Premium,Deportes,Speedo,73.22,401,SPE-2642-8EEJK
2643,Licuadora Ninja Modelo 1626,Hogar,Ninja,236.29,435,NIN-2643-ZMUG3
2644,Smartphone Apple Max 512GB,Electrónica,Apple,900.99,705,APP-2644-XNVOJ
2645,Smartwatch LG Plus 128GB,Electrónica,LG,2454.55,903,LG-2645-K7DGX
2646,Tostador Philips Modelo 6625,Hogar,Philips,528.36,496,PHI-2646-VBSCT
2647,Microondas Hamilton Beach Modelo 6521,Hogar,Hamilton Beach,661.55,944,HAM-2647-LHDKD
2648,Mouse Dell Gen 8,Electrónica,Dell,856.8,357,DEL-2648-EDP16
2649,Tablet JBL Pro 1TB,Electrónica,JBL,1073.39,135,JBL-2649-DJ6RC
2650,Batidora de Pedestal Philips Modelo 4014,Hogar,Philips,229.91,584,PHI-2650-DOTYR
2651,Freidora de Aire T-fal Modelo 4895,Hogar,T-fal,191.53,798,T-F-2651-R8F2Z
2652,Tienda de Campaña Everlast Profesional Edición Especial,Deportes,Everlast,105.94,793,EVE-2652-NBPIU
2653,Smartwatch LG Lite 512GB,Electrónica,LG,916.74,692,LG-2653-ZH8HM
2654,Bocina Bluetooth JBL Pro 128GB,Electrónica,JBL,1852.08,212,JBL-2654-Q9GS2
2655,Camiseta Under Armour Talla XXL Color Blanco,Ropa,Under Armour,16.15,303,UND-2655-UBHQZ
2656,Shampoo Garnier Tono Claro,Belleza y Cuidado Personal,Garnier,9.4,778,GAR-2656-E2P3G
2657,Raqueta de Tenis Everlast Profesional Edición Especial,Deportes,Everlast,236.52,275,EVE-2657-N1FVR
2658,Plancha de Vapor Oster Modelo 8981,Hogar,Oster,157.36,8,OST-2658-VOTHO
2659,Cafetera Ninja Modelo 4031,Hogar,Ninja,152.19,178,NIN-2659-V2UFB
2660,Botella de Agua 1L Yeti Profesional Premium,Deportes,Yeti,276.65,771,YET-2660-5P1NQ
2661,Smartwatch Asus Plus 256GB,Electrónica,Asus,1948.05,780,ASU-2661-URH7G
2662,Batidora de Pedestal KitchenAid Modelo 5164,Hogar,KitchenAid,719.72,274,KIT-2662-6ZJ8E
2663,Procesador de Alimentos Dyson Modelo 7962,Hogar,Dyson,300.21,406,DYS-2663-PEWY2
2664,Batidora de Pedestal Ninja Modelo 5653,Hogar,Ninja,657.61,209,NIN-2664-QYREW
2665,Acondicionador La Roche-Posay Tono Claro,Belleza y Cuidado Personal,La Roche-Posay,54.59,45,LA -2665-NYW9X
2666,Labial Líquido Maybelline Piel Seca,Belleza y Cuidado Personal,Maybelline,58.5,782,MAY-2666-LKJID
2667,Guantes de Box Yeti Profesional Premium,Deportes,Yeti,295.68,879,YET-2667-P2MIF
2668,Raqueta de Tenis CamelBak Profesional Estándar,Deportes,CamelBak,216.48,956,CAM-2668-425QS
2669,Mochila de Senderismo Yeti Profesional Estándar,Deportes,Yeti,250.18,767,YET-2669-CLNAS
2670,Rímel Voluminizador Dove Piel Seca,Belleza y Cuidado Personal,Dove,107.24,345,DOV-2670-JYZRY
2671,Raqueta de Tenis CamelBak Profesional Edición Especial,Deportes,CamelBak,292.36,315,CAM-2671-PRPG3
2672,Guantes de Box Yeti Profesional Edición Especial,Deportes,Yeti,298.08,488,YET-2672-I4TUC
2673,Aspiradora T-fal Modelo 3532,Hogar,T-fal,356.37,282,T-F-2673-6QJS0
2674,Mochila de Senderismo Coleman Profesional Edición Especial,Deportes,Coleman,59.67,126,COL-2674-6QC3N
2675,Labial Líquido Revlon Tono Oscuro,Belleza y Cuidado Personal,Revlon,53.75,490,REV-2675-NVPTT
2676,TV 4K LG Max,Electrónica,LG,804.34,624,LG-2676-NN8MY
2677,Protector Solar SPF 50 Garnier Tono Claro,Belleza y Cuidado Personal,Garnier,59.99,999,GAR-2677-JQVAB
2678,Microondas Whirlpool Modelo 3789,Hogar,Whirlpool,773.25,495,WHI-2678-6FE9V
2679,Tablet Sony Ultra 1TB,Electrónica,Sony,772.45,478,SON-2679-PDJUO
2680,Pantalón de Mezclilla Vans Talla S Color Negro,Ropa,Vans,68.9,318,VAN-2680-H0IFH
2681,Audífonos Inalámbricos Lenovo Pro 1TB,Electrónica,Lenovo,1544.01,133,LEN-2681-K0FIM
2682,Guantes de Box Speedo Profesional Premium,Deportes,Speedo,150.12,34,SPE-2682-T31OF
2683,TV 4K Lenovo Plus 1TB,Electrónica,Lenovo,235.16,913,LEN-2683-LCVU7
2684,Base de Maquillaje Clinique Tono Oscuro,Belleza y Cuidado Personal,Clinique,71.96,165,CLI-2684-UD4LK
2685,Guantes de Box Coleman Profesional Pro,Deportes,Coleman,170.68,657,COL-2685-4HFK9
2686,Rímel Voluminizador Estée Lauder Tono Medio,Belleza y Cuidado Personal,Estée Lauder,35.66,620,EST-2686-NGT5G
2687,Aspiradora Philips Modelo 6594,Hogar,Philips,313.32,285,PHI-2687-R83XY
2688,Suéter Reebok Talla M Color Blanco,Ropa,Reebok,114.01,522,REE-2688-PGHRR
2689,Laptop LG Gen 8 128GB,Electrónica,LG,2137.76,445,LG-2689-S50Y5
2690,Audífonos Inalámbricos Lenovo Max 1TB,Electrónica,Lenovo,1322.58,631,LEN-2690-8U1O1
2691,Labial Líquido CeraVe Para todo tipo de piel,Belleza y Cuidado Personal,CeraVe,102.33,135,CER-2691-EU3DB
2692,Microondas Philips Modelo 8893,Hogar,Philips,272.08,313,PHI-2692-TEOT4
2693,Camiseta Reebok Talla XL Color Gris,Ropa,Reebok,118.93,444,REE-2693-WWD47
2694,Desmaquillante Garnier Para todo tipo de piel,Belleza y Cuidado Personal,Garnier,41.52,699,GAR-2694-I7UMS
2695,Mouse Apple Ultra 128GB,Electrónica,Apple,2099.6,795,APP-2695-99CU2
2696,Balón de Básquetbol Speedo Profesional Edición Especial,Deportes,Speedo,115.28,304,SPE-2696-25VJJ
2697,"Monitor 24"" Dell Gen 1 256GB",Electrónica,Dell,1878.18,653,DEL-2697-B4RS0
2698,Mouse Motorola Gen 9 1TB,Electrónica,Motorola,1758.84,312,MOT-2698-OUEYE
2699,Mancuernas 10kg Coleman Profesional Estándar,Deportes,Coleman,199.09,358,COL-2699-KKPCS
2700,Acondicionador Estée Lauder Tono Claro,Belleza y Cuidado Personal,Estée Lauder,70.47,992,EST-2700-1V9OM
2701,Calcetines (Paquete) Tommy Hilfiger Talla M Color Negro,Ropa,Tommy Hilfiger,64.34,623,TOM-2701-PQYSJ
2702,Base de Maquillaje Nivea Piel Seca,Belleza y Cuidado Personal,Nivea,37.27,648,NIV-2702-NWDFW
2703,Mouse Sony Ultra 512GB,Electrónica,Sony,2049.38,307,SON-2703-ARXLW
2704,Procesador de Alimentos Whirlpool Modelo 6836,Hogar,Whirlpool,540.54,477,WHI-2704-L7TKS
2705,Balón de Básquetbol Everlast Profesional Edición Especial,Deportes,Everlast,212.1,320,EVE-2705-7KT15
2706,Bocina Bluetooth Acer Lite 256GB,Electrónica,Acer,1484.86,509,ACE-2706-UTOP3
2707,Mancuernas 10kg Yeti Profesional Estándar,Deportes,Yeti,162.85,57,YET-2707-T7X09
2708,Mancuernas 10kg Gatorade Profesional Premium,Deportes,Gatorade,10.56,696,GAT-2708-7Q9GK
2709,Acondicionador Nivea Tono Oscuro,Belleza y Cuidado Personal,Nivea,91.23,33,NIV-2709-AMJ63
2710,Chamarra Converse Talla L Color Negro,Ropa,Converse,45.33,284,CON-2710-6TXCP
2711,Freidora de Aire Koblenz Modelo 9109,Hogar,Koblenz,209.3,970,KOB-2711-U1LRA
2712,Suero de Vitamina C MAC Tono Claro,Belleza y Cuidado Personal,MAC,44.15,728,MAC-2712-BBRP3
2713,"Monitor 24"" Lenovo Ultra",Electrónica,Lenovo,174.15,810,LEN-2713-VJA2O
2714,Tapete de Yoga Everlast Profesional Premium,Deportes,Everlast,271.32,914,EVE-2714-SWZX5
2715,"Monitor 24"" Sony Max 256GB",Electrónica,Sony,1516.26,508,SON-2715-9OYIS
2716,Acondicionador Estée Lauder Piel Seca,Belleza y Cuidado Personal,Estée Lauder,22.83,117,EST-2716-K3647
2717,Pantalón de Mezclilla Zara Talla M Color Blanco,Ropa,Zara,15.35,726,ZAR-2717-TYSDC
2718,Licuadora Black+Decker Modelo 8584,Hogar,Black+Decker,303.45,415,BLA-2718-TQO60
2719,Perfume 100ml Dove Tono Medio,Belleza y Cuidado Personal,Dove,95.02,505,DOV-2719-FBSKO
2720,Procesador de Alimentos Ninja Modelo 9878,Hogar,Ninja,792.2,96,NIN-2720-JQ9XO
2721,Refrigerador Black+Decker Modelo 3352,Hogar,Black+Decker,713.85,624,BLA-2721-9MFUU
2722,Aspiradora Oster Modelo 5283,Hogar,Oster,654.74,978,OST-2722-UOWQV
2723,Tienda de Campaña Wilson Profesional Premium,Deportes,Wilson,273.07,671,WIL-2723-NAPLJ
2724,Base de Maquillaje La Roche-Posay Para todo tipo de piel,Belleza y Cuidado Personal,La Roche-Posay,46.79,350,LA -2724-92UUK
2725,Guantes de Box Wilson Profesional Premium,Deportes,Wilson,126.47,71,WIL-2725-FETWK
2726,Suéter Levi's Talla S Color Negro,Ropa,Levi's,56.13,912,LEV-2726-9VFCD
2727,"Monitor 24"" HP Ultra",Electrónica,HP,971.44,935,HP-2727-IBH4C
2728,Smartwatch Acer Max,Electrónica,Acer,1309.93,342,ACE-2728-3NAZ1
2729,TV 4K Xiaomi Max 1TB,Electrónica,Xiaomi,1693.76,704,XIA-2729-IVV8Y
2730,Raqueta de Tenis CamelBak Profesional Estándar,Deportes,CamelBak,126.77,259,CAM-2730-60RZA
2731,Calcetines (Paquete) Vans Talla XXL Color Azul,Ropa,Vans,87.07,530,VAN-2731-E6K7Y
2732,Base de Maquillaje Garnier Para todo tipo de piel,Belleza y Cuidado Personal,Garnier,64.36,125,GAR-2732-FB0MO
2733,Tablet Apple Ultra 128GB,Electrónica,Apple,2472.03,46,APP-2733-5W5JL
2734,Short Deportivo Converse Talla XL Color Blanco,Ropa,Converse,47.45,972,CON-2734-8A3DE
2735,Balón de Básquetbol Yeti Profesional Edición Especial,Deportes,Yeti,20.06,298,YET-2735-A67GX
2736,Aspiradora Philips Modelo 4683,Hogar,Philips,299.14,904,PHI-2736-SLLBZ
2737,Desmaquillante Garnier Piel Seca,Belleza y Cuidado Personal,Garnier,80.67,456,GAR-2737-TADEE
2738,Tapete de Yoga Coleman Profesional Premium,Deportes,Coleman,138.14,544,COL-2738-4PF2Y
2739,Cámara Mirrorless Bose Max 128GB,Electrónica,Bose,1234.13,623,BOS-2739-7NHQX
2740,Tablet Apple Gen 4,Electrónica,Apple,2147.56,410,APP-2740-NPOT3
2741,Tienda de Campaña Gatorade Profesional Pro,Deportes,Gatorade,272.19,607,GAT-2741-WIIMJ
2742,Crema Hidratante Nivea Para todo tipo de piel,Belleza y Cuidado Personal,Nivea,91.43,805,NIV-2742-9UOUI
2743,Sudadera Under Armour Talla XXL Color Azul,Ropa,Under Armour,137.63,857,UND-2743-9MBHD
2744,Audífonos Inalámbricos HP Lite 512GB,Electrónica,HP,2329.21,744,HP-2744-LSRBE
2745,Shampoo Garnier Para todo tipo de piel,Belleza y Cuidado Personal,Garnier,52.99,606,GAR-2745-RV2B4
2746,Audífonos Inalámbricos Xiaomi Gen 3 128GB,Electrónica,Xiaomi,977.41,568,XIA-2746-D6BOQ
2747,Base de Maquillaje CeraVe Para todo tipo de piel,Belleza y Cuidado Personal,CeraVe,18.38,759,CER-2747-YKNVV
2748,Pantalón de Mezclilla Zara Talla L Color Rojo,Ropa,Zara,110.6,85,ZAR-2748-M0H9Z
2749,Calcetines (Paquete) Nike Talla M Color Gris,Ropa,Nike,43.82,390,NIK-2749-3P9ES
2750,Bocina Bluetooth Xiaomi Lite 128GB,Electrónica,Xiaomi,1656.6,116,XIA-2750-4UA8L
2751,Mouse HP Lite,Electrónica,HP,1205.41,967,HP-2751-97I6A
2752,Sudadera Reebok Talla XL Color Azul,Ropa,Reebok,136.49,191,REE-2752-YBYLN
2753,Desmaquillante Garnier Piel Seca,Belleza y Cuidado Personal,Garnier,82.93,996,GAR-2753-X63UV
2754,Smartwatch Acer Lite 256GB,Electrónica,Acer,338.06,561,ACE-2754-IA3LE
2755,Balón de Básquetbol Coleman Profesional Pro,Deportes,Coleman,234.07,263,COL-2755-BL8ZO
2756,Protector Solar SPF 50 Estée Lauder Piel Seca,Belleza y Cuidado Personal,Estée Lauder,80.81,728,EST-2756-4BI28
2757,Chaqueta de Cuero Calvin Klein Talla M Color Rojo,Ropa,Calvin Klein,29.62,989,CAL-2757-RRZHL
2758,Batidora de Pedestal Oster Modelo 3903,Hogar,Oster,250.29,286,OST-2758-VXJFZ
2759,Audífonos Inalámbricos Xiaomi Max 512GB,Electrónica,Xiaomi,2316.13,271,XIA-2759-1IUQS
2760,Sudadera Converse Talla XXL Color Azul,Ropa,Converse,48.32,499,CON-2760-PZCRF
2761,Chamarra H&M Talla M Color Negro,Ropa,H&M,66.32,902,H&M-2761-OZA4C
2762,Raqueta de Tenis Speedo Profesional Edición Especial,Deportes,Speedo,299.41,985,SPE-2762-W6ZRU
2763,Freidora de Aire Philips Modelo 7483,Hogar,Philips,316.49,26,PHI-2763-ZW88I
2764,Suero de Vitamina C Garnier Tono Claro,Belleza y Cuidado Personal,Garnier,58.08,474,GAR-2764-4HRHE
2765,Aspiradora T-fal Modelo 9099,Hogar,T-fal,288.88,897,T-F-2765-41NL6
2766,Cámara Mirrorless Acer Plus,Electrónica,Acer,1279.58,513,ACE-2766-NOUO5
2767,Mouse Samsung Plus 256GB,Electrónica,Samsung,888.93,152,SAM-2767-Y0NKO
2768,Protector Solar SPF 50 Maybelline Para todo tipo de piel,Belleza y Cuidado Personal,Maybelline,64.74,929,MAY-2768-P05JE
2769,Mochila de Senderismo Spalding Profesional Edición Especial,Deportes,Spalding,91.55,607,SPA-2769-ORE8F
2770,Raqueta de Tenis Coleman Profesional Estándar,Deportes,Coleman,230.96,449,COL-2770-0KKYS
2771,Chamarra Levi's Talla L Color Azul,Ropa,Levi's,122.75,244,LEV-2771-30L2T
2772,Audífonos Inalámbricos Lenovo Ultra 1TB,Electrónica,Lenovo,473.86,239,LEN-2772-RUWXQ
2773,Smartwatch HP Gen 9 256GB,Electrónica,HP,1610.89,225,HP-2773-LY3Z5
2774,Short Deportivo Vans Talla S Color Rojo,Ropa,Vans,20.22,320,VAN-2774-D22FQ
2775,Perfume 100ml Garnier Tono Claro,Belleza y Cuidado Personal,Garnier,111.56,682,GAR-2775-J4DH5
2776,Laptop Xiaomi Plus 512GB,Electrónica,Xiaomi,239.7,959,XIA-2776-EXZ2J
2777,Desmaquillante Estée Lauder Tono Medio,Belleza y Cuidado Personal,Estée Lauder,106.5,707,EST-2777-W86D3
2778,Labial Líquido La Roche-Posay Para todo tipo de piel,Belleza y Cuidado Personal,La Roche-Posay,92.53,588,LA -2778-I6F6J
2779,"Monitor 24"" Dell Ultra 1TB",Electrónica,Dell,1442.65,46,DEL-2779-FOAVW
2780,Batidora de Pedestal Mabe Modelo 4734,Hogar,Mabe,570.5,899,MAB-2780-R9UEP
2781,Procesador de Alimentos Ninja Modelo 6651,Hogar,Ninja,301.22,989,NIN-2781-WV9FD
2782,Chamarra Puma Talla L Color Rojo,Ropa,Puma,131.07,633,PUM-2782-PI11H
2783,Laptop Bose Max 256GB,Electrónica,Bose,1608.67,980,BOS-2783-JDAZL
2784,Short Deportivo Vans Talla XL Color Blanco,Ropa,Vans,137.49,839,VAN-2784-6DOW8
2785,Crema Hidratante Estée Lauder Tono Claro,Belleza y Cuidado Personal,Estée Lauder,12.08,421,EST-2785-Y1N8K
2786,Sudadera Puma Talla XL Color Rojo,Ropa,Puma,24.59,190,PUM-2786-V717K
2787,Protector Solar SPF 50 Garnier Piel Seca,Belleza y Cuidado Personal,Garnier,92.94,824,GAR-2787-7K86I
2788,Microondas KitchenAid Modelo 5278,Hogar,KitchenAid,593.77,508,KIT-2788-I88WY
2789,Procesador de Alimentos Ninja Modelo 4038,Hogar,Ninja,482.22,696,NIN-2789-W1O5J
2790,Tenis Converse Talla L Color Rojo,Ropa,Converse,98.77,897,CON-2790-L0WKQ
2791,Raqueta de Tenis CamelBak Profesional Premium,Deportes,CamelBak,192.73,611,CAM-2791-IU0XZ
2792,Smartphone Acer Max,Electrónica,Acer,248.71,343,ACE-2792-GSQB5
2793,Rímel Voluminizador CeraVe Para todo tipo de piel,Belleza y Cuidado Personal,CeraVe,33.34,623,CER-2793-HBO2H
2794,TV 4K Motorola Pro 256GB,Electrónica,Motorola,528.99,321,MOT-2794-AN23X
2795,Tapete de Yoga CamelBak Profesional Premium,Deportes,CamelBak,51.05,742,CAM-2795-UZ9BV
2796,Base de Maquillaje Maybelline Piel Seca,Belleza y Cuidado Personal,Maybelline,36.1,700,MAY-2796-C1KGR
2797,Rímel Voluminizador Clinique Tono Claro,Belleza y Cuidado Personal,Clinique,66.01,133,CLI-2797-M2MG1
2798,Teclado Mecánico LG Plus,Electrónica,LG,1860.69,160,LG-2798-ZYSBY
2799,Batidora de Pedestal Black+Decker Modelo 9360,Hogar,Black+Decker,545.87,375,BLA-2799-JY69A
2800,Chaqueta de Cuero Zara Talla XL Color Blanco,Ropa,Zara,122.94,657,ZAR-2800-TA1JP
2801,Microondas Ninja Modelo 5287,Hogar,Ninja,81.45,284,NIN-2801-94RIW
2802,Calcetines (Paquete) Nike Talla XXL Color Rojo,Ropa,Nike,146.38,241,NIK-2802-MPQ10
2803,"Monitor 24"" Sony Max 128GB",Electrónica,Sony,1562.36,788,SON-2803-AUOFB
2804,Tienda de Campaña Gatorade Profesional Premium,Deportes,Gatorade,118.21,274,GAT-2804-PW9G1
2805,Audífonos Inalámbricos JBL Plus,Electrónica,JBL,1512.76,586,JBL-2805-FOQGI
2806,Desmaquillante La Roche-Posay Piel Seca,Belleza y Cuidado Personal,La Roche-Posay,93.01,909,LA -2806-V8H4P
2807,Microondas Black+Decker Modelo 9358,Hogar,Black+Decker,793.75,400,BLA-2807-SLP2V
2808,Mochila de Senderismo Rawlings Profesional Estándar,Deportes,Rawlings,32.54,496,RAW-2808-ZRJAN
2809,Camiseta Converse Talla M Color Azul,Ropa,Converse,58.45,622,CON-2809-KJTDK
2810,Microondas Ninja Modelo 5179,Hogar,Ninja,321.66,163,NIN-2810-33Y8V
2811,Cámara Mirrorless Dell Ultra 1TB,Electrónica,Dell,1396.55,696,DEL-2811-JUVW0
2812,Desmaquillante L'Oréal Tono Oscuro,Belleza y Cuidado Personal,L'Oréal,76.09,304,L'O-2812-02035
2813,Balón de Básquetbol Speedo Profesional Premium,Deportes,Speedo,129.15,780,SPE-2813-F7IG1
2814,Camiseta Vans Talla M Color Blanco,Ropa,Vans,145.7,550,VAN-2814-EJ68O
2815,Shampoo Maybelline Piel Seca,Belleza y Cuidado Personal,Maybelline,6.3,199,MAY-2815-FZBBC
2816,Smartwatch LG Lite 256GB,Electrónica,LG,2300.54,23,LG-2816-UK779
2817,Suéter Converse Talla L Color Blanco,Ropa,Converse,117.7,739,CON-2817-E3U7K
2818,Rímel Voluminizador Clinique Tono Claro,Belleza y Cuidado Personal,Clinique,51.99,348,CLI-2818-XPSPE
2819,Perfume 100ml MAC Tono Medio,Belleza y Cuidado Personal,MAC,58.17,305,MAC-2819-6Z89Q
2820,Plancha de Vapor Ninja Modelo 2675,Hogar,Ninja,596.36,985,NIN-2820-WUQM6
2821,Guantes de Box CamelBak Profesional Premium,Deportes,CamelBak,218.74,793,CAM-2821-97URH
2822,Labial Líquido Estée Lauder Para todo tipo de piel,Belleza y Cuidado Personal,Estée Lauder,35.01,71,EST-2822-1W0N8
2823,Microondas Dyson Modelo 9712,Hogar,Dyson,310.19,118,DYS-2823-ITPVG
2824,Batidora de Pedestal Hamilton Beach Modelo 7457,Hogar,Hamilton Beach,44.62,297,HAM-2824-WN05X
2825,Laptop JBL Lite 1TB,Electrónica,JBL,634.03,357,JBL-2825-UFDBD
2826,Balón de Básquetbol Coleman Profesional Edición Especial,Deportes,Coleman,36.68,769,COL-2826-NNPM1
2827,Plancha de Vapor Black+Decker Modelo 8877,Hogar,Black+Decker,401.84,957,BLA-2827-QKQB2
2828,Tenis Adidas Talla XL Color Blanco,Ropa,Adidas,144.95,417,ADI-2828-J1W0W
2829,Tenis H&M Talla XXL Color Azul,Ropa,H&M,79.96,433,H&M-2829-7WX9D
2830,Audífonos Inalámbricos Samsung Ultra,Electrónica,Samsung,213.68,586,SAM-2830-WDNO4
2831,Desmaquillante Nivea Para todo tipo de piel,Belleza y Cuidado Personal,Nivea,58.79,523,NIV-2831-GP79W
2832,Rímel Voluminizador Garnier Piel Seca,Belleza y Cuidado Personal,Garnier,26.23,753,GAR-2832-IPRN0
2833,Chaqueta de Cuero Under Armour Talla S Color Azul,Ropa,Under Armour,136.62,817,UND-2833-XRO2V
2834,Audífonos Inalámbricos JBL Max 128GB,Electrónica,JBL,1329.63,820,JBL-2834-WTVNW
2835,Labial Líquido La Roche-Posay Para todo tipo de piel,Belleza y Cuidado Personal,La Roche-Posay,118.26,835,LA -2835-FNYB9
2836,Balón de Básquetbol Yeti Profesional Estándar,Deportes,Yeti,183.71,270,YET-2836-9P87W
2837,Tablet Bose Ultra 512GB,Electrónica,Bose,997.83,271,BOS-2837-8RAIP
2838,Protector Solar SPF 50 Dove Tono Oscuro,Belleza y Cuidado Personal,Dove,119.13,582,DOV-2838-DWWKS
2839,Base de Maquillaje MAC Tono Oscuro,Belleza y Cuidado Personal,MAC,68.65,971,MAC-2839-MZ18J
2840,Mouse Xiaomi Max 1TB,Electrónica,Xiaomi,1073.36,234,XIA-2840-55OY6
2841,Gorra Reebok Talla L Color Blanco,Ropa,Reebok,37.87,803,REE-2841-24PH9
2842,Tienda de Campaña Gatorade Profesional Estándar,Deportes,Gatorade,25.07,874,GAT-2842-A94YU
2843,Chaqueta de Cuero Reebok Talla XXL Color Blanco,Ropa,Reebok,85.33,679,REE-2843-MK92Z
2844,Guantes de Box Wilson Profesional Pro,Deportes,Wilson,91.22,431,WIL-2844-YNOL5
2845,Acondicionador La Roche-Posay Para todo tipo de piel,Belleza y Cuidado Personal,La Roche-Posay,28.06,818,LA -2845-OC3VZ
2846,Tenis Puma Talla XXL Color Gris,Ropa,Puma,90.25,463,PUM-2846-LFR0B
2847,Aspiradora KitchenAid Modelo 1546,Hogar,KitchenAid,447.12,21,KIT-2847-UA0DU
2848,Teclado Mecánico Acer Ultra 128GB,Electrónica,Acer,1708.39,943,ACE-2848-8TQAZ
2849,Refrigerador Hamilton Beach Modelo 7254,Hogar,Hamilton Beach,617.97,874,HAM-2849-DBUGA
2850,Licuadora T-fal Modelo 7379,Hogar,T-fal,355.81,551,T-F-2850-V1BG7
2851,Protector Solar SPF 50 La Roche-Posay Tono Medio,Belleza y Cuidado Personal,La Roche-Posay,5.4,610,LA -2851-QVH5H
2852,Desmaquillante Dove Tono Oscuro,Belleza y Cuidado Personal,Dove,45.1,46,DOV-2852-07KDU
2853,Goggles de Natación Coleman Profesional Premium,Deportes,Coleman,277.2,639,COL-2853-LKEO7
2854,Botella de Agua 1L Rawlings Profesional Edición Especial,Deportes,Rawlings,13.96,994,RAW-2854-LB98W
2855,Acondicionador Maybelline Tono Claro,Belleza y Cuidado Personal,Maybelline,101.26,502,MAY-2855-X9URU
2856,Shampoo Dove Tono Oscuro,Belleza y Cuidado Personal,Dove,114.82,203,DOV-2856-ROLMF
2857,Tapete de Yoga Spalding Profesional Edición Especial,Deportes,Spalding,264.04,834,SPA-2857-K67GE
2858,Teclado Mecánico Lenovo Plus 256GB,Electrónica,Lenovo,1011.0,419,LEN-2858-WLJHM
2859,Chaqueta de Cuero Adidas Talla XXL Color Negro,Ropa,Adidas,64.98,511,ADI-2859-TWO7J
2860,Bocina Bluetooth Dell Max 128GB,Electrónica,Dell,1168.63,410,DEL-2860-QBC49
2861,Batidora de Pedestal Oster Modelo 6458,Hogar,Oster,619.44,592,OST-2861-S892D
2862,Guantes de Box Coleman Profesional Edición Especial,Deportes,Coleman,28.87,91,COL-2862-RCNEH
2863,Procesador de Alimentos Koblenz Modelo 9365,Hogar,Koblenz,416.73,7,KOB-2863-7C25A
2864,Protector Solar SPF 50 CeraVe Tono Medio,Belleza y Cuidado Personal,CeraVe,70.54,104,CER-2864-1WGRK
2865,Raqueta de Tenis Gatorade Profesional Premium,Deportes,Gatorade,157.12,690,GAT-2865-28PZ2
2866,Goggles de Natación Rawlings Profesional Pro,Deportes,Rawlings,118.42,11,RAW-2866-2VADU
2867,Audífonos Inalámbricos Samsung Ultra 512GB,Electrónica,Samsung,1039.01,722,SAM-2867-JC5QI
2868,Smartphone LG Max 512GB,Electrónica,LG,1888.84,754,LG-2868-SA56H
2869,Microondas Black+Decker Modelo 9942,Hogar,Black+Decker,522.96,791,BLA-2869-SFKYG
2870,Chamarra Converse Talla L Color Gris,Ropa,Converse,60.59,540,CON-2870-J5IK1
2871,Guantes de Box Rawlings Profesional Edición Especial,Deportes,Rawlings,22.98,442,RAW-2871-58IZW
2872,Gorra Calvin Klein Talla XXL Color Azul,Ropa,Calvin Klein,55.96,228,CAL-2872-MGSTI
2873,Raqueta de Tenis Speedo Profesional Pro,Deportes,Speedo,131.97,369,SPE-2873-SUCK9
2874,Tienda de Campaña Spalding Profesional Edición Especial,Deportes,Spalding,242.03,914,SPA-2874-ZDVLH
2875,"Monitor 24"" Asus Gen 8 128GB",Electrónica,Asus,1768.0,613,ASU-2875-EUA99
2876,Procesador de Alimentos Hamilton Beach Modelo 4316,Hogar,Hamilton Beach,720.87,13,HAM-2876-V0TJA
2877,Gorra H&M Talla XXL Color Blanco,Ropa,H&M,82.54,441,H&M-2877-DTKWK
2878,Raqueta de Tenis Spalding Profesional Edición Especial,Deportes,Spalding,162.61,514,SPA-2878-6TV63
2879,Crema Hidratante L'Oréal Tono Medio,Belleza y Cuidado Personal,L'Oréal,98.86,933,L'O-2879-FHUDX
2880,Calcetines (Paquete) Under Armour Talla L Color Gris,Ropa,Under Armour,51.52,553,UND-2880-Z79FP
2881,Acondicionador Revlon Para todo tipo de piel,Belleza y Cuidado Personal,Revlon,30.23,836,REV-2881-NOHA1
2882,Chamarra Tommy Hilfiger Talla XXL Color Gris,Ropa,Tommy Hilfiger,35.48,172,TOM-2882-GQU1Y
2883,Suéter Converse Talla M Color Azul,Ropa,Converse,83.14,822,CON-2883-SWJRR
2884,Tapete de Yoga Spalding Profesional Estándar,Deportes,Spalding,26.5,426,SPA-2884-WOUJC
2885,Chaqueta de Cuero Zara Talla L Color Azul,Ropa,Zara,75.38,27,ZAR-2885-3ELOI
2886,Aspiradora Philips Modelo 5167,Hogar,Philips,745.8,655,PHI-2886-BQ7SN
2887,Suero de Vitamina C Revlon Tono Oscuro,Belleza y Cuidado Personal,Revlon,83.8,116,REV-2887-E9X2T
2888,Calcetines (Paquete) Reebok Talla XL Color Gris,Ropa,Reebok,131.4,137,REE-2888-91TON
2889,Camiseta Levi's Talla XXL Color Rojo,Ropa,Levi's,40.47,971,LEV-2889-JS56C
2890,Base de Maquillaje Nivea Piel Seca,Belleza y Cuidado Personal,Nivea,44.17,825,NIV-2890-6Z9YT
2891,Guantes de Box Yeti Profesional Edición Especial,Deportes,Yeti,193.69,428,YET-2891-XZN0K
2892,Acondicionador CeraVe Tono Medio,Belleza y Cuidado Personal,CeraVe,109.55,355,CER-2892-MYUAM
2893,Gorra Levi's Talla XXL Color Gris,Ropa,Levi's,47.09,211,LEV-2893-EO718
2894,Botella de Agua 1L Wilson Profesional Pro,Deportes,Wilson,112.8,568,WIL-2894-9CHS6
2895,Suéter Reebok Talla S Color Gris,Ropa,Reebok,39.32,352,REE-2895-RR9FC
2896,Smartphone Sony Lite 512GB,Electrónica,Sony,1227.66,878,SON-2896-S2JE9
2897,Mancuernas 10kg Rawlings Profesional Pro,Deportes,Rawlings,113.88,908,RAW-2897-XQ9DT
2898,Smartphone Motorola Pro 1TB,Electrónica,Motorola,1477.0,973,MOT-2898-8TK26
2899,Suéter Puma Talla XXL Color Negro,Ropa,Puma,125.71,558,PUM-2899-HFABJ
2900,Refrigerador Hamilton Beach Modelo 1164,Hogar,Hamilton Beach,148.8,988,HAM-2900-BFOM4
2901,Sudadera Zara Talla XL Color Negro,Ropa,Zara,45.05,5,ZAR-2901-6HM94
2902,Teclado Mecánico JBL Gen 6 512GB,Electrónica,JBL,384.93,646,JBL-2902-6FJIK
2903,Acondicionador Clinique Tono Claro,Belleza y Cuidado Personal,Clinique,67.39,192,CLI-2903-DYG6R
2904,Protector Solar SPF 50 Clinique Piel Seca,Belleza y Cuidado Personal,Clinique,75.02,695,CLI-2904-KSVLV
2905,Batidora de Pedestal Mabe Modelo 4322,Hogar,Mabe,797.2,196,MAB-2905-E1762
2906,Cafetera Koblenz Modelo 6538,Hogar,Koblenz,76.89,355,KOB-2906-IZU47
2907,Labial Líquido Clinique Tono Medio,Belleza y Cuidado Personal,Clinique,112.56,948,CLI-2907-QKPH3
2908,Mouse Bose Plus 512GB,Electrónica,Bose,2076.79,857,BOS-2908-SYKH6
2909,Suero de Vitamina C MAC Tono Claro,Belleza y Cuidado Personal,MAC,91.88,648,MAC-2909-K8IOJ
2910,Desmaquillante La Roche-Posay Tono Claro,Belleza y Cuidado Personal,La Roche-Posay,117.0,60,LA -2910-BBSF4
2911,Laptop Bose Pro 512GB,Electrónica,Bose,1515.63,297,BOS-2911-OZAOO
2912,Tenis Nike Talla M Color Blanco,Ropa,Nike,41.81,495,NIK-2912-7CISA
2913,Suero de Vitamina C La Roche-Posay Tono Oscuro,Belleza y Cuidado Personal,La Roche-Posay,71.71,672,LA -2913-DZ1HH
2914,Cámara Mirrorless LG Gen 6 256GB,Electrónica,LG,387.68,91,LG-2914-4WKYG
2915,Pantalón de Mezclilla Tommy Hilfiger Talla L Color Negro,Ropa,Tommy Hilfiger,110.33,325,TOM-2915-VODGV
2916,Cafetera Hamilton Beach Modelo 5298,Hogar,Hamilton Beach,653.28,418,HAM-2916-2JJUS
2917,Tapete de Yoga Coleman Profesional Edición Especial,Deportes,Coleman,218.07,477,COL-2917-WCPI7
2918,Suero de Vitamina C CeraVe Piel Seca,Belleza y Cuidado Personal,CeraVe,56.42,628,CER-2918-37J8G
2919,Perfume 100ml Estée Lauder Piel Seca,Belleza y Cuidado Personal,Estée Lauder,17.08,353,EST-2919-LJIIF
2920,Tenis Zara Talla XXL Color Negro,Ropa,Zara,75.83,517,ZAR-2920-2P0KW
2921,Tablet JBL Plus 128GB,Electrónica,JBL,537.14,423,JBL-2921-0E58X
2922,Short Deportivo Adidas Talla S Color Negro,Ropa,Adidas,134.31,463,ADI-2922-CHCC6
2923,Tenis Calvin Klein Talla L Color Gris,Ropa,Calvin Klein,99.77,276,CAL-2923-J31X7
2924,Pantalón de Mezclilla Under Armour Talla XXL Color Rojo,Ropa,Under Armour,65.17,62,UND-2924-EHSJB
2925,Cámara Mirrorless Bose Gen 7 1TB,Electrónica,Bose,2059.16,611,BOS-2925-3RI0Q
2926,Tienda de Campaña Yeti Profesional Edición Especial,Deportes,Yeti,73.61,616,YET-2926-D9AKA
2927,Rímel Voluminizador L'Oréal Para todo tipo de piel,Belleza y Cuidado Personal,L'Oréal,27.14,858,L'O-2927-FOFHJ
2928,Refrigerador Oster Modelo 5879,Hogar,Oster,298.02,660,OST-2928-T6NRC
2929,Perfume 100ml Nivea Tono Claro,Belleza y Cuidado Personal,Nivea,86.17,766,NIV-2929-4UUJW
2930,"Monitor 24"" Samsung Gen 10",Electrónica,Samsung,1227.61,238,SAM-2930-E9JEA
2931,Chaqueta de Cuero Calvin Klein Talla XXL Color Rojo,Ropa,Calvin Klein,132.31,155,CAL-2931-HS6YY
2932,Laptop Apple Plus,Electrónica,Apple,2231.78,155,APP-2932-W337Y
2933,Smartwatch Asus Max 128GB,Electrónica,Asus,609.99,667,ASU-2933-HGJSJ
2934,Mochila de Senderismo Spalding Profesional Estándar,Deportes,Spalding,259.46,78,SPA-2934-SO4DH
2935,Smartwatch Dell Gen 2 512GB,Electrónica,Dell,1103.66,530,DEL-2935-1WYVI
2936,Tienda de Campaña Speedo Profesional Edición Especial,Deportes,Speedo,274.93,64,SPE-2936-IGC8H
2937,Chaqueta de Cuero Levi's Talla XXL Color Blanco,Ropa,Levi's,40.64,33,LEV-2937-QV6SV
2938,Calcetines (Paquete) Under Armour Talla M Color Negro,Ropa,Under Armour,25.81,813,UND-2938-WHYS6
2939,Smartphone Apple Gen 2 128GB,Electrónica,Apple,533.01,319,APP-2939-EUO2I
2940,Microondas KitchenAid Modelo 2132,Hogar,KitchenAid,753.91,367,KIT-2940-OD7XH
2941,Protector Solar SPF 50 L'Oréal Tono Claro,Belleza y Cuidado Personal,L'Oréal,58.29,278,L'O-2941-CIYDA
2942,Tostador Mabe Modelo 4735,Hogar,Mabe,59.67,106,MAB-2942-CCBD4
2943,Microondas Dyson Modelo 3405,Hogar,Dyson,356.19,775,DYS-2943-6H8LL
2944,Tapete de Yoga Speedo Profesional Premium,Deportes,Speedo,57.5,298,SPE-2944-8Y6L3
2945,Refrigerador Black+Decker Modelo 8634,Hogar,Black+Decker,164.44,637,BLA-2945-IXA4T
2946,Batidora de Pedestal Dyson Modelo 2442,Hogar,Dyson,433.52,831,DYS-2946-93MVR
2947,Tapete de Yoga Rawlings Profesional Edición Especial,Deportes,Rawlings,129.07,197,RAW-2947-AIX8I
2948,Freidora de Aire Black+Decker Modelo 7665,Hogar,Black+Decker,301.23,995,BLA-2948-7RGEI
2949,Acondicionador Maybelline Tono Claro,Belleza y Cuidado Personal,Maybelline,90.3,569,MAY-2949-J6720
2950,Balón de Básquetbol Speedo Profesional Estándar,Deportes,Speedo,252.98,681,SPE-2950-T2WW6
2951,Base de Maquillaje Nivea Tono Oscuro,Belleza y Cuidado Personal,Nivea,118.39,922,NIV-2951-FZEQ0
2952,Sudadera H&M Talla L Color Azul,Ropa,H&M,86.35,1000,H&M-2952-VTYJH
2953,Smartwatch Acer Plus 512GB,Electrónica,Acer,1635.19,194,ACE-2953-S9GP4
2954,Tablet Xiaomi Max 128GB,Electrónica,Xiaomi,876.55,745,XIA-2954-702TQ
2955,Protector Solar SPF 50 La Roche-Posay Tono Claro,Belleza y Cuidado Personal,La Roche-Posay,36.82,204,LA -2955-24L3P
2956,Tienda de Campaña Coleman Profesional Edición Especial,Deportes,Coleman,164.41,215,COL-2956-4T1OR
2957,Microondas KitchenAid Modelo 3566,Hogar,KitchenAid,731.5,428,KIT-2957-0O0AE
2958,Protector Solar SPF 50 La Roche-Posay Tono Oscuro,Belleza y Cuidado Personal,La Roche-Posay,56.11,594,LA -2958-KIPR8
2959,Chaqueta de Cuero Converse Talla S Color Azul,Ropa,Converse,112.7,381,CON-2959-X3HGW
2960,Balón de Básquetbol CamelBak Profesional Premium,Deportes,CamelBak,12.58,109,CAM-2960-Z6PFE
2961,Perfume 100ml MAC Tono Medio,Belleza y Cuidado Personal,MAC,6.69,718,MAC-2961-U52LO
2962,Suéter Converse Talla M Color Blanco,Ropa,Converse,44.07,448,CON-2962-BTMVB
2963,Mochila de Senderismo Coleman Profesional Edición Especial,Deportes,Coleman,287.75,870,COL-2963-609YH
2964,Short Deportivo Vans Talla XXL Color Negro,Ropa,Vans,115.12,178,VAN-2964-646N7
2965,Tablet Dell Lite 1TB,Electrónica,Dell,2475.91,967,DEL-2965-4FBIK
2966,Tienda de Campaña Speedo Profesional Premium,Deportes,Speedo,289.39,457,SPE-2966-TY3B0
2967,Laptop JBL Plus 128GB,Electrónica,JBL,208.97,850,JBL-2967-PFHHY
2968,Tostador Philips Modelo 7642,Hogar,Philips,393.5,416,PHI-2968-VTNW6
2969,Camiseta Puma Talla S Color Azul,Ropa,Puma,132.22,683,PUM-2969-CEGE3
2970,"Monitor 24"" Sony Plus 512GB",Electrónica,Sony,1957.89,394,SON-2970-L1X63
2971,Aspiradora KitchenAid Modelo 4962,Hogar,KitchenAid,142.31,385,KIT-2971-0H0KU
2972,Tapete de Yoga Speedo Profesional Edición Especial,Deportes,Speedo,290.83,932,SPE-2972-0ZJBQ
2973,Freidora de Aire Dyson Modelo 4714,Hogar,Dyson,286.71,490,DYS-2973-DK7UD
2974,Mouse Acer Max 1TB,Electrónica,Acer,2427.48,376,ACE-2974-7ZLM5
2975,Calcetines (Paquete) Levi's Talla XL Color Negro,Ropa,Levi's,84.02,370,LEV-2975-K9IIH
2976,Mancuernas 10kg Rawlings Profesional Edición Especial,Deportes,Rawlings,20.19,967,RAW-2976-3UARK
2977,Tienda de Campaña CamelBak Profesional Estándar,Deportes,CamelBak,234.43,411,CAM-2977-QRMHI
2978,Suero de Vitamina C MAC Para todo tipo de piel,Belleza y Cuidado Personal,MAC,11.77,880,MAC-2978-XHLK1
2979,Tablet JBL Pro 256GB,Electrónica,JBL,1483.38,955,JBL-2979-DDT6D
2980,Mouse Motorola Gen 10 128GB,Electrónica,Motorola,1438.94,834,MOT-2980-0237W
2981,Licuadora T-fal Modelo 4644,Hogar,T-fal,355.7,163,T-F-2981-KEISK
2982,Botella de Agua 1L Speedo Profesional Estándar,Deportes,Speedo,97.51,389,SPE-2982-62IYW
2983,Gorra Under Armour Talla XL Color Rojo,Ropa,Under Armour,76.07,625,UND-2983-0LJCI
2984,Shampoo Revlon Tono Claro,Belleza y Cuidado Personal,Revlon,15.73,868,REV-2984-ZJ2DM
2985,Tapete de Yoga CamelBak Profesional Pro,Deportes,CamelBak,241.94,430,CAM-2985-86LD6
2986,TV 4K Bose Max 256GB,Electrónica,Bose,1684.88,31,BOS-2986-CZ912
2987,Raqueta de Tenis Rawlings Profesional Estándar,Deportes,Rawlings,139.38,334,RAW-2987-HHG0R
2988,Tenis Adidas Talla L Color Gris,Ropa,Adidas,87.87,234,ADI-2988-ACLVS
2989,Camiseta Tommy Hilfiger Talla XL Color Blanco,Ropa,Tommy Hilfiger,115.31,460,TOM-2989-VFFD0
2990,Mochila de Senderismo Speedo Profesional Pro,Deportes,Speedo,127.91,474,SPE-2990-RRA8I
2991,Balón de Básquetbol Everlast Profesional Pro,Deportes,Everlast,124.39,445,EVE-2991-LAMOP
2992,Sudadera Converse Talla XL Color Negro,Ropa,Converse,28.31,394,CON-2992-6MNT5
2993,Botella de Agua 1L Coleman Profesional Estándar,Deportes,Coleman,285.81,104,COL-2993-GEU8U
2994,Chaqueta de Cuero Calvin Klein Talla S Color Negro,Ropa,Calvin Klein,90.89,738,CAL-2994-PS53A
2995,Rímel Voluminizador CeraVe Tono Oscuro,Belleza y Cuidado Personal,CeraVe,107.06,266,CER-2995-DB97I
2996,Tienda de Campaña CamelBak Profesional Edición Especial,Deportes,CamelBak,84.22,954,CAM-2996-ZX3QK
2997,Smartwatch HP Gen 4 128GB,Electrónica,HP,839.92,475,HP-2997-G1XRC
2998,Laptop HP Lite 512GB,Electrónica,HP,1087.36,471,HP-2998-SHG7Y
2999,Procesador de Alimentos Ninja Modelo 1615,Hogar,Ninja,330.89,173,NIN-2999-RN4CI
3000,Licuadora Dyson Modelo 9509,Hogar,Dyson,347.91,869,DYS-3000-2IFWI
3001,Balón de Básquetbol Speedo Profesional Estándar,Deportes,Speedo,178.44,4,SPE-3001-I05IN
3002,Camiseta Calvin Klein Talla S Color Gris,Ropa,Calvin Klein,121.4,367,CAL-3002-0KIQX
3003,Goggles de Natación Speedo Profesional Edición Especial,Deportes,Speedo,23.24,661,SPE-3003-DWXI4
3004,"Monitor 24"" LG Lite 256GB",Electrónica,LG,655.41,41,LG-3004-CTVGX
3005,TV 4K Lenovo Max,Electrónica,Lenovo,2379.84,50,LEN-3005-BXN5L
3006,Chamarra Zara Talla XXL Color Blanco,Ropa,Zara,45.96,934,ZAR-3006-YN91R
3007,Botella de Agua 1L Yeti Profesional Edición Especial,Deportes,Yeti,298.8,917,YET-3007-0JOJI
3008,Perfume 100ml Clinique Piel Seca,Belleza y Cuidado Personal,Clinique,11.99,647,CLI-3008-WNQR9
3009,Base de Maquillaje Estée Lauder Tono Oscuro,Belleza y Cuidado Personal,Estée Lauder,81.7,184,EST-3009-97485
3010,Audífonos Inalámbricos Lenovo Ultra 128GB,Electrónica,Lenovo,778.74,878,LEN-3010-HM08G
3011,Tablet JBL Plus 1TB,Electrónica,JBL,1448.42,23,JBL-3011-KVQ5T
3012,Smartwatch Apple Pro 1TB,Electrónica,Apple,1542.96,700,APP-3012-979KR
3013,Batidora de Pedestal Whirlpool Modelo 2116,Hogar,Whirlpool,117.73,533,WHI-3013-JECMX
3014,Procesador de Alimentos Dyson Modelo 3904,Hogar,Dyson,130.56,344,DYS-3014-0CBIS
3015,Mouse Asus Gen 10,Electrónica,Asus,1164.2,964,ASU-3015-8JY3B
3016,Cámara Mirrorless Bose Ultra 128GB,Electrónica,Bose,1945.14,963,BOS-3016-KUA78
3017,Batidora de Pedestal Philips Modelo 2732,Hogar,Philips,687.84,581,PHI-3017-UBX5G
3018,Shampoo Garnier Piel Seca,Belleza y Cuidado Personal,Garnier,100.21,712,GAR-3018-0UA52
3019,Procesador de Alimentos Oster Modelo 1200,Hogar,Oster,631.38,866,OST-3019-J40PX
3020,Aspiradora Whirlpool Modelo 2088,Hogar,Whirlpool,666.4,543,WHI-3020-UOUAC
3021,Procesador de Alimentos KitchenAid Modelo 6766,Hogar,KitchenAid,697.79,281,KIT-3021-91BAP
3022,Cámara Mirrorless LG Max 256GB,Electrónica,LG,399.64,570,LG-3022-6UI4U
3023,Acondicionador MAC Para todo tipo de piel,Belleza y Cuidado Personal,MAC,98.52,322,MAC-3023-GDICU
3024,Raqueta de Tenis Rawlings Profesional Estándar,Deportes,Rawlings,17.57,572,RAW-3024-U6EHY
3025,Crema Hidratante Clinique Para todo tipo de piel,Belleza y Cuidado Personal,Clinique,10.99,675,CLI-3025-J81SL
3026,Suero de Vitamina C Nivea Tono Claro,Belleza y Cuidado Personal,Nivea,87.11,625,NIV-3026-2VM1U
3027,Protector Solar SPF 50 Maybelline Tono Medio,Belleza y Cuidado Personal,Maybelline,109.44,836,MAY-3027-X9OVU
3028,Botella de Agua 1L Everlast Profesional Edición Especial,Deportes,Everlast,181.71,293,EVE-3028-875SD
3029,Tenis Calvin Klein Talla XL Color Negro,Ropa,Calvin Klein,48.61,507,CAL-3029-P274U
3030,Aspiradora Mabe Modelo 3201,Hogar,Mabe,414.08,524,MAB-3030-5MHWS
3031,Suéter Under Armour Talla XXL Color Rojo,Ropa,Under Armour,75.21,89,UND-3031-TPZVY
3032,Tapete de Yoga Coleman Profesional Estándar,Deportes,Coleman,162.16,302,COL-3032-R7DDI
3033,Plancha de Vapor Philips Modelo 4672,Hogar,Philips,322.6,586,PHI-3033-GKJVM
3034,Teclado Mecánico Bose Plus 512GB,Electrónica,Bose,1662.67,189,BOS-3034-WG67M
3035,Sudadera Zara Talla M Color Blanco,Ropa,Zara,146.84,904,ZAR-3035-TRG22
3036,Mancuernas 10kg Wilson Profesional Edición Especial,Deportes,Wilson,60.78,603,WIL-3036-5TAAB
3037,TV 4K Acer Pro 128GB,Electrónica,Acer,1592.26,432,ACE-3037-MZ37H
3038,Desmaquillante L'Oréal Para todo tipo de piel,Belleza y Cuidado Personal,L'Oréal,98.54,555,L'O-3038-6WGRX
3039,Balón de Básquetbol Spalding Profesional Estándar,Deportes,Spalding,185.83,759,SPA-3039-C6XOV
3040,Balón de Básquetbol Gatorade Profesional Pro,Deportes,Gatorade,283.93,204,GAT-3040-PQGNO
3041,Goggles de Natación Gatorade Profesional Edición Especial,Deportes,Gatorade,201.95,981,GAT-3041-WGVFS
3042,Cafetera Dyson Modelo 9997,Hogar,Dyson,477.1,967,DYS-3042-XWEUQ
3043,Chamarra Adidas Talla S Color Azul,Ropa,Adidas,77.97,257,ADI-3043-FH90W
3044,Mochila de Senderismo Everlast Profesional Estándar,Deportes,Everlast,45.41,922,EVE-3044-2ON5R
3045,Refrigerador KitchenAid Modelo 6164,Hogar,KitchenAid,259.62,729,KIT-3045-CPCM6
3046,Bocina Bluetooth JBL Gen 1 256GB,Electrónica,JBL,110.98,768,JBL-3046-H1PFY
3047,Short Deportivo Nike Talla M Color Azul,Ropa,Nike,105.76,392,NIK-3047-PZKWY
3048,Mochila de Senderismo Gatorade Profesional Estándar,Deportes,Gatorade,226.54,775,GAT-3048-KCT2Q
3049,Mancuernas 10kg Wilson Profesional Edición Especial,Deportes,Wilson,135.0,721,WIL-3049-FFDQI
3050,Chamarra Converse Talla M Color Gris,Ropa,Converse,106.71,656,CON-3050-D3PTV
3051,Plancha de Vapor Whirlpool Modelo 4598,Hogar,Whirlpool,640.87,257,WHI-3051-RIAWI
3052,Rímel Voluminizador La Roche-Posay Para todo tipo de piel,Belleza y Cuidado Personal,La Roche-Posay,51.63,525,LA -3052-PPE81
3053,Mochila de Senderismo Spalding Profesional Premium,Deportes,Spalding,229.23,569,SPA-3053-4M2DR
3054,Balón de Básquetbol Coleman Profesional Estándar,Deportes,Coleman,252.34,444,COL-3054-P0VJO
3055,Mouse Sony Pro,Electrónica,Sony,2495.37,446,SON-3055-QC7ZP
3056,Laptop Dell Lite 256GB,Electrónica,Dell,1190.43,842,DEL-3056-X09BL
3057,Tapete de Yoga Rawlings Profesional Edición Especial,Deportes,Rawlings,230.14,76,RAW-3057-980SM
3058,Raqueta de Tenis CamelBak Profesional Premium,Deportes,CamelBak,149.73,43,CAM-3058-I8XMQ
3059,Raqueta de Tenis Everlast Profesional Premium,Deportes,Everlast,218.49,434,EVE-3059-YSFM7
3060,Mouse Lenovo Max 1TB,Electrónica,Lenovo,957.89,42,LEN-3060-JREEH
3061,Suero de Vitamina C CeraVe Tono Claro,Belleza y Cuidado Personal,CeraVe,17.32,539,CER-3061-NZ1U8
3062,Teclado Mecánico Xiaomi Plus 256GB,Electrónica,Xiaomi,2367.63,71,XIA-3062-1300K
3063,Microondas Black+Decker Modelo 7122,Hogar,Black+Decker,550.24,173,BLA-3063-IMT8M
3064,Cámara Mirrorless Dell Pro,Electrónica,Dell,614.56,345,DEL-3064-VL0TE
3065,TV 4K Samsung Ultra 128GB,Electrónica,Samsung,712.05,54,SAM-3065-9DEPG
3066,Rímel Voluminizador Maybelline Tono Claro,Belleza y Cuidado Personal,Maybelline,35.27,409,MAY-3066-00WBI
3067,Desmaquillante L'Oréal Para todo tipo de piel,Belleza y Cuidado Personal,L'Oréal,45.07,490,L'O-3067-PPYDQ
3068,Short Deportivo Reebok Talla M Color Gris,Ropa,Reebok,130.5,793,REE-3068-1REWN
3069,Pantalón de Mezclilla Vans Talla XXL Color Negro,Ropa,Vans,29.51,816,VAN-3069-XRTZS
3070,Pantalón de Mezclilla H&M Talla S Color Azul,Ropa,H&M,116.48,866,H&M-3070-IF8B2
3071,Batidora de Pedestal Dyson Modelo 9096,Hogar,Dyson,54.9,611,DYS-3071-MT69X
3072,Mochila de Senderismo Yeti Profesional Pro,Deportes,Yeti,134.54,225,YET-3072-QMRAQ
3073,Gorra Adidas Talla XXL Color Negro,Ropa,Adidas,116.75,345,ADI-3073-ZVVEO
3074,Labial Líquido Revlon Tono Oscuro,Belleza y Cuidado Personal,Revlon,88.83,639,REV-3074-KJ9L4
3075,Botella de Agua 1L Yeti Profesional Pro,Deportes,Yeti,146.89,610,YET-3075-1F7SF
3076,Camiseta Reebok Talla XXL Color Gris,Ropa,Reebok,34.74,772,REE-3076-73IAA
3077,Pantalón de Mezclilla Levi's Talla M Color Rojo,Ropa,Levi's,111.53,992,LEV-3077-VK5AC
3078,Goggles de Natación Rawlings Profesional Pro,Deportes,Rawlings,28.54,311,RAW-3078-3QFNO
3079,Tapete de Yoga Speedo Profesional Pro,Deportes,Speedo,245.11,554,SPE-3079-6AAT5
3080,Licuadora KitchenAid Modelo 4369,Hogar,KitchenAid,140.11,118,KIT-3080-ITIY6
3081,Crema Hidratante CeraVe Tono Claro,Belleza y Cuidado Personal,CeraVe,50.32,834,CER-3081-PXXD6
3082,Teclado Mecánico Motorola Plus 1TB,Electrónica,Motorola,2443.08,530,MOT-3082-N5ABH
3083,Desmaquillante MAC Tono Oscuro,Belleza y Cuidado Personal,MAC,117.81,914,MAC-3083-WRF6P
3084,Bocina Bluetooth Apple Pro 256GB,Electrónica,Apple,1861.71,553,APP-3084-LSKBU
3085,Plancha de Vapor Dyson Modelo 9561,Hogar,Dyson,137.85,372,DYS-3085-YXVZE
3086,Tablet Lenovo Pro 512GB,Electrónica,Lenovo,364.12,234,LEN-3086-MK210
3087,Smartphone Xiaomi Pro 1TB,Electrónica,Xiaomi,288.65,428,XIA-3087-CU8TQ
3088,Tostador Mabe Modelo 9335,Hogar,Mabe,129.35,271,MAB-3088-TUYYQ
3089,Guantes de Box Speedo Profesional Estándar,Deportes,Speedo,150.47,54,SPE-3089-DP5FR
3090,Chaqueta de Cuero Adidas Talla XL Color Rojo,Ropa,Adidas,90.17,806,ADI-3090-WADEY
3091,Plancha de Vapor Black+Decker Modelo 3705,Hogar,Black+Decker,709.07,927,BLA-3091-J0PHQ
3092,Audífonos Inalámbricos Asus Ultra 1TB,Electrónica,Asus,1503.63,350,ASU-3092-QAK2R
3093,Chaqueta de Cuero Tommy Hilfiger Talla M Color Negro,Ropa,Tommy Hilfiger,103.46,529,TOM-3093-VST6I
3094,Botella de Agua 1L Gatorade Profesional Pro,Deportes,Gatorade,205.83,407,GAT-3094-WBK6D
3095,Short Deportivo Calvin Klein Talla XXL Color Rojo,Ropa,Calvin Klein,129.7,462,CAL-3095-VSGSB
3096,Cámara Mirrorless Motorola Gen 5 512GB,Electrónica,Motorola,1817.72,572,MOT-3096-445EV
3097,"Monitor 24"" Bose Lite 512GB",Electrónica,Bose,1973.2,247,BOS-3097-MCZ8T
3098,Short Deportivo Calvin Klein Talla XL Color Rojo,Ropa,Calvin Klein,113.45,376,CAL-3098-U63B9
3099,Camiseta Reebok Talla S Color Blanco,Ropa,Reebok,45.51,590,REE-3099-06QH7
3100,Balón de Básquetbol Coleman Profesional Estándar,Deportes,Coleman,125.87,747,COL-3100-Q8VCA
3101,Licuadora Dyson Modelo 3561,Hogar,Dyson,644.8,358,DYS-3101-UQPWP
3102,Botella de Agua 1L Gatorade Profesional Estándar,Deportes,Gatorade,95.91,594,GAT-3102-C7TO1
3103,Protector Solar SPF 50 MAC Piel Seca,Belleza y Cuidado Personal,MAC,116.26,129,MAC-3103-YHPX6
3104,Aspiradora T-fal Modelo 3020,Hogar,T-fal,327.42,706,T-F-3104-NLUPQ
3105,Goggles de Natación Everlast Profesional Edición Especial,Deportes,Everlast,132.07,770,EVE-3105-DPJ89
3106,Aspiradora Oster Modelo 9064,Hogar,Oster,535.66,161,OST-3106-BCGAE
3107,Plancha de Vapor T-fal Modelo 7905,Hogar,T-fal,368.14,974,T-F-3107-L8EJ2
3108,TV 4K Dell Max 1TB,Electrónica,Dell,1868.26,481,DEL-3108-XD64N
3109,Smartwatch JBL Ultra,Electrónica,JBL,1577.15,508,JBL-3109-82T5T
3110,Bocina Bluetooth Asus Ultra 1TB,Electrónica,Asus,886.45,96,ASU-3110-3AK7R
3111,Aspiradora Oster Modelo 2797,Hogar,Oster,576.63,554,OST-3111-6N2SJ
3112,Mancuernas 10kg Coleman Profesional Premium,Deportes,Coleman,167.03,83,COL-3112-WDGEX
3113,Refrigerador Whirlpool Modelo 6529,Hogar,Whirlpool,497.63,666,WHI-3113-1CTL9
3114,Shampoo La Roche-Posay Piel Seca,Belleza y Cuidado Personal,La Roche-Posay,92.93,879,LA -3114-8W6LU
3115,Tablet HP Max 128GB,Electrónica,HP,234.4,771,HP-3115-6EY05
3116,Freidora de Aire Mabe Modelo 8544,Hogar,Mabe,107.85,370,MAB-3116-HKH88
3117,Goggles de Natación Rawlings Profesional Premium,Deportes,Rawlings,105.04,589,RAW-3117-QLNJ7
3118,Tapete de Yoga CamelBak Profesional Premium,Deportes,CamelBak,69.01,473,CAM-3118-F6QXW
3119,Mochila de Senderismo Rawlings Profesional Premium,Deportes,Rawlings,44.86,427,RAW-3119-Y28NW
3120,"Monitor 24"" Sony Pro",Electrónica,Sony,804.8,216,SON-3120-W51NE
3121,Aspiradora Philips Modelo 3716,Hogar,Philips,332.78,382,PHI-3121-HZ444
3122,Botella de Agua 1L Speedo Profesional Premium,Deportes,Speedo,12.39,162,SPE-3122-RJKLD
3123,Acondicionador Estée Lauder Tono Medio,Belleza y Cuidado Personal,Estée Lauder,111.24,784,EST-3123-88PXI
3124,Guantes de Box Rawlings Profesional Pro,Deportes,Rawlings,246.97,7,RAW-3124-N9BXQ
3125,Tablet LG Pro 256GB,Electrónica,LG,716.01,645,LG-3125-XKXTD
3126,Goggles de Natación Spalding Profesional Premium,Deportes,Spalding,107.31,533,SPA-3126-7ASPL
3127,Camiseta Zara Talla XL Color Azul,Ropa,Zara,108.18,885,ZAR-3127-HGEW1
3128,Raqueta de Tenis Gatorade Profesional Estándar,Deportes,Gatorade,186.82,36,GAT-3128-FUZS1
3129,Tostador Oster Modelo 4454,Hogar,Oster,528.28,534,OST-3129-RDURI
3130,Smartphone Motorola Plus 128GB,Electrónica,Motorola,2168.97,460,MOT-3130-RIZYW
3131,Tablet HP Max 1TB,Electrónica,HP,1524.84,163,HP-3131-T2ORW
3132,Shampoo Clinique Tono Claro,Belleza y Cuidado Personal,Clinique,57.03,19,CLI-3132-CSNVP
3133,Acondicionador Revlon Tono Oscuro,Belleza y Cuidado Personal,Revlon,102.38,345,REV-3133-CK57D
3134,Refrigerador Dyson Modelo 7264,Hogar,Dyson,270.53,438,DYS-3134-UIFOZ
3135,Tablet Dell Ultra 128GB,Electrónica,Dell,443.71,623,DEL-3135-ON3Q6
3136,"Monitor 24"" LG Pro 512GB",Electrónica,LG,1357.65,324,LG-3136-JO2C0
3137,Camiseta Converse Talla M Color Negro,Ropa,Converse,130.91,623,CON-3137-S9IQK
3138,Goggles de Natación Gatorade Profesional Estándar,Deportes,Gatorade,52.79,944,GAT-3138-S9FCQ
3139,Smartwatch Xiaomi Ultra 1TB,Electrónica,Xiaomi,608.98,143,XIA-3139-O8EZC
3140,Bocina Bluetooth Bose Pro 128GB,Electrónica,Bose,930.2,334,BOS-3140-G403R
3141,Freidora de Aire KitchenAid Modelo 1995,Hogar,KitchenAid,524.58,624,KIT-3141-D7PHF
3142,Aspiradora KitchenAid Modelo 4347,Hogar,KitchenAid,616.08,134,KIT-3142-RAJ7U
3143,Laptop Asus Ultra 512GB,Electrónica,Asus,1484.09,370,ASU-3143-US04V
3144,Sudadera Zara Talla XL Color Rojo,Ropa,Zara,95.7,71,ZAR-3144-LZK0K
3145,Suéter Tommy Hilfiger Talla S Color Negro,Ropa,Tommy Hilfiger,142.63,537,TOM-3145-8P5IT
3146,Guantes de Box Coleman Profesional Estándar,Deportes,Coleman,164.41,886,COL-3146-OXPEW
3147,Aspiradora Koblenz Modelo 8252,Hogar,Koblenz,471.7,464,KOB-3147-AG8L5
3148,Audífonos Inalámbricos LG Max 512GB,Electrónica,LG,2249.18,848,LG-3148-9CTFD
3149,Guantes de Box Speedo Profesional Edición Especial,Deportes,Speedo,244.17,425,SPE-3149-KH190
3150,Raqueta de Tenis Speedo Profesional Estándar,Deportes,Speedo,78.26,737,SPE-3150-3HPZN
3151,Audífonos Inalámbricos Asus Plus 512GB,Electrónica,Asus,120.32,930,ASU-3151-0TBUZ
3152,Perfume 100ml Dove Tono Claro,Belleza y Cuidado Personal,Dove,79.15,958,DOV-3152-I588T
3153,Base de Maquillaje Maybelline Piel Seca,Belleza y Cuidado Personal,Maybelline,32.99,783,MAY-3153-J0ZPR
3154,Short Deportivo Levi's Talla L Color Blanco,Ropa,Levi's,148.64,857,LEV-3154-ZEVGG
3155,Chamarra Nike Talla XL Color Azul,Ropa,Nike,56.08,710,NIK-3155-JV25T
3156,Suéter Puma Talla XL Color Negro,Ropa,Puma,36.18,753,PUM-3156-JMINM
3157,Raqueta de Tenis CamelBak Profesional Edición Especial,Deportes,CamelBak,226.57,625,CAM-3157-KYXTP
3158,Tenis Under Armour Talla XL Color Blanco,Ropa,Under Armour,112.08,29,UND-3158-74PJJ
3159,Short Deportivo Reebok Talla S Color Gris,Ropa,Reebok,137.29,873,REE-3159-DNM9S
3160,Batidora de Pedestal Whirlpool Modelo 1972,Hogar,Whirlpool,728.84,999,WHI-3160-3BKBC
3161,Tienda de Campaña Yeti Profesional Estándar,Deportes,Yeti,230.23,226,YET-3161-7QWF9
3162,Desmaquillante Estée Lauder Tono Oscuro,Belleza y Cuidado Personal,Estée Lauder,102.43,130,EST-3162-Q5HYU
3163,Cafetera Dyson Modelo 6064,Hogar,Dyson,214.37,672,DYS-3163-GK9OA
3164,Plancha de Vapor Mabe Modelo 2428,Hogar,Mabe,268.16,110,MAB-3164-GCTI4
3165,Gorra Converse Talla XXL Color Azul,Ropa,Converse,38.24,136,CON-3165-C0E3V
3166,Tenis H&M Talla L Color Rojo,Ropa,H&M,38.48,380,H&M-3166-OEYGC
3167,Calcetines (Paquete) Vans Talla L Color Blanco,Ropa,Vans,147.08,632,VAN-3167-K9CID
3168,Smartphone Motorola Max 1TB,Electrónica,Motorola,2384.29,113,MOT-3168-22ZIL
3169,Balón de Básquetbol Coleman Profesional Pro,Deportes,Coleman,226.35,929,COL-3169-MC5TZ
3170,Chamarra Calvin Klein Talla XXL Color Rojo,Ropa,Calvin Klein,39.74,492,CAL-3170-64IIZ
3171,Batidora de Pedestal Philips Modelo 2601,Hogar,Philips,290.59,665,PHI-3171-S29RC
3172,Raqueta de Tenis Speedo Profesional Edición Especial,Deportes,Speedo,116.04,407,SPE-3172-DPNY0
3173,Tablet Dell Ultra,Electrónica,Dell,676.14,499,DEL-3173-2JGLM
3174,Chamarra Adidas Talla XXL Color Blanco,Ropa,Adidas,43.9,868,ADI-3174-OS6M3
3175,Bocina Bluetooth Bose Max 1TB,Electrónica,Bose,376.81,651,BOS-3175-4GL46
3176,Refrigerador Philips Modelo 3868,Hogar,Philips,380.61,621,PHI-3176-3FL3C
3177,Chaqueta de Cuero Nike Talla L Color Rojo,Ropa,Nike,118.33,179,NIK-3177-HC29Y
3178,Sudadera Nike Talla M Color Rojo,Ropa,Nike,142.42,136,NIK-3178-WEN4K
3179,Perfume 100ml Nivea Para todo tipo de piel,Belleza y Cuidado Personal,Nivea,104.97,571,NIV-3179-NB5SB
3180,Acondicionador CeraVe Tono Medio,Belleza y Cuidado Personal,CeraVe,7.84,631,CER-3180-0CSBO
3181,Chamarra Under Armour Talla S Color Gris,Ropa,Under Armour,99.08,426,UND-3181-WTCQT
3182,Crema Hidratante Garnier Tono Claro,Belleza y Cuidado Personal,Garnier,65.05,502,GAR-3182-8IV66
3183,Gorra Vans Talla XXL Color Rojo,Ropa,Vans,53.05,171,VAN-3183-LHFG7
3184,Teclado Mecánico Motorola Lite 128GB,Electrónica,Motorola,270.2,558,MOT-3184-GWTH9
3185,Suéter Under Armour Talla XXL Color Rojo,Ropa,Under Armour,109.56,828,UND-3185-FYTHU
3186,Teclado Mecánico Sony Lite,Electrónica,Sony,1678.29,559,SON-3186-QPBUK
3187,Tapete de Yoga CamelBak Profesional Edición Especial,Deportes,CamelBak,89.16,818,CAM-3187-M4FE3
3188,Smartwatch Sony Gen 7 256GB,Electrónica,Sony,1767.21,902,SON-3188-ELWKU
3189,Microondas KitchenAid Modelo 6772,Hogar,KitchenAid,447.14,604,KIT-3189-YKUZZ
3190,Short Deportivo Converse Talla L Color Rojo,Ropa,Converse,83.16,166,CON-3190-R0IY1
3191,Chamarra Tommy Hilfiger Talla XXL Color Azul,Ropa,Tommy Hilfiger,55.56,618,TOM-3191-EU7XU
3192,Suéter Nike Talla S Color Rojo,Ropa,Nike,81.25,493,NIK-3192-IEQDY
3193,Base de Maquillaje La Roche-Posay Para todo tipo de piel,Belleza y Cuidado Personal,La Roche-Posay,46.41,508,LA -3193-8JG6Z
3194,Teclado Mecánico JBL Pro 512GB,Electrónica,JBL,1671.78,220,JBL-3194-ENFZ2
3195,Microondas T-fal Modelo 4828,Hogar,T-fal,238.88,413,T-F-3195-1UKR2
3196,Base de Maquillaje L'Oréal Tono Oscuro,Belleza y Cuidado Personal,L'Oréal,117.09,383,L'O-3196-EI4J9
3197,"Monitor 24"" Dell Pro",Electrónica,Dell,1444.01,12,DEL-3197-JM8H7
3198,Tenis Under Armour Talla M Color Rojo,Ropa,Under Armour,104.92,757,UND-3198-9EX12
3199,Guantes de Box Yeti Profesional Estándar,Deportes,Yeti,246.73,816,YET-3199-FYCIM
3200,Suero de Vitamina C Clinique Piel Seca,Belleza y Cuidado Personal,Clinique,116.14,875,CLI-3200-D3FN3
3201,Goggles de Natación Spalding Profesional Estándar,Deportes,Spalding,138.68,950,SPA-3201-IGU6L
3202,Raqueta de Tenis Everlast Profesional Estándar,Deportes,Everlast,165.46,242,EVE-3202-17EIV
3203,Protector Solar SPF 50 Dove Piel Seca,Belleza y Cuidado Personal,Dove,36.82,939,DOV-3203-PIE1F
3204,Tapete de Yoga Rawlings Profesional Edición Especial,Deportes,Rawlings,249.36,167,RAW-3204-D7Q39
3205,Goggles de Natación Yeti Profesional Pro,Deportes,Yeti,230.1,620,YET-3205-B3ZHN
3206,Botella de Agua 1L Wilson Profesional Edición Especial,Deportes,Wilson,266.17,976,WIL-3206-6T9F0
3207,Perfume 100ml MAC Para todo tipo de piel,Belleza y Cuidado Personal,MAC,27.8,933,MAC-3207-L7ZCD
3208,Suéter Nike Talla XL Color Rojo,Ropa,Nike,69.29,588,NIK-3208-DOZ3I
3209,Aspiradora Hamilton Beach Modelo 4456,Hogar,Hamilton Beach,443.67,676,HAM-3209-2ZZKM
3210,Teclado Mecánico Motorola Plus 1TB,Electrónica,Motorola,1526.84,950,MOT-3210-0WMW5
3211,Suéter Under Armour Talla L Color Rojo,Ropa,Under Armour,121.2,772,UND-3211-YKMU1
3212,Suéter Vans Talla M Color Gris,Ropa,Vans,120.26,297,VAN-3212-017GT
3213,Goggles de Natación Rawlings Profesional Estándar,Deportes,Rawlings,111.17,933,RAW-3213-RXWQM
3214,Goggles de Natación CamelBak Profesional Estándar,Deportes,CamelBak,69.19,215,CAM-3214-WO3CG
3215,Smartwatch Samsung Plus 256GB,Electrónica,Samsung,236.41,796,SAM-3215-S0DUM
3216,Laptop HP Pro 512GB,Electrónica,HP,854.71,691,HP-3216-64E21
3217,Suero de Vitamina C MAC Tono Oscuro,Belleza y Cuidado Personal,MAC,42.13,0,MAC-3217-A51OS
3218,Bocina Bluetooth Samsung Plus 128GB,Electrónica,Samsung,695.17,31,SAM-3218-5B8QM
3219,Microondas Dyson Modelo 5385,Hogar,Dyson,292.15,752,DYS-3219-JYF7U
3220,Mouse JBL Plus 512GB,Electrónica,JBL,1472.66,438,JBL-3220-CGF2W
3221,Tostador Hamilton Beach Modelo 7114,Hogar,Hamilton Beach,341.93,821,HAM-3221-8ZEVS
3222,Audífonos Inalámbricos Asus Pro 1TB,Electrónica,Asus,2340.31,873,ASU-3222-4E1SZ
3223,Labial Líquido Nivea Tono Claro,Belleza y Cuidado Personal,Nivea,34.98,866,NIV-3223-XZQF1
3224,Shampoo MAC Tono Oscuro,Belleza y Cuidado Personal,MAC,51.94,474,MAC-3224-1I03K
3225,Chaqueta de Cuero Calvin Klein Talla L Color Rojo,Ropa,Calvin Klein,103.81,471,CAL-3225-YOE7F
3226,Mochila de Senderismo Rawlings Profesional Estándar,Deportes,Rawlings,26.6,505,RAW-3226-B8L30
3227,Acondicionador Revlon Tono Claro,Belleza y Cuidado Personal,Revlon,25.3,306,REV-3227-MMWSF
3228,Mancuernas 10kg Everlast Profesional Pro,Deportes,Everlast,255.65,553,EVE-3228-QL1DI
3229,Audífonos Inalámbricos Sony Max,Electrónica,Sony,713.32,400,SON-3229-BIE8Y
3230,Guantes de Box Everlast Profesional Edición Especial,Deportes,Everlast,88.9,284,EVE-3230-HDP5W
3231,Chaqueta de Cuero Under Armour Talla S Color Rojo,Ropa,Under Armour,48.67,532,UND-3231-UJVH4
3232,Suero de Vitamina C Garnier Tono Oscuro,Belleza y Cuidado Personal,Garnier,10.04,398,GAR-3232-NLZDX
3233,Mouse Motorola Lite 256GB,Electrónica,Motorola,2035.67,271,MOT-3233-IIZB4
3234,Tenis H&M Talla S Color Negro,Ropa,H&M,100.33,356,H&M-3234-1JUHG
3235,Tapete de Yoga Speedo Profesional Premium,Deportes,Speedo,204.63,4,SPE-3235-096E7
3236,Guantes de Box Rawlings Profesional Pro,Deportes,Rawlings,203.64,611,RAW-3236-B6WTU
3237,Goggles de Natación Yeti Profesional Estándar,Deportes,Yeti,156.65,648,YET-3237-E0UNI
3238,Gorra H&M Talla XXL Color Negro,Ropa,H&M,40.2,172,H&M-3238-YQ4Z7
3239,Laptop Sony Max 512GB,Electrónica,Sony,216.93,387,SON-3239-Z86UV
3240,Aspiradora Mabe Modelo 2245,Hogar,Mabe,791.99,819,MAB-3240-FUU69
3241,Acondicionador Estée Lauder Para todo tipo de piel,Belleza y Cuidado Personal,Estée Lauder,37.89,31,EST-3241-RDZ4Q
3242,Microondas Ninja Modelo 7445,Hogar,Ninja,218.09,280,NIN-3242-FYGPF
3243,Shampoo MAC Tono Medio,Belleza y Cuidado Personal,MAC,111.8,41,MAC-3243-5OZHC
3244,TV 4K Bose Lite 128GB,Electrónica,Bose,1160.02,305,BOS-3244-LDR6Q
3245,Base de Maquillaje Garnier Piel Seca,Belleza y Cuidado Personal,Garnier,30.87,407,GAR-3245-OO23E
3246,Chamarra H&M Talla L Color Rojo,Ropa,H&M,122.7,162,H&M-3246-1XI0F
3247,Guantes de Box Everlast Profesional Pro,Deportes,Everlast,117.31,987,EVE-3247-5RVNH
3248,Tienda de Campaña Gatorade Profesional Edición Especial,Deportes,Gatorade,199.17,354,GAT-3248-230BP
3249,Balón de Básquetbol Speedo Profesional Premium,Deportes,Speedo,278.94,727,SPE-3249-WROAL
3250,Protector Solar SPF 50 Revlon Tono Oscuro,Belleza y Cuidado Personal,Revlon,115.66,761,REV-3250-08YP5
3251,Mancuernas 10kg Yeti Profesional Edición Especial,Deportes,Yeti,200.78,674,YET-3251-O8H1Z
3252,Tenis H&M Talla M Color Azul,Ropa,H&M,141.71,739,H&M-3252-MFTXM
3253,Refrigerador Whirlpool Modelo 8796,Hogar,Whirlpool,357.87,89,WHI-3253-X5KCL
3254,Protector Solar SPF 50 Estée Lauder Tono Medio,Belleza y Cuidado Personal,Estée Lauder,89.69,392,EST-3254-UNMXS
3255,Bocina Bluetooth Bose Lite 256GB,Electrónica,Bose,110.68,364,BOS-3255-FK9HX
3256,Procesador de Alimentos Hamilton Beach Modelo 4818,Hogar,Hamilton Beach,384.42,357,HAM-3256-17C3W
3257,Gorra Calvin Klein Talla L Color Gris,Ropa,Calvin Klein,46.41,931,CAL-3257-3PTEK
3258,Acondicionador CeraVe Piel Seca,Belleza y Cuidado Personal,CeraVe,33.7,349,CER-3258-DM7JQ
3259,Cafetera Whirlpool Modelo 3986,Hogar,Whirlpool,547.53,543,WHI-3259-IIX2S
3260,Calcetines (Paquete) Calvin Klein Talla XL Color Negro,Ropa,Calvin Klein,21.23,309,CAL-3260-IXHG8
3261,"Monitor 24"" JBL Max 512GB",Electrónica,JBL,1198.72,73,JBL-3261-SUG10
3262,Cámara Mirrorless JBL Ultra 512GB,Electrónica,JBL,1335.28,978,JBL-3262-W0YW2
3263,Aspiradora Philips Modelo 1070,Hogar,Philips,295.22,195,PHI-3263-F0NJZ
3264,Aspiradora T-fal Modelo 6137,Hogar,T-fal,368.02,209,T-F-3264-WA4SA
3265,Tostador Oster Modelo 1848,Hogar,Oster,613.28,103,OST-3265-6GTXX
3266,Botella de Agua 1L Rawlings Profesional Premium,Deportes,Rawlings,270.43,231,RAW-3266-S2AUV
3267,Aspiradora KitchenAid Modelo 4938,Hogar,KitchenAid,329.68,777,KIT-3267-ZYSP1
3268,Microondas Koblenz Modelo 8819,Hogar,Koblenz,511.15,799,KOB-3268-E2FIZ
3269,Shampoo Revlon Tono Medio,Belleza y Cuidado Personal,Revlon,110.08,312,REV-3269-9VGYV
3270,Acondicionador MAC Piel Seca,Belleza y Cuidado Personal,MAC,42.99,512,MAC-3270-WCRS1
3271,Freidora de Aire Dyson Modelo 7432,Hogar,Dyson,724.71,102,DYS-3271-OOYNZ
3272,Sudadera Under Armour Talla XL Color Blanco,Ropa,Under Armour,46.69,474,UND-3272-SSVYJ
3273,Cámara Mirrorless Sony Pro 128GB,Electrónica,Sony,924.76,550,SON-3273-T8WD8
3274,Smartwatch Acer Plus 128GB,Electrónica,Acer,855.32,162,ACE-3274-PO53K
3275,Acondicionador Estée Lauder Para todo tipo de piel,Belleza y Cuidado Personal,Estée Lauder,83.29,765,EST-3275-ROQJH
3276,Procesador de Alimentos KitchenAid Modelo 3086,Hogar,KitchenAid,787.85,635,KIT-3276-YUCBN
3277,Batidora de Pedestal Hamilton Beach Modelo 3063,Hogar,Hamilton Beach,157.44,383,HAM-3277-Q4TOL
3278,Camiseta Under Armour Talla XXL Color Azul,Ropa,Under Armour,35.3,823,UND-3278-U5K4F
3279,Laptop LG Pro 128GB,Electrónica,LG,827.92,737,LG-3279-WFGYR
3280,Microondas KitchenAid Modelo 5927,Hogar,KitchenAid,303.42,256,KIT-3280-OC1CZ
3281,Tienda de Campaña CamelBak Profesional Premium,Deportes,CamelBak,68.59,798,CAM-3281-X4A9H
3282,Gorra Nike Talla M Color Blanco,Ropa,Nike,30.36,778,NIK-3282-HSEE1
3283,Aspiradora Ninja Modelo 4639,Hogar,Ninja,452.36,184,NIN-3283-PKBKF
3284,Balón de Básquetbol Gatorade Profesional Estándar,Deportes,Gatorade,153.73,767,GAT-3284-5RE9D
3285,Smartwatch Lenovo Ultra 256GB,Electrónica,Lenovo,332.07,688,LEN-3285-4EACP
3286,Tablet Motorola Ultra 1TB,Electrónica,Motorola,548.55,428,MOT-3286-GF7PB
3287,TV 4K LG Max 128GB,Electrónica,LG,1019.11,567,LG-3287-VNDE4
3288,Mouse Sony Max 128GB,Electrónica,Sony,1550.39,69,SON-3288-V4UKI
3289,Tablet Dell Gen 3 1TB,Electrónica,Dell,1624.08,404,DEL-3289-VSBXG
3290,Tablet Dell Ultra 256GB,Electrónica,Dell,2497.72,873,DEL-3290-UXDYU
3291,Smartwatch Xiaomi Ultra,Electrónica,Xiaomi,1181.94,822,XIA-3291-K25R4
3292,Cafetera Ninja Modelo 1124,Hogar,Ninja,791.81,185,NIN-3292-17ECY
3293,Raqueta de Tenis Speedo Profesional Premium,Deportes,Speedo,265.94,878,SPE-3293-WAMHJ
3294,Tablet Acer Ultra 512GB,Electrónica,Acer,2265.86,939,ACE-3294-0FQQG
3295,Freidora de Aire Koblenz Modelo 2943,Hogar,Koblenz,356.04,158,KOB-3295-HNAML
3296,Suéter Nike Talla XL Color Blanco,Ropa,Nike,113.76,342,NIK-3296-8TRIU
3297,Microondas Dyson Modelo 5382,Hogar,Dyson,525.57,487,DYS-3297-DNQ2V
3298,Camiseta Levi's Talla XL Color Azul,Ropa,Levi's,105.5,936,LEV-3298-VIJBR
3299,Perfume 100ml L'Oréal Tono Claro,Belleza y Cuidado Personal,L'Oréal,60.72,80,L'O-3299-XAQ7V
3300,Licuadora Hamilton Beach Modelo 2823,Hogar,Hamilton Beach,388.0,763,HAM-3300-6Y0SA
3301,Smartphone Sony Max 128GB,Electrónica,Sony,2407.17,646,SON-3301-3PFDL
3302,Short Deportivo Calvin Klein Talla XL Color Blanco,Ropa,Calvin Klein,38.92,794,CAL-3302-82FQB
3303,Suero de Vitamina C Revlon Para todo tipo de piel,Belleza y Cuidado Personal,Revlon,60.37,846,REV-3303-MT9EO
3304,Tenis Levi's Talla M Color Blanco,Ropa,Levi's,38.51,545,LEV-3304-KEBKK
3305,Teclado Mecánico LG Lite 128GB,Electrónica,LG,1363.54,992,LG-3305-AG5VN
3306,Tienda de Campaña Spalding Profesional Pro,Deportes,Spalding,99.27,235,SPA-3306-BY284
3307,Cámara Mirrorless Asus Max 1TB,Electrónica,Asus,337.38,138,ASU-3307-QNQ40
3308,TV 4K Samsung Gen 8 512GB,Electrónica,Samsung,1612.72,142,SAM-3308-IZTLM
3309,Guantes de Box Rawlings Profesional Pro,Deportes,Rawlings,107.72,900,RAW-3309-BGWBF
3310,Teclado Mecánico Apple Plus 512GB,Electrónica,Apple,1987.19,984,APP-3310-CW1WA
3311,Laptop Lenovo Plus 1TB,Electrónica,Lenovo,1974.93,336,LEN-3311-IEABJ
3312,Shampoo Estée Lauder Tono Claro,Belleza y Cuidado Personal,Estée Lauder,49.32,72,EST-3312-F8TUW
3313,Base de Maquillaje Estée Lauder Tono Oscuro,Belleza y Cuidado Personal,Estée Lauder,72.25,485,EST-3313-2WTRI
3314,Shampoo L'Oréal Tono Claro,Belleza y Cuidado Personal,L'Oréal,99.29,332,L'O-3314-D5KUQ
3315,Smartwatch Apple Ultra 512GB,Electrónica,Apple,1246.15,762,APP-3315-XIO51
3316,Raqueta de Tenis Wilson Profesional Pro,Deportes,Wilson,104.1,738,WIL-3316-1N80S
3317,Calcetines (Paquete) Levi's Talla XXL Color Gris,Ropa,Levi's,17.61,466,LEV-3317-SV25L
3318,Mochila de Senderismo Coleman Profesional Edición Especial,Deportes,Coleman,32.51,386,COL-3318-HJY2R
3319,Cámara Mirrorless Sony Lite 512GB,Electrónica,Sony,1885.27,831,SON-3319-BO7BE
3320,Tablet HP Lite 1TB,Electrónica,HP,1276.78,571,HP-3320-CYO1J
3321,TV 4K Xiaomi Ultra,Electrónica,Xiaomi,2393.46,939,XIA-3321-06BS3
3322,Pantalón de Mezclilla Adidas Talla XL Color Negro,Ropa,Adidas,75.98,357,ADI-3322-4QTHK
3323,Camiseta Converse Talla XXL Color Negro,Ropa,Converse,54.67,123,CON-3323-T0LA2
3324,Cámara Mirrorless Sony Plus 256GB,Electrónica,Sony,1592.93,156,SON-3324-H8768
3325,Licuadora T-fal Modelo 5047,Hogar,T-fal,618.41,785,T-F-3325-NN0GM
3326,Aspiradora Koblenz Modelo 3102,Hogar,Koblenz,564.1,925,KOB-3326-IA4T5
3327,Batidora de Pedestal Koblenz Modelo 9189,Hogar,Koblenz,177.77,760,KOB-3327-QRLS5
3328,Tablet Bose Pro 256GB,Electrónica,Bose,256.44,103,BOS-3328-50FH1
3329,Base de Maquillaje Clinique Piel Seca,Belleza y Cuidado Personal,Clinique,29.39,913,CLI-3329-O6HGS
3330,Tienda de Campaña Gatorade Profesional Premium,Deportes,Gatorade,71.48,266,GAT-3330-QE960
3331,Tenis Zara Talla XL Color Blanco,Ropa,Zara,28.67,780,ZAR-3331-AVC4D
3332,Shampoo CeraVe Piel Seca,Belleza y Cuidado Personal,CeraVe,114.34,163,CER-3332-Q75P7
3333,Tienda de Campaña Everlast Profesional Estándar,Deportes,Everlast,295.2,10,EVE-3333-IOTC4
3334,Chaqueta de Cuero Under Armour Talla M Color Blanco,Ropa,Under Armour,42.96,217,UND-3334-7JN8G
3335,Procesador de Alimentos T-fal Modelo 7577,Hogar,T-fal,303.64,835,T-F-3335-1B8GJ
3336,Smartwatch HP Pro 128GB,Electrónica,HP,1602.79,63,HP-3336-HHH9F
3337,Base de Maquillaje Clinique Tono Oscuro,Belleza y Cuidado Personal,Clinique,55.97,661,CLI-3337-Z9AH4
3338,Sudadera Tommy Hilfiger Talla S Color Gris,Ropa,Tommy Hilfiger,101.76,638,TOM-3338-I8UGE
3339,Protector Solar SPF 50 Dove Tono Medio,Belleza y Cuidado Personal,Dove,50.75,98,DOV-3339-G5O49
3340,Goggles de Natación Spalding Profesional Estándar,Deportes,Spalding,210.36,226,SPA-3340-DNXQY
3341,Refrigerador Whirlpool Modelo 9378,Hogar,Whirlpool,237.81,20,WHI-3341-LRVJ5
3342,Suero de Vitamina C Estée Lauder Piel Seca,Belleza y Cuidado Personal,Estée Lauder,44.57,461,EST-3342-RPU0U
3343,Audífonos Inalámbricos Asus Max,Electrónica,Asus,2071.69,86,ASU-3343-CWCNJ
3344,Raqueta de Tenis Speedo Profesional Premium,Deportes,Speedo,288.02,692,SPE-3344-0I9VS
3345,Desmaquillante Garnier Tono Medio,Belleza y Cuidado Personal,Garnier,117.35,272,GAR-3345-35VU2
3346,Tostador Mabe Modelo 6206,Hogar,Mabe,345.68,936,MAB-3346-MJXTI
3347,Cámara Mirrorless JBL Pro,Electrónica,JBL,1995.36,98,JBL-3347-11XWQ
3348,Perfume 100ml Clinique Para todo tipo de piel,Belleza y Cuidado Personal,Clinique,21.34,217,CLI-3348-58MQF
3349,Perfume 100ml Estée Lauder Tono Oscuro,Belleza y Cuidado Personal,Estée Lauder,52.77,1,EST-3349-M7HZQ
3350,Guantes de Box Coleman Profesional Estándar,Deportes,Coleman,147.49,370,COL-3350-FVAZX
3351,Cámara Mirrorless Acer Lite 512GB,Electrónica,Acer,807.77,63,ACE-3351-HFHRC
3352,Chaqueta de Cuero Reebok Talla XL Color Negro,Ropa,Reebok,108.76,357,REE-3352-B3YJN
3353,Audífonos Inalámbricos Asus Plus 128GB,Electrónica,Asus,424.72,271,ASU-3353-SSMRM
3354,Freidora de Aire Oster Modelo 5311,Hogar,Oster,48.79,612,OST-3354-H8ZD8
3355,Mouse Acer Max 256GB,Electrónica,Acer,769.7,858,ACE-3355-OS0TM
3356,Guantes de Box Yeti Profesional Estándar,Deportes,Yeti,264.73,517,YET-3356-Y59PU
3357,Laptop Acer Lite 1TB,Electrónica,Acer,2053.59,333,ACE-3357-79HHG
3358,Guantes de Box Rawlings Profesional Estándar,Deportes,Rawlings,178.92,585,RAW-3358-O2L4D
3359,"Monitor 24"" LG Pro 512GB",Electrónica,LG,2461.72,274,LG-3359-ZYWRC
3360,Calcetines (Paquete) Converse Talla S Color Azul,Ropa,Converse,74.65,584,CON-3360-UGJAX
3361,Crema Hidratante Nivea Piel Seca,Belleza y Cuidado Personal,Nivea,59.59,986,NIV-3361-2N0A9
3362,Goggles de Natación CamelBak Profesional Premium,Deportes,CamelBak,216.95,591,CAM-3362-LB95V
3363,Sudadera Adidas Talla S Color Azul,Ropa,Adidas,29.03,498,ADI-3363-NOKIK
3364,Tostador Mabe Modelo 3360,Hogar,Mabe,342.82,469,MAB-3364-BG5AZ
3365,Shampoo CeraVe Tono Medio,Belleza y Cuidado Personal,CeraVe,50.3,570,CER-3365-P035Y
3366,Acondicionador La Roche-Posay Tono Oscuro,Belleza y Cuidado Personal,La Roche-Posay,96.28,197,LA -3366-I82LL
3367,Guantes de Box CamelBak Profesional Premium,Deportes,CamelBak,171.88,897,CAM-3367-1ANA2
3368,Balón de Básquetbol Coleman Profesional Edición Especial,Deportes,Coleman,251.99,130,COL-3368-GS5KG
3369,Sudadera Tommy Hilfiger Talla XXL Color Rojo,Ropa,Tommy Hilfiger,57.73,796,TOM-3369-TEGY6
3370,Freidora de Aire Oster Modelo 2017,Hogar,Oster,84.41,561,OST-3370-MF4S9
3371,Suero de Vitamina C Revlon Para todo tipo de piel,Belleza y Cuidado Personal,Revlon,43.56,288,REV-3371-TM7W4
3372,Smartphone Apple Lite,Electrónica,Apple,272.25,935,APP-3372-6ZT17
3373,Chaqueta de Cuero Levi's Talla XXL Color Blanco,Ropa,Levi's,113.89,156,LEV-3373-EEE70
3374,Smartphone Sony Plus 1TB,Electrónica,Sony,1330.52,925,SON-3374-RV24B
3375,TV 4K Xiaomi Gen 8 128GB,Electrónica,Xiaomi,465.48,502,XIA-3375-I2EGO
3376,Raqueta de Tenis CamelBak Profesional Pro,Deportes,CamelBak,218.56,648,CAM-3376-4MYW9
3377,Desmaquillante La Roche-Posay Tono Oscuro,Belleza y Cuidado Personal,La Roche-Posay,57.77,417,LA -3377-NQF4Z
3378,Suero de Vitamina C Dove Tono Claro,Belleza y Cuidado Personal,Dove,57.58,295,DOV-3378-P20AG
3379,Bocina Bluetooth Lenovo Ultra 1TB,Electrónica,Lenovo,1017.68,554,LEN-3379-P1SQY
3380,Microondas Hamilton Beach Modelo 3983,Hogar,Hamilton Beach,430.61,954,HAM-3380-UKJBG
3381,Mancuernas 10kg Rawlings Profesional Edición Especial,Deportes,Rawlings,23.96,157,RAW-3381-DFNSC
3382,Licuadora Whirlpool Modelo 7558,Hogar,Whirlpool,695.7,301,WHI-3382-BR76I
3383,Licuadora Koblenz Modelo 7668,Hogar,Koblenz,471.69,827,KOB-3383-VQUW3
3384,Camiseta Reebok Talla XXL Color Azul,Ropa,Reebok,110.86,800,REE-3384-ZRHYX
3385,Tienda de Campaña Speedo Profesional Estándar,Deportes,Speedo,178.14,223,SPE-3385-WHIHH
3386,Gorra Levi's Talla XXL Color Negro,Ropa,Levi's,66.22,16,LEV-3386-KQO64
3387,Rímel Voluminizador Garnier Tono Oscuro,Belleza y Cuidado Personal,Garnier,114.57,5,GAR-3387-UPW6Q
3388,Freidora de Aire Black+Decker Modelo 6546,Hogar,Black+Decker,548.04,711,BLA-3388-M26FN
3389,Short Deportivo Reebok Talla S Color Gris,Ropa,Reebok,107.87,388,REE-3389-P0T7N
3390,Short Deportivo Nike Talla XXL Color Negro,Ropa,Nike,106.13,402,NIK-3390-X9FGD
3391,Licuadora Whirlpool Modelo 2013,Hogar,Whirlpool,63.37,860,WHI-3391-DNQKK
3392,Raqueta de Tenis CamelBak Profesional Estándar,Deportes,CamelBak,31.5,837,CAM-3392-2WGTO
3393,Smartwatch Asus Max 1TB,Electrónica,Asus,337.15,641,ASU-3393-AUNNG
3394,Goggles de Natación Gatorade Profesional Estándar,Deportes,Gatorade,262.01,357,GAT-3394-DAHCV
3395,Botella de Agua 1L Spalding Profesional Estándar,Deportes,Spalding,63.06,75,SPA-3395-FX33V
3396,Cafetera Ninja Modelo 5640,Hogar,Ninja,605.39,509,NIN-3396-AILMZ
3397,Acondicionador Garnier Tono Claro,Belleza y Cuidado Personal,Garnier,111.79,592,GAR-3397-U3Y8F
3398,Freidora de Aire Ninja Modelo 8826,Hogar,Ninja,582.52,666,NIN-3398-N6MGX
3399,Raqueta de Tenis Speedo Profesional Estándar,Deportes,Speedo,79.6,1,SPE-3399-9ZTBV
3400,Camiseta Tommy Hilfiger Talla M Color Blanco,Ropa,Tommy Hilfiger,124.07,503,TOM-3400-F8UBQ
3401,Cafetera T-fal Modelo 4363,Hogar,T-fal,666.32,418,T-F-3401-ZQGXH
3402,Bocina Bluetooth Lenovo Pro 256GB,Electrónica,Lenovo,115.9,811,LEN-3402-MWPHG
3403,Base de Maquillaje CeraVe Tono Medio,Belleza y Cuidado Personal,CeraVe,84.75,480,CER-3403-70RE3
3404,Smartwatch Xiaomi Max 512GB,Electrónica,Xiaomi,1536.06,753,XIA-3404-P06WD
3405,Batidora de Pedestal Ninja Modelo 6845,Hogar,Ninja,536.28,460,NIN-3405-RISM8
3406,Microondas Koblenz Modelo 6299,Hogar,Koblenz,505.45,987,KOB-3406-JQZT5
3407,Suero de Vitamina C La Roche-Posay Tono Medio,Belleza y Cuidado Personal,La Roche-Posay,14.72,746,LA -3407-LVC75
3408,Suero de Vitamina C CeraVe Tono Medio,Belleza y Cuidado Personal,CeraVe,20.32,713,CER-3408-3UJ6O
3409,Mancuernas 10kg Speedo Profesional Premium,Deportes,Speedo,61.25,18,SPE-3409-L0AMA
3410,Desmaquillante Revlon Tono Oscuro,Belleza y Cuidado Personal,Revlon,109.73,513,REV-3410-EIKUK
3411,Tienda de Campaña Speedo Profesional Pro,Deportes,Speedo,276.65,901,SPE-3411-06SXJ
3412,Crema Hidratante Revlon Tono Claro,Belleza y Cuidado Personal,Revlon,52.04,752,REV-3412-RCVWP
3413,Mancuernas 10kg Wilson Profesional Estándar,Deportes,Wilson,130.79,442,WIL-3413-KJKO3
3414,Base de Maquillaje Clinique Piel Seca,Belleza y Cuidado Personal,Clinique,70.03,357,CLI-3414-EEPZL
3415,Balón de Básquetbol Wilson Profesional Pro,Deportes,Wilson,40.68,243,WIL-3415-ODYR5
3416,Teclado Mecánico Xiaomi Max 1TB,Electrónica,Xiaomi,1707.77,657,XIA-3416-ANFFS
3417,Smartwatch JBL Pro 512GB,Electrónica,JBL,1766.58,251,JBL-3417-WJLMY
3418,Refrigerador Whirlpool Modelo 2255,Hogar,Whirlpool,645.56,246,WHI-3418-TWRDI
3419,Licuadora Oster Modelo 9444,Hogar,Oster,414.36,724,OST-3419-F6CSG
3420,Tostador Mabe Modelo 1192,Hogar,Mabe,395.3,888,MAB-3420-6CXSS
3421,Balón de Básquetbol Speedo Profesional Estándar,Deportes,Speedo,274.93,379,SPE-3421-WSCOR
3422,"Monitor 24"" HP Ultra 512GB",Electrónica,HP,1395.67,574,HP-3422-170F2
3423,Cafetera Whirlpool Modelo 8047,Hogar,Whirlpool,149.65,346,WHI-3423-71UOY
3424,Perfume 100ml Clinique Para todo tipo de piel,Belleza y Cuidado Personal,Clinique,31.85,759,CLI-3424-P12GB
3425,Shampoo La Roche-Posay Piel Seca,Belleza y Cuidado Personal,La Roche-Posay,19.81,604,LA -3425-L79SI
3426,Shampoo CeraVe Tono Oscuro,Belleza y Cuidado Personal,CeraVe,63.62,891,CER-3426-53YJ9
3427,TV 4K Motorola Pro 512GB,Electrónica,Motorola,1779.34,58,MOT-3427-NU1AM
3428,Guantes de Box Gatorade Profesional Edición Especial,Deportes,Gatorade,160.54,211,GAT-3428-6PSGQ
3429,Tablet Xiaomi Gen 9 512GB,Electrónica,Xiaomi,1204.78,160,XIA-3429-37IHH
3430,Smartphone Xiaomi Gen 1 512GB,Electrónica,Xiaomi,762.5,537,XIA-3430-PW235
3431,Shampoo Nivea Piel Seca,Belleza y Cuidado Personal,Nivea,27.9,509,NIV-3431-L5T3L
3432,Short Deportivo Under Armour Talla XL Color Rojo,Ropa,Under Armour,138.91,257,UND-3432-MYZCX
3433,Pantalón de Mezclilla Reebok Talla L Color Azul,Ropa,Reebok,144.91,576,REE-3433-AQ8BO
3434,Crema Hidratante CeraVe Tono Medio,Belleza y Cuidado Personal,CeraVe,100.4,915,CER-3434-MLD07
3435,Desmaquillante Maybelline Tono Medio,Belleza y Cuidado Personal,Maybelline,102.03,708,MAY-3435-IN2MN
3436,Refrigerador Dyson Modelo 3515,Hogar,Dyson,574.83,498,DYS-3436-RVP3Q
3437,Calcetines (Paquete) Tommy Hilfiger Talla S Color Blanco,Ropa,Tommy Hilfiger,88.71,52,TOM-3437-MC629
3438,Plancha de Vapor T-fal Modelo 7893,Hogar,T-fal,151.87,571,T-F-3438-MOVLG
3439,Suero de Vitamina C Maybelline Para todo tipo de piel,Belleza y Cuidado Personal,Maybelline,9.11,363,MAY-3439-3D5H5
3440,Cámara Mirrorless Bose Plus 512GB,Electrónica,Bose,2409.46,568,BOS-3440-WT0AM
3441,Gorra Tommy Hilfiger Talla XL Color Blanco,Ropa,Tommy Hilfiger,126.44,494,TOM-3441-83QC9
3442,Guantes de Box Gatorade Profesional Edición Especial,Deportes,Gatorade,134.14,978,GAT-3442-DZIP7
3443,Protector Solar SPF 50 CeraVe Tono Claro,Belleza y Cuidado Personal,CeraVe,49.91,959,CER-3443-KPEH5
3444,Raqueta de Tenis Yeti Profesional Premium,Deportes,Yeti,215.89,423,YET-3444-M8Q2X
3445,Tablet Xiaomi Gen 7 1TB,Electrónica,Xiaomi,2007.95,822,XIA-3445-SULI0
3446,Tienda de Campaña CamelBak Profesional Edición Especial,Deportes,CamelBak,78.35,524,CAM-3446-JR3SJ
3447,Mouse Acer Max 128GB,Electrónica,Acer,1506.85,781,ACE-3447-P0C8D
3448,Rímel Voluminizador Dove Tono Claro,Belleza y Cuidado Personal,Dove,89.44,69,DOV-3448-PNP6C
3449,Protector Solar SPF 50 L'Oréal Tono Claro,Belleza y Cuidado Personal,L'Oréal,53.82,258,L'O-3449-K0FMB
3450,Calcetines (Paquete) Zara Talla XL Color Negro,Ropa,Zara,89.72,268,ZAR-3450-QAP3D
3451,Refrigerador T-fal Modelo 7152,Hogar,T-fal,94.24,782,T-F-3451-I54DS
3452,Smartwatch Samsung Pro 256GB,Electrónica,Samsung,1860.27,811,SAM-3452-0U2LO
3453,Bocina Bluetooth Motorola Plus 256GB,Electrónica,Motorola,175.82,257,MOT-3453-RX32B
3454,Tienda de Campaña CamelBak Profesional Premium,Deportes,CamelBak,252.82,100,CAM-3454-9LM07
3455,Suéter Nike Talla L Color Blanco,Ropa,Nike,46.5,951,NIK-3455-URK9M
3456,Laptop LG Pro 1TB,Electrónica,LG,729.79,712,LG-3456-ICRVF
3457,Goggles de Natación Spalding Profesional Premium,Deportes,Spalding,192.46,123,SPA-3457-1ALKH
3458,Tienda de Campaña Wilson Profesional Pro,Deportes,Wilson,189.82,280,WIL-3458-K1BMA
3459,Refrigerador Koblenz Modelo 3003,Hogar,Koblenz,784.54,617,KOB-3459-6ESQ6
3460,Procesador de Alimentos Whirlpool Modelo 1460,Hogar,Whirlpool,657.22,135,WHI-3460-EMC1D
3461,Botella de Agua 1L Spalding Profesional Pro,Deportes,Spalding,160.67,415,SPA-3461-50OV4
3462,Cafetera Whirlpool Modelo 9967,Hogar,Whirlpool,627.78,993,WHI-3462-UIU6C
3463,Batidora de Pedestal T-fal Modelo 2830,Hogar,T-fal,460.26,683,T-F-3463-93Q2M
3464,Licuadora Hamilton Beach Modelo 5032,Hogar,Hamilton Beach,316.97,883,HAM-3464-TTCOT
3465,Gorra Calvin Klein Talla S Color Gris,Ropa,Calvin Klein,51.85,191,CAL-3465-ZHJOF
3466,Smartwatch Apple Ultra 512GB,Electrónica,Apple,424.36,368,APP-3466-9NZIH
3467,Tostador T-fal Modelo 1263,Hogar,T-fal,115.71,641,T-F-3467-4KEW9
3468,Procesador de Alimentos Ninja Modelo 9620,Hogar,Ninja,409.54,298,NIN-3468-OAHUO
3469,Tienda de Campaña Yeti Profesional Edición Especial,Deportes,Yeti,278.82,497,YET-3469-0622D
3470,Short Deportivo H&M Talla M Color Blanco,Ropa,H&M,39.14,429,H&M-3470-M992K
3471,Desmaquillante La Roche-Posay Piel Seca,Belleza y Cuidado Personal,La Roche-Posay,32.89,809,LA -3471-UKDVJ
3472,Suero de Vitamina C Clinique Para todo tipo de piel,Belleza y Cuidado Personal,Clinique,91.89,28,CLI-3472-P4NS1
3473,Goggles de Natación Gatorade Profesional Edición Especial,Deportes,Gatorade,148.88,978,GAT-3473-4I9X1
3474,Batidora de Pedestal Whirlpool Modelo 3333,Hogar,Whirlpool,521.38,203,WHI-3474-LDRDK
3475,Procesador de Alimentos Hamilton Beach Modelo 1796,Hogar,Hamilton Beach,448.87,219,HAM-3475-AO0G3
3476,Cafetera Whirlpool Modelo 9310,Hogar,Whirlpool,118.85,893,WHI-3476-HTP52
3477,Base de Maquillaje La Roche-Posay Para todo tipo de piel,Belleza y Cuidado Personal,La Roche-Posay,111.67,783,LA -3477-S4WSB
3478,Freidora de Aire Ninja Modelo 5549,Hogar,Ninja,612.95,211,NIN-3478-MOPII
3479,Raqueta de Tenis Rawlings Profesional Estándar,Deportes,Rawlings,231.56,546,RAW-3479-9TMA9
3480,Gorra Puma Talla XXL Color Blanco,Ropa,Puma,114.53,19,PUM-3480-VK6VI
3481,Mochila de Senderismo Speedo Profesional Edición Especial,Deportes,Speedo,290.0,155,SPE-3481-J922E
3482,Suero de Vitamina C Nivea Tono Claro,Belleza y Cuidado Personal,Nivea,50.5,255,NIV-3482-IJ7ZI
3483,Mancuernas 10kg Spalding Profesional Estándar,Deportes,Spalding,97.59,690,SPA-3483-SR1L5
3484,Guantes de Box Gatorade Profesional Premium,Deportes,Gatorade,213.94,306,GAT-3484-BYP6C
3485,Tapete de Yoga Wilson Profesional Premium,Deportes,Wilson,64.57,534,WIL-3485-V4L69
3486,Raqueta de Tenis CamelBak Profesional Premium,Deportes,CamelBak,49.87,676,CAM-3486-ZWQUG
3487,Calcetines (Paquete) Zara Talla M Color Blanco,Ropa,Zara,77.24,118,ZAR-3487-77UDH
3488,Smartwatch Xiaomi Plus 512GB,Electrónica,Xiaomi,1209.32,976,XIA-3488-G6INI
3489,Tienda de Campaña Gatorade Profesional Estándar,Deportes,Gatorade,96.17,419,GAT-3489-LQPW8
3490,Goggles de Natación Gatorade Profesional Estándar,Deportes,Gatorade,16.68,34,GAT-3490-8WOOS
3491,Tapete de Yoga CamelBak Profesional Edición Especial,Deportes,CamelBak,250.91,839,CAM-3491-PTOX9
3492,Base de Maquillaje MAC Tono Oscuro,Belleza y Cuidado Personal,MAC,38.75,801,MAC-3492-DBOJY
3493,Pantalón de Mezclilla Levi's Talla M Color Azul,Ropa,Levi's,18.78,389,LEV-3493-424B3
3494,Desmaquillante Dove Tono Claro,Belleza y Cuidado Personal,Dove,18.21,681,DOV-3494-I0BJZ
3495,Acondicionador CeraVe Piel Seca,Belleza y Cuidado Personal,CeraVe,115.9,325,CER-3495-JNDU5
3496,Crema Hidratante Estée Lauder Para todo tipo de piel,Belleza y Cuidado Personal,Estée Lauder,94.47,198,EST-3496-OYLO4
3497,Tenis Converse Talla M Color Blanco,Ropa,Converse,103.04,132,CON-3497-XKE7R
3498,Mochila de Senderismo Yeti Profesional Estándar,Deportes,Yeti,189.44,794,YET-3498-HXLTW
3499,Botella de Agua 1L Wilson Profesional Edición Especial,Deportes,Wilson,50.51,149,WIL-3499-LPRY6
3500,Freidora de Aire Philips Modelo 8815,Hogar,Philips,217.39,366,PHI-3500-OEP2C
3501,Suero de Vitamina C Maybelline Piel Seca,Belleza y Cuidado Personal,Maybelline,105.7,399,MAY-3501-UJH7B
3502,Base de Maquillaje MAC Tono Medio,Belleza y Cuidado Personal,MAC,5.55,990,MAC-3502-D336Y
3503,Smartwatch Samsung Ultra 1TB,Electrónica,Samsung,2312.16,305,SAM-3503-0BU47
3504,Desmaquillante Estée Lauder Para todo tipo de piel,Belleza y Cuidado Personal,Estée Lauder,75.1,679,EST-3504-Z806L
3505,Balón de Básquetbol Yeti Profesional Premium,Deportes,Yeti,206.69,622,YET-3505-1WHXA
3506,Refrigerador Philips Modelo 8973,Hogar,Philips,274.73,303,PHI-3506-WY5DL
3507,Tapete de Yoga Spalding Profesional Premium,Deportes,Spalding,57.06,596,SPA-3507-4WSBT
3508,Cafetera Dyson Modelo 8705,Hogar,Dyson,707.56,350,DYS-3508-INAUU
3509,Procesador de Alimentos Whirlpool Modelo 5911,Hogar,Whirlpool,694.96,92,WHI-3509-VU01A
3510,Licuadora Oster Modelo 1457,Hogar,Oster,209.85,71,OST-3510-T3XYE
3511,Bocina Bluetooth Lenovo Max 1TB,Electrónica,Lenovo,1754.39,932,LEN-3511-2XIUP
3512,Gorra Nike Talla M Color Rojo,Ropa,Nike,59.15,136,NIK-3512-J05N4
3513,Aspiradora Philips Modelo 9858,Hogar,Philips,300.0,451,PHI-3513-LA92T
3514,Chamarra Adidas Talla XXL Color Gris,Ropa,Adidas,123.43,44,ADI-3514-YWC1G
3515,Tostador KitchenAid Modelo 6450,Hogar,KitchenAid,69.36,351,KIT-3515-42UI8
3516,Short Deportivo Adidas Talla XL Color Gris,Ropa,Adidas,18.04,543,ADI-3516-PS97B
3517,Desmaquillante Garnier Para todo tipo de piel,Belleza y Cuidado Personal,Garnier,52.96,368,GAR-3517-N8WVE
3518,Bocina Bluetooth HP Pro 1TB,Electrónica,HP,250.33,601,HP-3518-62H1M
3519,Camiseta H&M Talla XL Color Azul,Ropa,H&M,91.37,646,H&M-3519-08YP4
3520,Plancha de Vapor T-fal Modelo 5501,Hogar,T-fal,586.3,553,T-F-3520-FXYMG
3521,Cámara Mirrorless Motorola Ultra 1TB,Electrónica,Motorola,2183.14,455,MOT-3521-L83AI
3522,Cámara Mirrorless Asus Max 1TB,Electrónica,Asus,457.75,904,ASU-3522-CRVWI
3523,Tablet Motorola Max,Electrónica,Motorola,1183.62,776,MOT-3523-4UEQW
3524,Acondicionador Garnier Tono Medio,Belleza y Cuidado Personal,Garnier,35.64,861,GAR-3524-X7247
3525,Bocina Bluetooth Dell Max 128GB,Electrónica,Dell,1300.04,270,DEL-3525-AS9RU
3526,"Monitor 24"" HP Pro",Electrónica,HP,1361.58,175,HP-3526-789RB
3527,Calcetines (Paquete) Calvin Klein Talla XXL Color Negro,Ropa,Calvin Klein,51.31,942,CAL-3527-C05OU
3528,Raqueta de Tenis Spalding Profesional Edición Especial,Deportes,Spalding,97.94,54,SPA-3528-F0WJV
3529,Tapete de Yoga Gatorade Profesional Edición Especial,Deportes,Gatorade,282.31,453,GAT-3529-DD57Q
3530,Pantalón de Mezclilla H&M Talla M Color Blanco,Ropa,H&M,20.45,385,H&M-3530-L0RGO
3531,Suéter Zara Talla M Color Negro,Ropa,Zara,58.18,325,ZAR-3531-XC6W5
3532,Chaqueta de Cuero Tommy Hilfiger Talla XXL Color Gris,Ropa,Tommy Hilfiger,84.39,633,TOM-3532-1LIJG
3533,Mouse Samsung Plus 128GB,Electrónica,Samsung,1374.64,984,SAM-3533-SJJ0D
3534,Pantalón de Mezclilla Nike Talla XL Color Blanco,Ropa,Nike,64.61,652,NIK-3534-V9QY8
3535,Pantalón de Mezclilla Zara Talla XL Color Negro,Ropa,Zara,48.3,98,ZAR-3535-ECTVJ
3536,Audífonos Inalámbricos HP Lite 256GB,Electrónica,HP,1669.87,907,HP-3536-XK1LY
3537,Botella de Agua 1L Everlast Profesional Pro,Deportes,Everlast,75.48,569,EVE-3537-JFEV1
3538,Chamarra Under Armour Talla L Color Blanco,Ropa,Under Armour,147.24,990,UND-3538-MXLS6
3539,Refrigerador Oster Modelo 3680,Hogar,Oster,340.22,763,OST-3539-99R7X
3540,Cafetera Dyson Modelo 3993,Hogar,Dyson,188.01,980,DYS-3540-LIE0Z
3541,Procesador de Alimentos Philips Modelo 3407,Hogar,Philips,260.07,419,PHI-3541-7HMC6
3542,"Monitor 24"" Xiaomi Max 256GB",Electrónica,Xiaomi,1879.49,684,XIA-3542-6QS5L
3543,Calcetines (Paquete) Under Armour Talla S Color Azul,Ropa,Under Armour,124.08,696,UND-3543-OGVGX
3544,Perfume 100ml Clinique Tono Oscuro,Belleza y Cuidado Personal,Clinique,26.55,633,CLI-3544-3YNVY
3545,Bocina Bluetooth Sony Pro 1TB,Electrónica,Sony,1197.39,543,SON-3545-EZ4TQ
3546,"Monitor 24"" Motorola Plus 128GB",Electrónica,Motorola,816.06,247,MOT-3546-G0ZG7
3547,Smartphone Bose Max,Electrónica,Bose,1782.12,914,BOS-3547-MZKV5
3548,Cafetera Koblenz Modelo 3733,Hogar,Koblenz,753.82,995,KOB-3548-70RW1
3549,Goggles de Natación Speedo Profesional Premium,Deportes,Speedo,180.9,558,SPE-3549-FFGKG
3550,Protector Solar SPF 50 Maybelline Para todo tipo de piel,Belleza y Cuidado Personal,Maybelline,25.01,908,MAY-3550-74RKP
3551,Perfume 100ml CeraVe Piel Seca,Belleza y Cuidado Personal,CeraVe,69.74,60,CER-3551-NBD2H
3552,Plancha de Vapor KitchenAid Modelo 5997,Hogar,KitchenAid,273.89,203,KIT-3552-IPQBU
3553,Audífonos Inalámbricos Samsung Max 256GB,Electrónica,Samsung,143.15,677,SAM-3553-TGK4K
3554,Tienda de Campaña Gatorade Profesional Pro,Deportes,Gatorade,54.54,24,GAT-3554-47Q4R
3555,Chamarra Nike Talla S Color Negro,Ropa,Nike,67.03,675,NIK-3555-672T6
3556,Shampoo L'Oréal Para todo tipo de piel,Belleza y Cuidado Personal,L'Oréal,75.13,460,L'O-3556-BG2MR
3557,Refrigerador Dyson Modelo 7422,Hogar,Dyson,70.77,923,DYS-3557-E1TNV
3558,Smartwatch Motorola Plus 256GB,Electrónica,Motorola,1886.04,106,MOT-3558-8YM0X
3559,Protector Solar SPF 50 Dove Piel Seca,Belleza y Cuidado Personal,Dove,63.56,853,DOV-3559-891O4
3560,Aspiradora Black+Decker Modelo 2062,Hogar,Black+Decker,414.78,238,BLA-3560-UPF51
3561,Calcetines (Paquete) Nike Talla XXL Color Rojo,Ropa,Nike,86.21,995,NIK-3561-ZYC8R
3562,Mouse Sony Lite 512GB,Electrónica,Sony,2479.71,362,SON-3562-AT5T9
3563,Smartphone Lenovo Max 128GB,Electrónica,Lenovo,2204.98,175,LEN-3563-VQSFJ
3564,Protector Solar SPF 50 CeraVe Tono Claro,Belleza y Cuidado Personal,CeraVe,97.54,803,CER-3564-CKYBK
3565,Mancuernas 10kg Everlast Profesional Estándar,Deportes,Everlast,272.23,579,EVE-3565-DJ8ZM
3566,Audífonos Inalámbricos JBL Plus 1TB,Electrónica,JBL,2457.23,123,JBL-3566-KZAYN
3567,Shampoo Maybelline Para todo tipo de piel,Belleza y Cuidado Personal,Maybelline,70.4,663,MAY-3567-LU2OI
3568,Pantalón de Mezclilla H&M Talla S Color Azul,Ropa,H&M,114.86,182,H&M-3568-QZY49
3569,Tostador Ninja Modelo 2274,Hogar,Ninja,258.15,938,NIN-3569-8WYJU
3570,TV 4K Asus Ultra 1TB,Electrónica,Asus,572.46,213,ASU-3570-VOVXI
3571,Raqueta de Tenis Spalding Profesional Estándar,Deportes,Spalding,155.51,289,SPA-3571-N03AN
3572,Microondas Black+Decker Modelo 2937,Hogar,Black+Decker,182.47,9,BLA-3572-D0GXE
3573,Tapete de Yoga Spalding Profesional Edición Especial,Deportes,Spalding,216.09,571,SPA-3573-B8ZH3
3574,Batidora de Pedestal Mabe Modelo 5464,Hogar,Mabe,48.58,88,MAB-3574-YWGCO
3575,Labial Líquido Garnier Piel Seca,Belleza y Cuidado Personal,Garnier,74.58,614,GAR-3575-BEVWM
3576,Camiseta Converse Talla L Color Gris,Ropa,Converse,55.49,295,CON-3576-CF3IY
3577,Guantes de Box Yeti Profesional Pro,Deportes,Yeti,158.09,198,YET-3577-RYS0M
3578,Refrigerador Koblenz Modelo 1520,Hogar,Koblenz,769.45,824,KOB-3578-XVYLQ
3579,Plancha de Vapor Oster Modelo 1431,Hogar,Oster,409.59,221,OST-3579-JPSNA
3580,Bocina Bluetooth Sony Lite 256GB,Electrónica,Sony,405.94,854,SON-3580-516AA
3581,Acondicionador La Roche-Posay Para todo tipo de piel,Belleza y Cuidado Personal,La Roche-Posay,21.54,674,LA -3581-4KL8L
3582,Desmaquillante MAC Tono Claro,Belleza y Cuidado Personal,MAC,45.64,700,MAC-3582-AWOPH
3583,Laptop Bose Ultra,Electrónica,Bose,2146.23,103,BOS-3583-8PR0J
3584,Procesador de Alimentos Oster Modelo 9355,Hogar,Oster,457.27,343,OST-3584-N4MKU
3585,Balón de Básquetbol Everlast Profesional Edición Especial,Deportes,Everlast,76.17,395,EVE-3585-WVLS5
3586,Audífonos Inalámbricos Apple Lite 256GB,Electrónica,Apple,1495.12,601,APP-3586-N7ZXQ
3587,Calcetines (Paquete) Calvin Klein Talla XL Color Azul,Ropa,Calvin Klein,72.12,357,CAL-3587-EFFLB
3588,Guantes de Box Wilson Profesional Premium,Deportes,Wilson,201.26,831,WIL-3588-HVNKS
3589,"Monitor 24"" Lenovo Lite 256GB",Electrónica,Lenovo,1055.49,344,LEN-3589-ZCHWR
3590,Microondas T-fal Modelo 9911,Hogar,T-fal,185.37,346,T-F-3590-72EB8
3591,Tablet Dell Gen 3,Electrónica,Dell,1762.8,741,DEL-3591-J44NE
3592,Raqueta de Tenis Rawlings Profesional Pro,Deportes,Rawlings,99.96,63,RAW-3592-XN1UO
3593,Freidora de Aire Philips Modelo 6202,Hogar,Philips,211.09,415,PHI-3593-MOGNS
3594,TV 4K HP Plus 512GB,Electrónica,HP,1582.22,973,HP-3594-GVRAS
3595,Refrigerador Dyson Modelo 4101,Hogar,Dyson,138.97,826,DYS-3595-LJD0M
3596,Mochila de Senderismo Spalding Profesional Edición Especial,Deportes,Spalding,164.46,8,SPA-3596-JD6Q4
3597,Pantalón de Mezclilla H&M Talla S Color Blanco,Ropa,H&M,119.14,522,H&M-3597-HVNUQ
3598,Tienda de Campaña Coleman Profesional Edición Especial,Deportes,Coleman,159.57,538,COL-3598-4ZFLR
3599,Licuadora Ninja Modelo 8555,Hogar,Ninja,274.76,762,NIN-3599-G5ZIG
3600,Crema Hidratante Dove Para todo tipo de piel,Belleza y Cuidado Personal,Dove,116.61,261,DOV-3600-ML7SR
3601,Smartwatch JBL Gen 7 512GB,Electrónica,JBL,1823.76,527,JBL-3601-5U1J3
3602,Guantes de Box CamelBak Profesional Estándar,Deportes,CamelBak,257.32,496,CAM-3602-P2NY8
3603,Goggles de Natación Yeti Profesional Estándar,Deportes,Yeti,71.37,762,YET-3603-51DGF
3604,Pantalón de Mezclilla Under Armour Talla XL Color Negro,Ropa,Under Armour,72.86,642,UND-3604-J2XJV
3605,Mancuernas 10kg Yeti Profesional Estándar,Deportes,Yeti,158.96,93,YET-3605-18WL4
3606,Tienda de Campaña Rawlings Profesional Estándar,Deportes,Rawlings,225.22,793,RAW-3606-YQX0N
3607,Tablet Lenovo Pro,Electrónica,Lenovo,1053.43,115,LEN-3607-1SAM4
3608,Raqueta de Tenis Everlast Profesional Edición Especial,Deportes,Everlast,209.77,321,EVE-3608-5GKXG
3609,Chaqueta de Cuero Adidas Talla L Color Rojo,Ropa,Adidas,59.85,203,ADI-3609-SIEV6
3610,Batidora de Pedestal Dyson Modelo 2539,Hogar,Dyson,445.15,453,DYS-3610-AGKXX
3611,Teclado Mecánico Xiaomi Plus 1TB,Electrónica,Xiaomi,610.14,666,XIA-3611-VPU1J
3612,Cafetera Koblenz Modelo 2683,Hogar,Koblenz,485.15,116,KOB-3612-HAYEL
3613,Tostador Oster Modelo 4851,Hogar,Oster,394.05,575,OST-3613-ZXQI0
3614,Raqueta de Tenis Gatorade Profesional Estándar,Deportes,Gatorade,285.05,535,GAT-3614-MOIAA
3615,Batidora de Pedestal T-fal Modelo 1390,Hogar,T-fal,701.13,107,T-F-3615-8TULL
3616,Teclado Mecánico Lenovo Gen 7,Electrónica,Lenovo,1846.56,725,LEN-3616-1GXQU
3617,"Monitor 24"" Motorola Gen 5 1TB",Electrónica,Motorola,2390.15,536,MOT-3617-6HDPI
3618,Gorra H&M Talla L Color Azul,Ropa,H&M,29.42,903,H&M-3618-84D0W
3619,Teclado Mecánico Acer Ultra 1TB,Electrónica,Acer,853.59,947,ACE-3619-PZG2Y
3620,Suéter Under Armour Talla XL Color Negro,Ropa,Under Armour,88.18,843,UND-3620-83Z8C
3621,Chamarra Calvin Klein Talla S Color Rojo,Ropa,Calvin Klein,103.0,827,CAL-3621-M2CMP
3622,Botella de Agua 1L Yeti Profesional Premium,Deportes,Yeti,98.9,964,YET-3622-YQV5Q
3623,TV 4K Motorola Pro 512GB,Electrónica,Motorola,1914.34,926,MOT-3623-43A9X
3624,Rímel Voluminizador Clinique Tono Claro,Belleza y Cuidado Personal,Clinique,83.88,840,CLI-3624-0DJL6
3625,Refrigerador Ninja Modelo 6957,Hogar,Ninja,556.83,378,NIN-3625-2RERZ
3626,Cámara Mirrorless Apple Gen 4 1TB,Electrónica,Apple,521.76,216,APP-3626-T1YFV
3627,Procesador de Alimentos Mabe Modelo 5523,Hogar,Mabe,451.22,416,MAB-3627-G3Z4I
3628,Plancha de Vapor Dyson Modelo 6184,Hogar,Dyson,132.07,152,DYS-3628-VG37O
3629,Acondicionador Estée Lauder Tono Oscuro,Belleza y Cuidado Personal,Estée Lauder,68.25,304,EST-3629-DS1M3
3630,Tablet Asus Gen 8 128GB,Electrónica,Asus,1119.33,69,ASU-3630-MQWNX
3631,Tapete de Yoga Speedo Profesional Estándar,Deportes,Speedo,177.96,221,SPE-3631-4G3VD
3632,Shampoo MAC Tono Claro,Belleza y Cuidado Personal,MAC,63.46,249,MAC-3632-RJ7Y9
3633,Batidora de Pedestal Dyson Modelo 4746,Hogar,Dyson,403.56,223,DYS-3633-6UUT7
3634,Balón de Básquetbol CamelBak Profesional Estándar,Deportes,CamelBak,145.4,153,CAM-3634-MUNCQ
3635,Botella de Agua 1L Wilson Profesional Pro,Deportes,Wilson,137.37,659,WIL-3635-1OHCE
3636,Guantes de Box Coleman Profesional Pro,Deportes,Coleman,158.17,223,COL-3636-VJUBV
3637,Laptop Xiaomi Lite 256GB,Electrónica,Xiaomi,1816.58,300,XIA-3637-9E1I2
3638,Short Deportivo Puma Talla XXL Color Gris,Ropa,Puma,24.18,678,PUM-3638-VY4EK
3639,Protector Solar SPF 50 Clinique Piel Seca,Belleza y Cuidado Personal,Clinique,67.46,54,CLI-3639-3RBMG
3640,Licuadora T-fal Modelo 5187,Hogar,T-fal,569.71,239,T-F-3640-RNRWW
3641,Tienda de Campaña CamelBak Profesional Premium,Deportes,CamelBak,149.95,468,CAM-3641-BC4PC
3642,Balón de Básquetbol Speedo Profesional Premium,Deportes,Speedo,271.92,166,SPE-3642-7MZSU
3643,Microondas Whirlpool Modelo 6750,Hogar,Whirlpool,243.34,19,WHI-3643-F1SQM
3644,Freidora de Aire Hamilton Beach Modelo 7254,Hogar,Hamilton Beach,716.54,871,HAM-3644-2BJCB
3645,Botella de Agua 1L Gatorade Profesional Estándar,Deportes,Gatorade,121.58,291,GAT-3645-R8J3I
3646,Smartphone Asus Pro 128GB,Electrónica,Asus,1348.16,390,ASU-3646-O2D2L
3647,Suero de Vitamina C Clinique Tono Medio,Belleza y Cuidado Personal,Clinique,113.11,394,CLI-3647-TW4D9
3648,Freidora de Aire Whirlpool Modelo 5851,Hogar,Whirlpool,713.26,867,WHI-3648-G9KRG
3649,Mochila de Senderismo Rawlings Profesional Edición Especial,Deportes,Rawlings,49.21,695,RAW-3649-T76TX
3650,Raqueta de Tenis CamelBak Profesional Edición Especial,Deportes,CamelBak,115.29,718,CAM-3650-KSIWB
3651,Refrigerador T-fal Modelo 2576,Hogar,T-fal,565.26,514,T-F-3651-S3XNV
3652,Tenis Calvin Klein Talla S Color Rojo,Ropa,Calvin Klein,130.23,62,CAL-3652-Z8N98
3653,Plancha de Vapor Ninja Modelo 1713,Hogar,Ninja,748.86,641,NIN-3653-O19PV
3654,Balón de Básquetbol Wilson Profesional Pro,Deportes,Wilson,63.63,344,WIL-3654-0WKVE
3655,Procesador de Alimentos T-fal Modelo 6352,Hogar,T-fal,482.55,262,T-F-3655-JWROJ
3656,Balón de Básquetbol Wilson Profesional Pro,Deportes,Wilson,177.68,791,WIL-3656-Y72LP
3657,Crema Hidratante MAC Para todo tipo de piel,Belleza y Cuidado Personal,MAC,6.8,626,MAC-3657-RNLFY
3658,Batidora de Pedestal KitchenAid Modelo 6577,Hogar,KitchenAid,468.34,89,KIT-3658-PF5L3
3659,Tostador KitchenAid Modelo 5424,Hogar,KitchenAid,527.33,941,KIT-3659-V0E9J
3660,Shampoo Dove Tono Claro,Belleza y Cuidado Personal,Dove,26.44,449,DOV-3660-K3UYV
3661,"Monitor 24"" Dell Max 128GB",Electrónica,Dell,2339.83,33,DEL-3661-FS5KJ
3662,Pantalón de Mezclilla Tommy Hilfiger Talla S Color Negro,Ropa,Tommy Hilfiger,80.69,927,TOM-3662-89ALM
3663,Batidora de Pedestal Ninja Modelo 3369,Hogar,Ninja,767.84,51,NIN-3663-JSS44
3664,Cámara Mirrorless Bose Max 128GB,Electrónica,Bose,1682.83,560,BOS-3664-URK5C
3665,Pantalón de Mezclilla Tommy Hilfiger Talla M Color Azul,Ropa,Tommy Hilfiger,21.94,16,TOM-3665-L3PGQ
3666,Perfume 100ml CeraVe Tono Oscuro,Belleza y Cuidado Personal,CeraVe,30.92,728,CER-3666-R95CU
3667,Chaqueta de Cuero Reebok Talla S Color Azul,Ropa,Reebok,17.46,150,REE-3667-QSGWH
3668,Acondicionador CeraVe Tono Medio,Belleza y Cuidado Personal,CeraVe,16.19,315,CER-3668-J1BV5
3669,Calcetines (Paquete) Tommy Hilfiger Talla S Color Negro,Ropa,Tommy Hilfiger,134.38,94,TOM-3669-1ENAP
3670,Labial Líquido Clinique Tono Claro,Belleza y Cuidado Personal,Clinique,16.31,5,CLI-3670-93ZK8
3671,Plancha de Vapor T-fal Modelo 6517,Hogar,T-fal,615.89,563,T-F-3671-Z0BRL
3672,Mochila de Senderismo Gatorade Profesional Pro,Deportes,Gatorade,282.4,74,GAT-3672-VBG36
3673,Gorra Nike Talla XL Color Blanco,Ropa,Nike,145.13,540,NIK-3673-CILEQ
3674,Smartphone JBL Gen 7,Electrónica,JBL,1308.35,437,JBL-3674-JYAZI
3675,Freidora de Aire KitchenAid Modelo 5196,Hogar,KitchenAid,382.94,968,KIT-3675-EK6XM
3676,Tapete de Yoga Yeti Profesional Pro,Deportes,Yeti,40.94,697,YET-3676-2T5TX
3677,Labial Líquido CeraVe Tono Claro,Belleza y Cuidado Personal,CeraVe,44.03,439,CER-3677-PU0Z9
3678,Base de Maquillaje Estée Lauder Tono Oscuro,Belleza y Cuidado Personal,Estée Lauder,51.9,116,EST-3678-TPLJY
3679,Rímel Voluminizador Revlon Tono Medio,Belleza y Cuidado Personal,Revlon,118.23,502,REV-3679-3I8EJ
3680,Microondas Whirlpool Modelo 4042,Hogar,Whirlpool,757.96,273,WHI-3680-MYB0A
3681,Freidora de Aire Mabe Modelo 7370,Hogar,Mabe,638.54,441,MAB-3681-98MRK
3682,Licuadora Black+Decker Modelo 1577,Hogar,Black+Decker,670.57,322,BLA-3682-KIIPS
3683,Raqueta de Tenis CamelBak Profesional Premium,Deportes,CamelBak,71.42,30,CAM-3683-LRB39
3684,Labial Líquido Nivea Tono Claro,Belleza y Cuidado Personal,Nivea,43.24,0,NIV-3684-0GMPO
3685,Base de Maquillaje MAC Tono Claro,Belleza y Cuidado Personal,MAC,81.7,489,MAC-3685-C81ZA
3686,Short Deportivo Converse Talla XL Color Rojo,Ropa,Converse,65.75,732,CON-3686-XFRC7
3687,Refrigerador Hamilton Beach Modelo 1403,Hogar,Hamilton Beach,593.09,168,HAM-3687-3I1HS
3688,Acondicionador Estée Lauder Tono Oscuro,Belleza y Cuidado Personal,Estée Lauder,30.66,741,EST-3688-Z2R7Y
3689,Labial Líquido Clinique Piel Seca,Belleza y Cuidado Personal,Clinique,37.99,707,CLI-3689-0A13O
3690,Protector Solar SPF 50 Dove Tono Medio,Belleza y Cuidado Personal,Dove,41.82,421,DOV-3690-JUUKD
3691,Balón de Básquetbol CamelBak Profesional Pro,Deportes,CamelBak,57.27,608,CAM-3691-A3KVA
3692,Chaqueta de Cuero Under Armour Talla XXL Color Blanco,Ropa,Under Armour,28.1,491,UND-3692-NVM6E
3693,Aspiradora Whirlpool Modelo 2159,Hogar,Whirlpool,71.25,740,WHI-3693-X6V8D
3694,Tablet Lenovo Pro,Electrónica,Lenovo,694.11,963,LEN-3694-8UU2T
3695,Smartwatch Acer Pro 256GB,Electrónica,Acer,907.7,690,ACE-3695-09R9V
3696,Mouse Acer Lite,Electrónica,Acer,1801.54,441,ACE-3696-BRF64
3697,Plancha de Vapor KitchenAid Modelo 2233,Hogar,KitchenAid,214.71,647,KIT-3697-DVCNS
3698,Audífonos Inalámbricos JBL Gen 4,Electrónica,JBL,664.58,549,JBL-3698-KHBNS
3699,Chamarra Reebok Talla XL Color Azul,Ropa,Reebok,43.18,964,REE-3699-QRODR
3700,Mouse LG Plus 256GB,Electrónica,LG,1722.29,787,LG-3700-BVS9V
3701,Sudadera Under Armour Talla L Color Negro,Ropa,Under Armour,114.23,634,UND-3701-31J61
3702,Teclado Mecánico Asus Plus 256GB,Electrónica,Asus,1775.98,478,ASU-3702-595U7
3703,Sudadera Puma Talla S Color Rojo,Ropa,Puma,99.39,977,PUM-3703-XX72N
3704,Tapete de Yoga Gatorade Profesional Edición Especial,Deportes,Gatorade,193.83,238,GAT-3704-VO0IH
3705,Shampoo L'Oréal Tono Medio,Belleza y Cuidado Personal,L'Oréal,118.77,883,L'O-3705-LTNND
3706,Cámara Mirrorless LG Max,Electrónica,LG,2168.02,783,LG-3706-FH7IB
3707,Botella de Agua 1L Yeti Profesional Pro,Deportes,Yeti,240.31,716,YET-3707-XIW40
3708,Plancha de Vapor Whirlpool Modelo 5924,Hogar,Whirlpool,299.5,874,WHI-3708-S8USB
3709,Crema Hidratante L'Oréal Tono Claro,Belleza y Cuidado Personal,L'Oréal,43.22,588,L'O-3709-5YAGV
3710,Suéter Converse Talla L Color Rojo,Ropa,Converse,24.19,308,CON-3710-PG1V1
3711,Camiseta Vans Talla M Color Blanco,Ropa,Vans,64.35,943,VAN-3711-QMEGZ
3712,Calcetines (Paquete) Tommy Hilfiger Talla L Color Gris,Ropa,Tommy Hilfiger,143.49,312,TOM-3712-YZBNX
3713,Chamarra Converse Talla S Color Rojo,Ropa,Converse,34.71,946,CON-3713-JD9NH
3714,Labial Líquido Nivea Tono Claro,Belleza y Cuidado Personal,Nivea,63.86,944,NIV-3714-ST1GX
3715,Crema Hidratante CeraVe Para todo tipo de piel,Belleza y Cuidado Personal,CeraVe,48.26,138,CER-3715-2FAYV
3716,Crema Hidratante MAC Tono Medio,Belleza y Cuidado Personal,MAC,53.28,185,MAC-3716-IB89B
3717,Chamarra Zara Talla L Color Blanco,Ropa,Zara,109.56,795,ZAR-3717-BWTGO
3718,Freidora de Aire Whirlpool Modelo 1507,Hogar,Whirlpool,34.68,408,WHI-3718-V94LB
3719,Crema Hidratante Estée Lauder Tono Oscuro,Belleza y Cuidado Personal,Estée Lauder,10.81,315,EST-3719-ANYR4
3720,Plancha de Vapor Ninja Modelo 6850,Hogar,Ninja,623.7,687,NIN-3720-5E5CU
3721,Tostador Black+Decker Modelo 1271,Hogar,Black+Decker,44.7,573,BLA-3721-KP2DZ
3722,Base de Maquillaje Dove Tono Claro,Belleza y Cuidado Personal,Dove,6.23,254,DOV-3722-XR9I6
3723,Laptop Bose Max 256GB,Electrónica,Bose,2055.4,591,BOS-3723-PQUH7
3724,Desmaquillante Estée Lauder Piel Seca,Belleza y Cuidado Personal,Estée Lauder,41.81,105,EST-3724-RI3JC
3725,Goggles de Natación Spalding Profesional Pro,Deportes,Spalding,97.04,58,SPA-3725-OUOU8
3726,Gorra Vans Talla M Color Azul,Ropa,Vans,91.61,123,VAN-3726-W90PI
3727,Tostador Ninja Modelo 3000,Hogar,Ninja,784.3,431,NIN-3727-OV9G8
3728,TV 4K Sony Plus,Electrónica,Sony,2035.93,860,SON-3728-KQFZ1
3729,Rímel Voluminizador MAC Para todo tipo de piel,Belleza y Cuidado Personal,MAC,77.0,624,MAC-3729-1T9QC
3730,Refrigerador Dyson Modelo 8280,Hogar,Dyson,447.25,152,DYS-3730-AROOP
3731,Microondas Black+Decker Modelo 9027,Hogar,Black+Decker,337.5,982,BLA-3731-EYTFR
3732,Sudadera Levi's Talla L Color Blanco,Ropa,Levi's,45.4,448,LEV-3732-JTNVX
3733,Mancuernas 10kg Gatorade Profesional Estándar,Deportes,Gatorade,63.4,688,GAT-3733-APMZO
3734,Bocina Bluetooth Samsung Plus 1TB,Electrónica,Samsung,1643.4,263,SAM-3734-54RUD
3735,Gorra Converse Talla L Color Rojo,Ropa,Converse,86.11,908,CON-3735-XIR9D
3736,Acondicionador Dove Tono Claro,Belleza y Cuidado Personal,Dove,61.64,150,DOV-3736-3M6WO
3737,Camiseta Adidas Talla S Color Blanco,Ropa,Adidas,85.38,709,ADI-3737-ZVYT6
3738,Calcetines (Paquete) Vans Talla S Color Azul,Ropa,Vans,53.76,366,VAN-3738-290RX
3739,Batidora de Pedestal Whirlpool Modelo 1442,Hogar,Whirlpool,322.86,270,WHI-3739-Q4XRQ
3740,Tostador Black+Decker Modelo 9592,Hogar,Black+Decker,248.67,967,BLA-3740-KXEVU
3741,Guantes de Box Coleman Profesional Pro,Deportes,Coleman,94.82,679,COL-3741-6KRLY
3742,Refrigerador Philips Modelo 1493,Hogar,Philips,685.09,120,PHI-3742-UOMTQ
3743,Suéter H&M Talla L Color Blanco,Ropa,H&M,138.92,198,H&M-3743-37N1L
3744,Mancuernas 10kg Coleman Profesional Edición Especial,Deportes,Coleman,62.33,808,COL-3744-YZQ70
3745,"Monitor 24"" Bose Plus 1TB",Electrónica,Bose,2048.3,932,BOS-3745-5MERI
3746,Goggles de Natación Wilson Profesional Premium,Deportes,Wilson,123.02,688,WIL-3746-QX9ZR
3747,Rímel Voluminizador Clinique Tono Claro,Belleza y Cuidado Personal,Clinique,23.08,364,CLI-3747-Y61XH
3748,Licuadora Ninja Modelo 4715,Hogar,Ninja,611.05,226,NIN-3748-CNNC2
3749,Shampoo Revlon Tono Oscuro,Belleza y Cuidado Personal,Revlon,61.36,787,REV-3749-BYP4D
3750,Balón de Básquetbol Yeti Profesional Premium,Deportes,Yeti,100.48,896,YET-3750-HYV2P
3751,Teclado Mecánico Bose Ultra 1TB,Electrónica,Bose,640.39,220,BOS-3751-49BJF
3752,Base de Maquillaje L'Oréal Piel Seca,Belleza y Cuidado Personal,L'Oréal,90.57,13,L'O-3752-I2O2W
3753,Laptop Apple Plus 512GB,Electrónica,Apple,155.95,197,APP-3753-AD4E4
3754,Procesador de Alimentos Oster Modelo 5470,Hogar,Oster,798.38,81,OST-3754-8017V
3755,Rímel Voluminizador L'Oréal Tono Medio,Belleza y Cuidado Personal,L'Oréal,10.85,153,L'O-3755-AW63Z
3756,Teclado Mecánico Motorola Pro 512GB,Electrónica,Motorola,2041.36,645,MOT-3756-X497Y
3757,Sudadera Converse Talla XL Color Blanco,Ropa,Converse,81.96,225,CON-3757-YS24I
3758,Refrigerador Dyson Modelo 7912,Hogar,Dyson,468.42,516,DYS-3758-RWPH6
3759,Smartphone Apple Plus 1TB,Electrónica,Apple,670.38,988,APP-3759-OTQ08
3760,Chamarra Vans Talla M Color Rojo,Ropa,Vans,63.98,392,VAN-3760-IQM6G
3761,Smartphone LG Max 1TB,Electrónica,LG,2376.4,530,LG-3761-LDXMU
3762,Protector Solar SPF 50 Garnier Para todo tipo de piel,Belleza y Cuidado Personal,Garnier,8.41,356,GAR-3762-2NLD4
3763,Camiseta Puma Talla XL Color Negro,Ropa,Puma,138.4,519,PUM-3763-XPQN9
3764,Calcetines (Paquete) Tommy Hilfiger Talla XL Color Rojo,Ropa,Tommy Hilfiger,98.95,814,TOM-3764-KNGWJ
3765,Bocina Bluetooth Lenovo Plus 1TB,Electrónica,Lenovo,1686.56,849,LEN-3765-QVH8F
3766,Suero de Vitamina C Garnier Para todo tipo de piel,Belleza y Cuidado Personal,Garnier,71.43,981,GAR-3766-XUG6B
3767,Cámara Mirrorless Dell Gen 1 256GB,Electrónica,Dell,2485.94,940,DEL-3767-H8TDI
3768,Cámara Mirrorless Xiaomi Ultra 1TB,Electrónica,Xiaomi,1387.24,879,XIA-3768-WXXZ4
3769,Mancuernas 10kg Rawlings Profesional Edición Especial,Deportes,Rawlings,167.23,479,RAW-3769-FYHAA
3770,Smartphone Dell Lite,Electrónica,Dell,1832.97,725,DEL-3770-KYUXD
3771,Perfume 100ml Maybelline Tono Medio,Belleza y Cuidado Personal,Maybelline,115.1,451,MAY-3771-TKU10
3772,Teclado Mecánico HP Pro 512GB,Electrónica,HP,1574.17,329,HP-3772-LFRX9
3773,Audífonos Inalámbricos Lenovo Lite 1TB,Electrónica,Lenovo,1478.63,796,LEN-3773-JQQGH
3774,"Monitor 24"" LG Lite 128GB",Electrónica,LG,1960.06,116,LG-3774-8ARMP
3775,Acondicionador MAC Piel Seca,Belleza y Cuidado Personal,MAC,104.18,93,MAC-3775-5T5RW
3776,Balón de Básquetbol CamelBak Profesional Estándar,Deportes,CamelBak,35.73,713,CAM-3776-ZI724
3777,Gorra Vans Talla XXL Color Blanco,Ropa,Vans,84.43,728,VAN-3777-OBKCI
3778,Mouse Apple Ultra 1TB,Electrónica,Apple,1783.45,327,APP-3778-WREDN
3779,Cámara Mirrorless Xiaomi Pro 1TB,Electrónica,Xiaomi,1785.54,420,XIA-3779-O798O
3780,Calcetines (Paquete) Puma Talla XL Color Azul,Ropa,Puma,102.27,269,PUM-3780-2QU4G
3781,Suero de Vitamina C L'Oréal Tono Oscuro,Belleza y Cuidado Personal,L'Oréal,103.1,907,L'O-3781-MI0EL
3782,Labial Líquido Nivea Para todo tipo de piel,Belleza y Cuidado Personal,Nivea,91.2,675,NIV-3782-7QA0G
3783,Chaqueta de Cuero Converse Talla M Color Blanco,Ropa,Converse,138.26,842,CON-3783-05J7F
3784,Tenis H&M Talla S Color Rojo,Ropa,H&M,84.76,973,H&M-3784-A4DAB
3785,Audífonos Inalámbricos Asus Max,Electrónica,Asus,1895.62,813,ASU-3785-B6BF2
3786,Freidora de Aire T-fal Modelo 4124,Hogar,T-fal,783.12,93,T-F-3786-IDDEI
3787,Tostador Philips Modelo 4914,Hogar,Philips,611.22,132,PHI-3787-2BB01
3788,Short Deportivo Calvin Klein Talla XL Color Blanco,Ropa,Calvin Klein,22.22,428,CAL-3788-09BV6
3789,Balón de Básquetbol Speedo Profesional Premium,Deportes,Speedo,287.96,354,SPE-3789-DK4PA
3790,Tenis Puma Talla L Color Azul,Ropa,Puma,147.71,862,PUM-3790-AH95V
3791,Freidora de Aire Dyson Modelo 7777,Hogar,Dyson,543.99,601,DYS-3791-KNV4C
3792,Suero de Vitamina C CeraVe Piel Seca,Belleza y Cuidado Personal,CeraVe,30.44,294,CER-3792-WTL8I
3793,Tostador Black+Decker Modelo 9696,Hogar,Black+Decker,640.47,345,BLA-3793-0JDAW
3794,Cafetera KitchenAid Modelo 5402,Hogar,KitchenAid,174.02,506,KIT-3794-QRESD
3795,Batidora de Pedestal Mabe Modelo 2570,Hogar,Mabe,463.2,887,MAB-3795-K9TLW
3796,Pantalón de Mezclilla Nike Talla XL Color Rojo,Ropa,Nike,119.59,412,NIK-3796-ZAWO2
3797,Shampoo La Roche-Posay Para todo tipo de piel,Belleza y Cuidado Personal,La Roche-Posay,72.02,459,LA -3797-OXHCY
3798,Tienda de Campaña Gatorade Profesional Pro,Deportes,Gatorade,63.4,133,GAT-3798-UWTRW
3799,Pantalón de Mezclilla Tommy Hilfiger Talla XL Color Negro,Ropa,Tommy Hilfiger,66.27,862,TOM-3799-H41ZA
3800,Pantalón de Mezclilla Puma Talla S Color Gris,Ropa,Puma,119.89,488,PUM-3800-0KYLR
3801,Suéter Under Armour Talla L Color Negro,Ropa,Under Armour,46.89,236,UND-3801-759P1
3802,Refrigerador Mabe Modelo 9659,Hogar,Mabe,418.81,675,MAB-3802-YM0GH
3803,Teclado Mecánico Xiaomi Gen 7 128GB,Electrónica,Xiaomi,356.76,906,XIA-3803-2CP2W
3804,Tostador KitchenAid Modelo 2779,Hogar,KitchenAid,333.2,721,KIT-3804-KJXNR
3805,Batidora de Pedestal Mabe Modelo 9191,Hogar,Mabe,224.26,782,MAB-3805-F0DGU
3806,Pantalón de Mezclilla Reebok Talla M Color Gris,Ropa,Reebok,67.71,415,REE-3806-84HXS
3807,Licuadora Hamilton Beach Modelo 3927,Hogar,Hamilton Beach,53.49,827,HAM-3807-O30WN
3808,Tostador Dyson Modelo 2190,Hogar,Dyson,37.52,60,DYS-3808-XPJP0
3809,Crema Hidratante CeraVe Para todo tipo de piel,Belleza y Cuidado Personal,CeraVe,47.1,130,CER-3809-72HB5
3810,Tablet Dell Max 1TB,Electrónica,Dell,1855.97,375,DEL-3810-EH2FP
3811,Plancha de Vapor Oster Modelo 5711,Hogar,Oster,420.64,605,OST-3811-4W7FT
3812,Goggles de Natación Everlast Profesional Edición Especial,Deportes,Everlast,77.01,175,EVE-3812-UPFLH
3813,Goggles de Natación CamelBak Profesional Premium,Deportes,CamelBak,294.26,245,CAM-3813-WGWNP
3814,Mouse Sony Ultra,Electrónica,Sony,2090.72,885,SON-3814-3JV71
3815,Chamarra Puma Talla M Color Negro,Ropa,Puma,112.48,71,PUM-3815-619EE
3816,Teclado Mecánico Apple Plus 256GB,Electrónica,Apple,968.09,785,APP-3816-P3ASB
3817,Desmaquillante La Roche-Posay Tono Medio,Belleza y Cuidado Personal,La Roche-Posay,59.09,507,LA -3817-7LRV1
3818,Goggles de Natación Wilson Profesional Pro,Deportes,Wilson,159.22,981,WIL-3818-TOU06
3819,Raqueta de Tenis Coleman Profesional Estándar,Deportes,Coleman,252.96,613,COL-3819-KD7JC
3820,Base de Maquillaje La Roche-Posay Tono Oscuro,Belleza y Cuidado Personal,La Roche-Posay,20.18,357,LA -3820-QP0MC
3821,Tapete de Yoga Wilson Profesional Pro,Deportes,Wilson,171.38,495,WIL-3821-M1NU4
3822,Microondas Hamilton Beach Modelo 5046,Hogar,Hamilton Beach,486.82,228,HAM-3822-Q7S3M
3823,"Monitor 24"" Asus Pro 512GB",Electrónica,Asus,240.0,947,ASU-3823-F24AS
3824,Smartwatch Acer Pro 256GB,Electrónica,Acer,1796.77,17,ACE-3824-IKEU3
3825,"Monitor 24"" Lenovo Plus 128GB",Electrónica,Lenovo,2221.71,201,LEN-3825-2LTIW
3826,Freidora de Aire Black+Decker Modelo 7275,Hogar,Black+Decker,674.27,740,BLA-3826-XO7DK
3827,Tapete de Yoga Speedo Profesional Estándar,Deportes,Speedo,288.08,560,SPE-3827-GT78L
3828,Chamarra Puma Talla M Color Rojo,Ropa,Puma,85.23,106,PUM-3828-7HDE5
3829,Pantalón de Mezclilla Levi's Talla XL Color Gris,Ropa,Levi's,101.64,4,LEV-3829-4JI7R
3830,Batidora de Pedestal Ninja Modelo 1542,Hogar,Ninja,742.55,292,NIN-3830-JRXMN
3831,Rímel Voluminizador Clinique Piel Seca,Belleza y Cuidado Personal,Clinique,9.22,521,CLI-3831-RPP0Z
3832,Laptop Samsung Lite 1TB,Electrónica,Samsung,284.99,796,SAM-3832-45GQD
3833,Freidora de Aire Black+Decker Modelo 7693,Hogar,Black+Decker,572.84,505,BLA-3833-D00JT
3834,Rímel Voluminizador Clinique Tono Medio,Belleza y Cuidado Personal,Clinique,119.59,36,CLI-3834-HACEL
3835,Balón de Básquetbol Rawlings Profesional Edición Especial,Deportes,Rawlings,260.56,483,RAW-3835-AQNDQ
3836,Freidora de Aire Ninja Modelo 6698,Hogar,Ninja,703.35,880,NIN-3836-3ELVF
3837,Batidora de Pedestal Philips Modelo 7565,Hogar,Philips,677.79,769,PHI-3837-LENKW
3838,Shampoo Garnier Piel Seca,Belleza y Cuidado Personal,Garnier,97.11,164,GAR-3838-XIH83
3839,Procesador de Alimentos Koblenz Modelo 1460,Hogar,Koblenz,528.49,613,KOB-3839-6575N
3840,Tapete de Yoga Spalding Profesional Edición Especial,Deportes,Spalding,86.62,178,SPA-3840-DGNJE
3841,Cafetera Philips Modelo 5872,Hogar,Philips,202.87,683,PHI-3841-4NAC2
3842,Batidora de Pedestal Black+Decker Modelo 1981,Hogar,Black+Decker,201.98,385,BLA-3842-3HXDD
3843,Raqueta de Tenis CamelBak Profesional Edición Especial,Deportes,CamelBak,32.92,364,CAM-3843-1UJPN
3844,Microondas Hamilton Beach Modelo 8564,Hogar,Hamilton Beach,369.9,664,HAM-3844-LR7EQ
3845,Botella de Agua 1L Coleman Profesional Premium,Deportes,Coleman,92.14,139,COL-3845-IK518
3846,Chaqueta de Cuero Vans Talla L Color Blanco,Ropa,Vans,49.71,790,VAN-3846-QWMX2
3847,Aspiradora Ninja Modelo 1021,Hogar,Ninja,699.45,909,NIN-3847-II93V
3848,Rímel Voluminizador Nivea Tono Oscuro,Belleza y Cuidado Personal,Nivea,56.21,532,NIV-3848-F2UHF
3849,Refrigerador Koblenz Modelo 5220,Hogar,Koblenz,795.36,873,KOB-3849-4LQ3Y
3850,Batidora de Pedestal KitchenAid Modelo 2320,Hogar,KitchenAid,498.37,193,KIT-3850-DM48R
3851,Pantalón de Mezclilla Puma Talla M Color Gris,Ropa,Puma,92.0,120,PUM-3851-PV4FZ
3852,Pantalón de Mezclilla Levi's Talla S Color Rojo,Ropa,Levi's,46.68,554,LEV-3852-VPE2K
3853,Tablet Samsung Ultra 256GB,Electrónica,Samsung,947.85,424,SAM-3853-WHSS8
3854,Smartwatch Xiaomi Pro 128GB,Electrónica,Xiaomi,2407.71,156,XIA-3854-M8EBP
3855,Mochila de Senderismo Spalding Profesional Estándar,Deportes,Spalding,98.12,24,SPA-3855-4OPL7
3856,Plancha de Vapor Koblenz Modelo 4020,Hogar,Koblenz,348.03,938,KOB-3856-4EXBP
3857,Rímel Voluminizador Maybelline Para todo tipo de piel,Belleza y Cuidado Personal,Maybelline,118.53,878,MAY-3857-N1RB8
3858,Audífonos Inalámbricos Xiaomi Lite,Electrónica,Xiaomi,846.58,863,XIA-3858-NQ91E
3859,"Monitor 24"" Apple Plus 512GB",Electrónica,Apple,2119.93,165,APP-3859-TFA43
3860,Camiseta Reebok Talla XXL Color Negro,Ropa,Reebok,54.7,392,REE-3860-11HZN
3861,Short Deportivo Calvin Klein Talla XXL Color Gris,Ropa,Calvin Klein,138.92,293,CAL-3861-UZUJV
3862,Chamarra Under Armour Talla XXL Color Gris,Ropa,Under Armour,112.48,333,UND-3862-WHSXW
3863,Teclado Mecánico LG Lite 256GB,Electrónica,LG,2183.2,452,LG-3863-RLSZM
3864,Pantalón de Mezclilla Puma Talla L Color Rojo,Ropa,Puma,94.12,324,PUM-3864-154UY
3865,Perfume 100ml Maybelline Tono Oscuro,Belleza y Cuidado Personal,Maybelline,28.91,295,MAY-3865-NQCIZ
3866,Shampoo Revlon Tono Oscuro,Belleza y Cuidado Personal,Revlon,91.65,971,REV-3866-RT328
3867,Protector Solar SPF 50 MAC Piel Seca,Belleza y Cuidado Personal,MAC,90.94,868,MAC-3867-T3W3N
3868,Procesador de Alimentos Hamilton Beach Modelo 3601,Hogar,Hamilton Beach,393.24,543,HAM-3868-FB84G
3869,Audífonos Inalámbricos Asus Gen 1 512GB,Electrónica,Asus,1448.2,607,ASU-3869-F4IX1
3870,Tienda de Campaña Spalding Profesional Premium,Deportes,Spalding,86.99,462,SPA-3870-7NBIZ
3871,Audífonos Inalámbricos Asus Ultra 128GB,Electrónica,Asus,946.72,69,ASU-3871-JCWFG
3872,Perfume 100ml Revlon Piel Seca,Belleza y Cuidado Personal,Revlon,35.21,10,REV-3872-O87SR
3873,Smartwatch Acer Plus 512GB,Electrónica,Acer,2419.73,429,ACE-3873-EFMLC
3874,Raqueta de Tenis Rawlings Profesional Pro,Deportes,Rawlings,261.43,558,RAW-3874-HTRVH
3875,Chaqueta de Cuero Calvin Klein Talla XXL Color Blanco,Ropa,Calvin Klein,28.89,455,CAL-3875-8KWYQ
3876,Camiseta Under Armour Talla S Color Rojo,Ropa,Under Armour,53.59,905,UND-3876-2IH0W
3877,Protector Solar SPF 50 CeraVe Piel Seca,Belleza y Cuidado Personal,CeraVe,21.57,951,CER-3877-1GZQ5
3878,Raqueta de Tenis Speedo Profesional Pro,Deportes,Speedo,152.86,568,SPE-3878-S2190
3879,"Monitor 24"" Asus Gen 9 1TB",Electrónica,Asus,337.85,549,ASU-3879-V0UO2
3880,Plancha de Vapor Philips Modelo 7947,Hogar,Philips,240.32,455,PHI-3880-ZCP78
3881,Smartwatch Bose Ultra,Electrónica,Bose,2210.43,78,BOS-3881-MBMNY
3882,Goggles de Natación Gatorade Profesional Estándar,Deportes,Gatorade,17.31,559,GAT-3882-AE6C2
3883,Mochila de Senderismo CamelBak Profesional Premium,Deportes,CamelBak,49.2,360,CAM-3883-J3FD0
3884,Chamarra Tommy Hilfiger Talla XL Color Blanco,Ropa,Tommy Hilfiger,88.01,138,TOM-3884-QNV6S
3885,Aspiradora Philips Modelo 1316,Hogar,Philips,261.11,579,PHI-3885-MH0M1
3886,Rímel Voluminizador MAC Para todo tipo de piel,Belleza y Cuidado Personal,MAC,10.51,8,MAC-3886-PXGL8
3887,Protector Solar SPF 50 L'Oréal Tono Claro,Belleza y Cuidado Personal,L'Oréal,67.17,754,L'O-3887-BY2IN
3888,"Monitor 24"" Xiaomi Ultra 128GB",Electrónica,Xiaomi,1233.82,549,XIA-3888-0ZJ8M
3889,Labial Líquido CeraVe Piel Seca,Belleza y Cuidado Personal,CeraVe,38.35,30,CER-3889-JBHRY
3890,Cámara Mirrorless Lenovo Plus 512GB,Electrónica,Lenovo,372.34,868,LEN-3890-2OFLZ
3891,TV 4K Lenovo Plus 1TB,Electrónica,Lenovo,1838.77,752,LEN-3891-S9U0W
3892,Plancha de Vapor Oster Modelo 3898,Hogar,Oster,601.34,400,OST-3892-UCS2U
3893,Shampoo Dove Piel Seca,Belleza y Cuidado Personal,Dove,78.93,682,DOV-3893-X27SA
3894,Mouse HP Lite 128GB,Electrónica,HP,380.58,663,HP-3894-68DMF
3895,Camiseta H&M Talla L Color Rojo,Ropa,H&M,74.04,874,H&M-3895-1D351
3896,Licuadora Whirlpool Modelo 5779,Hogar,Whirlpool,278.97,273,WHI-3896-AKDUW
3897,Chaqueta de Cuero Puma Talla L Color Negro,Ropa,Puma,84.49,821,PUM-3897-DSPBG
3898,Raqueta de Tenis Spalding Profesional Premium,Deportes,Spalding,177.12,140,SPA-3898-D80C4
3899,Acondicionador La Roche-Posay Tono Oscuro,Belleza y Cuidado Personal,La Roche-Posay,60.7,122,LA -3899-65CK3
3900,Suero de Vitamina C CeraVe Tono Claro,Belleza y Cuidado Personal,CeraVe,100.95,710,CER-3900-T3OU9
3901,Bocina Bluetooth Asus Lite 512GB,Electrónica,Asus,2074.22,567,ASU-3901-MJYBW
3902,Cámara Mirrorless Acer Lite 512GB,Electrónica,Acer,1487.56,309,ACE-3902-I4QMO
3903,Shampoo L'Oréal Piel Seca,Belleza y Cuidado Personal,L'Oréal,78.3,604,L'O-3903-C0GJW
3904,Suéter Puma Talla M Color Azul,Ropa,Puma,78.73,530,PUM-3904-8R529
3905,Base de Maquillaje Maybelline Piel Seca,Belleza y Cuidado Personal,Maybelline,87.46,969,MAY-3905-B76LM
3906,Short Deportivo H&M Talla S Color Azul,Ropa,H&M,119.74,296,H&M-3906-DXBK3
3907,Procesador de Alimentos Ninja Modelo 7086,Hogar,Ninja,522.06,721,NIN-3907-JMOJ1
3908,Suero de Vitamina C CeraVe Tono Oscuro,Belleza y Cuidado Personal,CeraVe,16.4,291,CER-3908-HZAW9
3909,Batidora de Pedestal Ninja Modelo 6833,Hogar,Ninja,209.82,685,NIN-3909-DAGMH
3910,Tenis Nike Talla M Color Negro,Ropa,Nike,30.24,39,NIK-3910-1RI8U
3911,Crema Hidratante La Roche-Posay Piel Seca,Belleza y Cuidado Personal,La Roche-Posay,15.34,409,LA -3911-96FLE
3912,Suéter Nike Talla XL Color Negro,Ropa,Nike,89.8,915,NIK-3912-9O89D
3913,Camiseta Reebok Talla XXL Color Blanco,Ropa,Reebok,49.88,601,REE-3913-OWM11
3914,"Monitor 24"" Xiaomi Ultra 128GB",Electrónica,Xiaomi,1278.82,622,XIA-3914-LN2E6
3915,Rímel Voluminizador Estée Lauder Piel Seca,Belleza y Cuidado Personal,Estée Lauder,86.94,742,EST-3915-27R6Z
3916,Teclado Mecánico HP Plus 128GB,Electrónica,HP,1799.98,825,HP-3916-U9VKU
3917,Tenis Calvin Klein Talla M Color Negro,Ropa,Calvin Klein,136.85,642,CAL-3917-EB0RC
3918,Mouse Xiaomi Lite 128GB,Electrónica,Xiaomi,171.34,901,XIA-3918-GJBRC
3919,Goggles de Natación Yeti Profesional Premium,Deportes,Yeti,238.51,711,YET-3919-4LXQQ
3920,Mancuernas 10kg Speedo Profesional Estándar,Deportes,Speedo,134.73,821,SPE-3920-N09E8
3921,Balón de Básquetbol CamelBak Profesional Premium,Deportes,CamelBak,183.47,293,CAM-3921-64D7H
3922,Sudadera Adidas Talla M Color Azul,Ropa,Adidas,146.59,425,ADI-3922-CU4PB
3923,Base de Maquillaje Maybelline Tono Oscuro,Belleza y Cuidado Personal,Maybelline,66.33,681,MAY-3923-E70IV
3924,Raqueta de Tenis Speedo Profesional Premium,Deportes,Speedo,288.65,120,SPE-3924-X1E4R
3925,Tostador Whirlpool Modelo 1513,Hogar,Whirlpool,655.71,706,WHI-3925-4T5B6
3926,Mochila de Senderismo Yeti Profesional Pro,Deportes,Yeti,19.97,22,YET-3926-4IWTN
3927,Perfume 100ml MAC Tono Claro,Belleza y Cuidado Personal,MAC,92.78,208,MAC-3927-EAAYJ
3928,Licuadora Koblenz Modelo 8413,Hogar,Koblenz,413.2,892,KOB-3928-MKGK6
3929,Labial Líquido CeraVe Tono Medio,Belleza y Cuidado Personal,CeraVe,92.83,163,CER-3929-OM0G9
3930,Mochila de Senderismo CamelBak Profesional Estándar,Deportes,CamelBak,124.11,499,CAM-3930-I9VDM
3931,Tenis Reebok Talla S Color Azul,Ropa,Reebok,21.41,391,REE-3931-4ZURD
3932,Calcetines (Paquete) Levi's Talla XXL Color Azul,Ropa,Levi's,58.42,209,LEV-3932-7SRHF
3933,Sudadera Nike Talla M Color Azul,Ropa,Nike,128.24,140,NIK-3933-0H51Q
3934,Tenis Reebok Talla XL Color Negro,Ropa,Reebok,80.96,103,REE-3934-NNWAK
3935,Licuadora Hamilton Beach Modelo 8490,Hogar,Hamilton Beach,513.31,271,HAM-3935-AFLCO
3936,Cámara Mirrorless Samsung Max 128GB,Electrónica,Samsung,970.78,148,SAM-3936-C63CB
3937,Refrigerador Whirlpool Modelo 3688,Hogar,Whirlpool,676.78,700,WHI-3937-TKK2I
3938,Smartwatch Lenovo Ultra 256GB,Electrónica,Lenovo,875.48,852,LEN-3938-SLFPD
3939,Short Deportivo Reebok Talla M Color Rojo,Ropa,Reebok,61.2,995,REE-3939-OWA0V
3940,Tapete de Yoga Speedo Profesional Premium,Deportes,Speedo,12.42,585,SPE-3940-GPO5Q
3941,Acondicionador Revlon Tono Medio,Belleza y Cuidado Personal,Revlon,114.73,686,REV-3941-99U1Z
3942,Microondas Black+Decker Modelo 9531,Hogar,Black+Decker,670.67,180,BLA-3942-SYBWR
3943,Laptop Lenovo Plus 256GB,Electrónica,Lenovo,426.34,607,LEN-3943-TSC5T
3944,Camiseta Tommy Hilfiger Talla S Color Negro,Ropa,Tommy Hilfiger,25.39,442,TOM-3944-PSVT4
3945,Licuadora T-fal Modelo 7469,Hogar,T-fal,334.32,535,T-F-3945-P3ZYT
3946,Perfume 100ml CeraVe Piel Seca,Belleza y Cuidado Personal,CeraVe,115.79,236,CER-3946-34BHV
3947,Smartphone Dell Gen 10 512GB,Electrónica,Dell,347.45,687,DEL-3947-QZRSP
3948,Refrigerador Hamilton Beach Modelo 1577,Hogar,Hamilton Beach,143.5,21,HAM-3948-JKBJA
3949,Tenis Calvin Klein Talla S Color Gris,Ropa,Calvin Klein,87.06,609,CAL-3949-GOSZU
3950,Plancha de Vapor KitchenAid Modelo 1918,Hogar,KitchenAid,335.83,849,KIT-3950-YYEYU
3951,Base de Maquillaje Garnier Piel Seca,Belleza y Cuidado Personal,Garnier,62.18,420,GAR-3951-8NIK1
3952,Gorra H&M Talla XL Color Negro,Ropa,H&M,64.4,940,H&M-3952-I7L1T
3953,Sudadera Nike Talla L Color Blanco,Ropa,Nike,101.86,810,NIK-3953-UTWNY
3954,Procesador de Alimentos Philips Modelo 3588,Hogar,Philips,337.78,536,PHI-3954-EEBQ9
3955,Plancha de Vapor Koblenz Modelo 1539,Hogar,Koblenz,790.72,753,KOB-3955-IS3A2
3956,Mancuernas 10kg Gatorade Profesional Premium,Deportes,Gatorade,104.27,808,GAT-3956-RWL9F
3957,Crema Hidratante Nivea Tono Claro,Belleza y Cuidado Personal,Nivea,54.4,864,NIV-3957-WX3Y4
3958,Teclado Mecánico Motorola Max 512GB,Electrónica,Motorola,2401.11,299,MOT-3958-YN1ZU
3959,Crema Hidratante Clinique Tono Oscuro,Belleza y Cuidado Personal,Clinique,90.0,92,CLI-3959-K8AQO
3960,Gorra Converse Talla XL Color Rojo,Ropa,Converse,19.39,227,CON-3960-PZGFV
3961,Calcetines (Paquete) Adidas Talla M Color Azul,Ropa,Adidas,48.91,372,ADI-3961-66KBS
3962,Tapete de Yoga Gatorade Profesional Edición Especial,Deportes,Gatorade,283.78,856,GAT-3962-9QYV2
3963,Suero de Vitamina C Estée Lauder Tono Claro,Belleza y Cuidado Personal,Estée Lauder,71.57,594,EST-3963-6E9NT
3964,Mancuernas 10kg Coleman Profesional Pro,Deportes,Coleman,94.17,772,COL-3964-ESGND
3965,Audífonos Inalámbricos Asus Gen 9 256GB,Electrónica,Asus,892.97,328,ASU-3965-RXPJW
3966,Perfume 100ml Revlon Piel Seca,Belleza y Cuidado Personal,Revlon,20.7,587,REV-3966-3L69V
3967,Botella de Agua 1L Yeti Profesional Premium,Deportes,Yeti,145.54,993,YET-3967-XP3O2
3968,Pantalón de Mezclilla Converse Talla L Color Azul,Ropa,Converse,46.69,204,CON-3968-ASQHU
3969,Desmaquillante MAC Piel Seca,Belleza y Cuidado Personal,MAC,99.66,503,MAC-3969-XWVED
3970,Tostador KitchenAid Modelo 3458,Hogar,KitchenAid,108.49,252,KIT-3970-7Z7CK
3971,Camiseta Tommy Hilfiger Talla XL Color Rojo,Ropa,Tommy Hilfiger,124.37,434,TOM-3971-DKQGY
3972,Tienda de Campaña CamelBak Profesional Edición Especial,Deportes,CamelBak,99.02,390,CAM-3972-ST8RT
3973,Microondas Whirlpool Modelo 6810,Hogar,Whirlpool,300.72,187,WHI-3973-38CUN
3974,Mancuernas 10kg Gatorade Profesional Estándar,Deportes,Gatorade,290.83,467,GAT-3974-71ERG
3975,Rímel Voluminizador Clinique Tono Oscuro,Belleza y Cuidado Personal,Clinique,57.88,362,CLI-3975-4MP3Y
3976,Goggles de Natación Everlast Profesional Premium,Deportes,Everlast,262.51,263,EVE-3976-JIXUZ
3977,Chaqueta de Cuero Puma Talla L Color Blanco,Ropa,Puma,33.63,413,PUM-3977-4GPEN
3978,Short Deportivo Puma Talla L Color Azul,Ropa,Puma,115.29,165,PUM-3978-DZAY7
3979,Rímel Voluminizador La Roche-Posay Para todo tipo de piel,Belleza y Cuidado Personal,La Roche-Posay,15.48,225,LA -3979-HZUGT
3980,Mouse Bose Ultra 256GB,Electrónica,Bose,119.91,329,BOS-3980-KZNNR
3981,Bocina Bluetooth HP Max 512GB,Electrónica,HP,656.38,818,HP-3981-V56FC
3982,Guantes de Box Wilson Profesional Pro,Deportes,Wilson,179.93,988,WIL-3982-419RV
3983,Procesador de Alimentos Ninja Modelo 2408,Hogar,Ninja,760.83,143,NIN-3983-ZHLRN
3984,Microondas Philips Modelo 2478,Hogar,Philips,741.44,47,PHI-3984-IFFJ8
3985,Gorra Puma Talla L Color Gris,Ropa,Puma,76.64,85,PUM-3985-7EAGO
3986,Calcetines (Paquete) Zara Talla L Color Azul,Ropa,Zara,130.58,888,ZAR-3986-YUJ0F
3987,Laptop LG Plus 1TB,Electrónica,LG,1380.32,415,LG-3987-35MVP
3988,Goggles de Natación Wilson Profesional Pro,Deportes,Wilson,259.7,397,WIL-3988-46EEK
3989,Desmaquillante Revlon Tono Medio,Belleza y Cuidado Personal,Revlon,37.41,662,REV-3989-13MWU
3990,Licuadora T-fal Modelo 5918,Hogar,T-fal,241.79,983,T-F-3990-LLIK8
3991,Cámara Mirrorless LG Lite,Electrónica,LG,1157.3,981,LG-3991-WWFZM
3992,Tienda de Campaña Wilson Profesional Pro,Deportes,Wilson,135.0,704,WIL-3992-QF8ET
3993,Mouse JBL Pro 1TB,Electrónica,JBL,591.58,230,JBL-3993-RXTH9
3994,Tienda de Campaña Everlast Profesional Edición Especial,Deportes,Everlast,277.74,589,EVE-3994-W8S1F
3995,Refrigerador Philips Modelo 7298,Hogar,Philips,133.62,415,PHI-3995-GVO1J
3996,Labial Líquido MAC Para todo tipo de piel,Belleza y Cuidado Personal,MAC,42.84,897,MAC-3996-2G1LS
3997,Audífonos Inalámbricos Apple Max 128GB,Electrónica,Apple,972.42,346,APP-3997-L5IBS
3998,Botella de Agua 1L Yeti Profesional Estándar,Deportes,Yeti,152.87,983,YET-3998-2KZO3
3999,Audífonos Inalámbricos Samsung Lite,Electrónica,Samsung,765.64,535,SAM-3999-H17MQ
4000,Suero de Vitamina C Estée Lauder Tono Oscuro,Belleza y Cuidado Personal,Estée Lauder,55.81,896,EST-4000-6UFMU
4001,Tenis H&M Talla M Color Gris,Ropa,H&M,45.43,620,H&M-4001-O4VJ5
4002,Raqueta de Tenis Wilson Profesional Edición Especial,Deportes,Wilson,281.51,840,WIL-4002-P1N65
4003,Batidora de Pedestal Philips Modelo 1695,Hogar,Philips,572.54,283,PHI-4003-VPZBE
4004,Suero de Vitamina C La Roche-Posay Tono Oscuro,Belleza y Cuidado Personal,La Roche-Posay,63.98,618,LA -4004-0YP03
4005,Licuadora Philips Modelo 8554,Hogar,Philips,573.86,620,PHI-4005-073L4
4006,Freidora de Aire Koblenz Modelo 5397,Hogar,Koblenz,509.39,458,KOB-4006-UHMGT
4007,Cafetera Dyson Modelo 1512,Hogar,Dyson,495.78,909,DYS-4007-6P6P3
4008,Microondas Hamilton Beach Modelo 8915,Hogar,Hamilton Beach,761.89,618,HAM-4008-TMTY6
4009,Batidora de Pedestal Whirlpool Modelo 6154,Hogar,Whirlpool,574.71,438,WHI-4009-XJF97
4010,Teclado Mecánico Samsung Plus 1TB,Electrónica,Samsung,1851.13,372,SAM-4010-BQ7EO
4011,Camiseta Vans Talla S Color Azul,Ropa,Vans,52.13,299,VAN-4011-95IYZ
4012,Mochila de Senderismo Coleman Profesional Pro,Deportes,Coleman,293.02,938,COL-4012-6W126
4013,Gorra H&M Talla M Color Negro,Ropa,H&M,59.01,135,H&M-4013-6DALK
4014,Tostador Black+Decker Modelo 7429,Hogar,Black+Decker,685.09,832,BLA-4014-RPAYS
4015,Gorra Converse Talla M Color Blanco,Ropa,Converse,148.44,643,CON-4015-FC2RM
4016,Camiseta Reebok Talla M Color Rojo,Ropa,Reebok,142.81,376,REE-4016-ADLQI
4017,Shampoo Nivea Piel Seca,Belleza y Cuidado Personal,Nivea,11.13,979,NIV-4017-VL6QL
4018,"Monitor 24"" Acer Lite 128GB",Electrónica,Acer,1756.43,838,ACE-4018-CF242
4019,Tienda de Campaña Everlast Profesional Estándar,Deportes,Everlast,59.82,527,EVE-4019-IBNMP
4020,Tablet Samsung Ultra 256GB,Electrónica,Samsung,2146.29,812,SAM-4020-EZCOT
4021,Sudadera Calvin Klein Talla M Color Blanco,Ropa,Calvin Klein,58.12,567,CAL-4021-WJHY1
4022,Sudadera Zara Talla XL Color Azul,Ropa,Zara,135.38,422,ZAR-4022-BMYXK
4023,Sudadera Zara Talla M Color Negro,Ropa,Zara,92.34,462,ZAR-4023-N9PDP
4024,Tablet Acer Max 1TB,Electrónica,Acer,2055.86,321,ACE-4024-75Z69
4025,Freidora de Aire Black+Decker Modelo 5107,Hogar,Black+Decker,657.44,534,BLA-4025-L1UKX
4026,Chaqueta de Cuero Puma Talla L Color Gris,Ropa,Puma,23.0,251,PUM-4026-LVOSW
4027,Microondas T-fal Modelo 1575,Hogar,T-fal,746.73,759,T-F-4027-I8F6E
4028,Aspiradora T-fal Modelo 1426,Hogar,T-fal,261.85,318,T-F-4028-H2NOU
4029,Protector Solar SPF 50 La Roche-Posay Piel Seca,Belleza y Cuidado Personal,La Roche-Posay,114.27,689,LA -4029-IGRLV
4030,Protector Solar SPF 50 L'Oréal Tono Medio,Belleza y Cuidado Personal,L'Oréal,47.26,84,L'O-4030-QEL9O
4031,Freidora de Aire Whirlpool Modelo 1702,Hogar,Whirlpool,405.75,687,WHI-4031-3KLIE
4032,Bocina Bluetooth Asus Plus 1TB,Electrónica,Asus,2476.52,915,ASU-4032-QT3DN
4033,Labial Líquido Maybelline Tono Claro,Belleza y Cuidado Personal,Maybelline,85.64,109,MAY-4033-PUXMN
4034,Botella de Agua 1L Spalding Profesional Pro,Deportes,Spalding,203.47,266,SPA-4034-YNK21
4035,Raqueta de Tenis Rawlings Profesional Premium,Deportes,Rawlings,194.86,155,RAW-4035-OMR18
4036,Audífonos Inalámbricos Xiaomi Gen 3 512GB,Electrónica,Xiaomi,457.37,727,XIA-4036-0MIL8
4037,Crema Hidratante Maybelline Tono Claro,Belleza y Cuidado Personal,Maybelline,17.96,985,MAY-4037-BN9PW
4038,Chamarra Tommy Hilfiger Talla M Color Blanco,Ropa,Tommy Hilfiger,24.07,270,TOM-4038-CA5AR
4039,Freidora de Aire T-fal Modelo 8169,Hogar,T-fal,562.6,176,T-F-4039-176EA
4040,Gorra Reebok Talla M Color Rojo,Ropa,Reebok,136.95,66,REE-4040-X9O1D
4041,Freidora de Aire Dyson Modelo 4036,Hogar,Dyson,216.39,234,DYS-4041-I73N8
4042,Chamarra Converse Talla XL Color Azul,Ropa,Converse,63.01,979,CON-4042-LOA6T
4043,Plancha de Vapor Koblenz Modelo 2781,Hogar,Koblenz,728.32,315,KOB-4043-0YL0G
4044,TV 4K LG Max 256GB,Electrónica,LG,767.78,272,LG-4044-F9VIW
4045,Pantalón de Mezclilla Puma Talla L Color Gris,Ropa,Puma,143.39,49,PUM-4045-4DCKZ
4046,Desmaquillante L'Oréal Tono Claro,Belleza y Cuidado Personal,L'Oréal,18.68,670,L'O-4046-A5H5Z
4047,Freidora de Aire Whirlpool Modelo 6928,Hogar,Whirlpool,97.36,121,WHI-4047-97NRH
4048,Audífonos Inalámbricos LG Max,Electrónica,LG,1124.01,6,LG-4048-9R108
4049,Guantes de Box Yeti Profesional Premium,Deportes,Yeti,220.07,820,YET-4049-IPTVV
4050,Cámara Mirrorless Acer Pro,Electrónica,Acer,2296.41,177,ACE-4050-F1EHP
4051,Perfume 100ml Garnier Para todo tipo de piel,Belleza y Cuidado Personal,Garnier,118.42,323,GAR-4051-MU4HB
4052,Protector Solar SPF 50 Estée Lauder Tono Medio,Belleza y Cuidado Personal,Estée Lauder,63.72,27,EST-4052-Z5TDO
4053,Rímel Voluminizador Estée Lauder Tono Claro,Belleza y Cuidado Personal,Estée Lauder,90.55,181,EST-4053-3FXHI
4054,Mochila de Senderismo Everlast Profesional Estándar,Deportes,Everlast,290.88,394,EVE-4054-V26XJ
4055,Tenis Nike Talla XL Color Blanco,Ropa,Nike,43.79,984,NIK-4055-7JOJK
4056,Microondas KitchenAid Modelo 1166,Hogar,KitchenAid,450.43,724,KIT-4056-RC08G
4057,Chamarra H&M Talla L Color Gris,Ropa,H&M,56.66,408,H&M-4057-D188X
4058,Camiseta Tommy Hilfiger Talla XL Color Azul,Ropa,Tommy Hilfiger,141.07,539,TOM-4058-SLCRX
4059,Guantes de Box Coleman Profesional Estándar,Deportes,Coleman,122.81,105,COL-4059-HYHCY
4060,Raqueta de Tenis Spalding Profesional Premium,Deportes,Spalding,64.05,676,SPA-4060-BJNGP
4061,Refrigerador Hamilton Beach Modelo 5030,Hogar,Hamilton Beach,499.57,359,HAM-4061-QU1I1
4062,Mancuernas 10kg Wilson Profesional Edición Especial,Deportes,Wilson,212.51,829,WIL-4062-C9C1Q
4063,"Monitor 24"" Dell Max",Electrónica,Dell,1141.86,949,DEL-4063-NMIXP
4064,Tenis Under Armour Talla XL Color Blanco,Ropa,Under Armour,57.34,649,UND-4064-R6DSZ
4065,Short Deportivo H&M Talla M Color Negro,Ropa,H&M,119.87,876,H&M-4065-LGYB6
4066,Crema Hidratante MAC Piel Seca,Belleza y Cuidado Personal,MAC,106.94,403,MAC-4066-TTCMV
4067,Procesador de Alimentos Philips Modelo 1575,Hogar,Philips,426.31,116,PHI-4067-59O53
4068,Pantalón de Mezclilla Zara Talla L Color Negro,Ropa,Zara,128.42,176,ZAR-4068-LLUPU
4069,Audífonos Inalámbricos Dell Gen 5,Electrónica,Dell,2083.06,351,DEL-4069-ESTWG
4070,Acondicionador Garnier Para todo tipo de piel,Belleza y Cuidado Personal,Garnier,81.4,133,GAR-4070-Z4FG5
4071,Short Deportivo Zara Talla XL Color Rojo,Ropa,Zara,55.69,120,ZAR-4071-SAJPF
4072,Perfume 100ml MAC Piel Seca,Belleza y Cuidado Personal,MAC,58.42,470,MAC-4072-XEAXD
4073,TV 4K HP Pro 128GB,Electrónica,HP,1765.2,754,HP-4073-HPTPA
4074,Tablet Lenovo Ultra 128GB,Electrónica,Lenovo,811.56,750,LEN-4074-177O5
4075,Chaqueta de Cuero H&M Talla XL Color Blanco,Ropa,H&M,112.29,328,H&M-4075-W680E
4076,Acondicionador Garnier Tono Claro,Belleza y Cuidado Personal,Garnier,50.9,980,GAR-4076-JT9VA
4077,Mancuernas 10kg Wilson Profesional Pro,Deportes,Wilson,195.82,97,WIL-4077-EKDH5
4078,Perfume 100ml Estée Lauder Tono Claro,Belleza y Cuidado Personal,Estée Lauder,53.08,431,EST-4078-W6ALR
4079,Tostador Black+Decker Modelo 8928,Hogar,Black+Decker,747.27,902,BLA-4079-103TZ
4080,Microondas Mabe Modelo 4299,Hogar,Mabe,552.08,892,MAB-4080-MJWIN
4081,Chaqueta de Cuero Nike Talla XL Color Blanco,Ropa,Nike,133.02,290,NIK-4081-WJUQY
4082,Suéter Converse Talla L Color Azul,Ropa,Converse,53.44,611,CON-4082-DHQET
4083,Chamarra Zara Talla XL Color Azul,Ropa,Zara,29.38,907,ZAR-4083-Z1KXD
4084,"Monitor 24"" Sony Gen 5 256GB",Electrónica,Sony,901.07,925,SON-4084-HBU71
4085,Microondas Mabe Modelo 5523,Hogar,Mabe,313.71,987,MAB-4085-TBQN5
4086,Pantalón de Mezclilla Reebok Talla L Color Blanco,Ropa,Reebok,103.02,112,REE-4086-DBAG8
4087,Cafetera Mabe Modelo 2654,Hogar,Mabe,629.37,820,MAB-4087-R4M8H
4088,Guantes de Box Everlast Profesional Premium,Deportes,Everlast,291.56,38,EVE-4088-81IGT
4089,Tienda de Campaña Yeti Profesional Premium,Deportes,Yeti,143.2,154,YET-4089-KD6EZ
4090,Suero de Vitamina C Clinique Para todo tipo de piel,Belleza y Cuidado Personal,Clinique,91.78,811,CLI-4090-AUZP2
4091,Freidora de Aire Philips Modelo 9077,Hogar,Philips,754.64,305,PHI-4091-2H4WP
4092,Chamarra Vans Talla XXL Color Azul,Ropa,Vans,115.88,403,VAN-4092-D5OLO
4093,Guantes de Box Wilson Profesional Edición Especial,Deportes,Wilson,243.28,476,WIL-4093-J0K2E
4094,Tienda de Campaña Spalding Profesional Edición Especial,Deportes,Spalding,79.56,226,SPA-4094-ZB6KR
4095,Calcetines (Paquete) H&M Talla M Color Negro,Ropa,H&M,120.46,58,H&M-4095-VYJ9X
4096,Mancuernas 10kg Spalding Profesional Estándar,Deportes,Spalding,123.67,289,SPA-4096-E5C4T
4097,Smartwatch LG Ultra,Electrónica,LG,1653.45,376,LG-4097-6VO0H
4098,Gorra H&M Talla M Color Azul,Ropa,H&M,149.19,850,H&M-4098-9YWL8
4099,Tienda de Campaña Rawlings Profesional Pro,Deportes,Rawlings,245.35,389,RAW-4099-44GFH
4100,Guantes de Box Yeti Profesional Edición Especial,Deportes,Yeti,292.0,452,YET-4100-BFDY5
4101,Mancuernas 10kg Spalding Profesional Pro,Deportes,Spalding,105.47,457,SPA-4101-RI6QD
4102,TV 4K Lenovo Max,Electrónica,Lenovo,2264.28,167,LEN-4102-G35LI
4103,Calcetines (Paquete) Converse Talla L Color Rojo,Ropa,Converse,136.14,142,CON-4103-F150F
4104,Suero de Vitamina C CeraVe Tono Claro,Belleza y Cuidado Personal,CeraVe,98.29,803,CER-4104-1MM2A
4105,Mochila de Senderismo Spalding Profesional Premium,Deportes,Spalding,90.28,684,SPA-4105-1P9HR
4106,Suero de Vitamina C Estée Lauder Tono Medio,Belleza y Cuidado Personal,Estée Lauder,71.54,599,EST-4106-EV5YI
4107,Smartphone Asus Plus 1TB,Electrónica,Asus,2192.74,414,ASU-4107-9D81L
4108,Suéter Puma Talla L Color Gris,Ropa,Puma,92.11,19,PUM-4108-ZA4ZX
4109,Licuadora Koblenz Modelo 4841,Hogar,Koblenz,337.22,356,KOB-4109-JJGNP
4110,Shampoo Maybelline Tono Oscuro,Belleza y Cuidado Personal,Maybelline,92.57,404,MAY-4110-0FNFD
4111,Raqueta de Tenis Wilson Profesional Estándar,Deportes,Wilson,111.6,374,WIL-4111-4T6XG
4112,Pantalón de Mezclilla Levi's Talla S Color Rojo,Ropa,Levi's,34.42,235,LEV-4112-KYH77
4113,Freidora de Aire Philips Modelo 7521,Hogar,Philips,352.44,694,PHI-4113-YZHZY
4114,Botella de Agua 1L Coleman Profesional Estándar,Deportes,Coleman,37.83,569,COL-4114-DCN9Z
4115,Smartwatch Asus Max,Electrónica,Asus,1955.42,837,ASU-4115-QZD4Q
4116,Microondas Oster Modelo 2176,Hogar,Oster,533.23,960,OST-4116-EFIMY
4117,"Monitor 24"" Lenovo Lite",Electrónica,Lenovo,1100.99,181,LEN-4117-J3RA3
4118,Mochila de Senderismo Yeti Profesional Pro,Deportes,Yeti,241.72,547,YET-4118-4J5B8
4119,Cámara Mirrorless Xiaomi Lite 512GB,Electrónica,Xiaomi,2332.8,946,XIA-4119-41C5Z
4120,Short Deportivo H&M Talla XL Color Gris,Ropa,H&M,74.68,341,H&M-4120-9TMIO
4121,Batidora de Pedestal Philips Modelo 7317,Hogar,Philips,736.24,773,PHI-4121-M4DKC
4122,Mancuernas 10kg Rawlings Profesional Pro,Deportes,Rawlings,107.64,394,RAW-4122-HFHK5
4123,"Monitor 24"" JBL Max 512GB",Electrónica,JBL,1419.51,114,JBL-4123-6YRAX
4124,Cámara Mirrorless Sony Ultra 512GB,Electrónica,Sony,2127.83,476,SON-4124-TCZO2
4125,Cámara Mirrorless Samsung Plus 512GB,Electrónica,Samsung,741.52,632,SAM-4125-MNU03
4126,Shampoo MAC Piel Seca,Belleza y Cuidado Personal,MAC,20.67,782,MAC-4126-LU5FG
4127,Sudadera Converse Talla L Color Rojo,Ropa,Converse,131.6,744,CON-4127-R1WSF
4128,Rímel Voluminizador CeraVe Tono Oscuro,Belleza y Cuidado Personal,CeraVe,21.4,763,CER-4128-QC2NN
4129,Balón de Básquetbol Spalding Profesional Pro,Deportes,Spalding,102.28,967,SPA-4129-4WYQP
4130,Base de Maquillaje La Roche-Posay Tono Oscuro,Belleza y Cuidado Personal,La Roche-Posay,96.07,423,LA -4130-TYGOM
4131,Suero de Vitamina C L'Oréal Tono Oscuro,Belleza y Cuidado Personal,L'Oréal,63.89,748,L'O-4131-KFIMH
4132,Cafetera Ninja Modelo 7132,Hogar,Ninja,360.16,805,NIN-4132-6X096
4133,Desmaquillante La Roche-Posay Tono Medio,Belleza y Cuidado Personal,La Roche-Posay,85.78,290,LA -4133-B27M0
4134,Shampoo CeraVe Piel Seca,Belleza y Cuidado Personal,CeraVe,101.4,600,CER-4134-77993
4135,Tienda de Campaña Speedo Profesional Edición Especial,Deportes,Speedo,88.36,678,SPE-4135-8V6IG
4136,Mancuernas 10kg Wilson Profesional Pro,Deportes,Wilson,275.3,562,WIL-4136-NNGU9
4137,Pantalón de Mezclilla Vans Talla S Color Rojo,Ropa,Vans,44.04,883,VAN-4137-XJ9KJ
4138,Tienda de Campaña Rawlings Profesional Premium,Deportes,Rawlings,122.35,354,RAW-4138-9D3TE
4139,Labial Líquido Estée Lauder Para todo tipo de piel,Belleza y Cuidado Personal,Estée Lauder,62.1,874,EST-4139-8CYEG
4140,Freidora de Aire Mabe Modelo 6539,Hogar,Mabe,740.96,881,MAB-4140-66DQK
4141,Cámara Mirrorless HP Ultra 1TB,Electrónica,HP,450.49,270,HP-4141-3FAB3
4142,Protector Solar SPF 50 Maybelline Tono Claro,Belleza y Cuidado Personal,Maybelline,84.66,793,MAY-4142-MFFOO
4143,Short Deportivo Tommy Hilfiger Talla L Color Gris,Ropa,Tommy Hilfiger,43.5,569,TOM-4143-PC7MN
4144,Chamarra Converse Talla XL Color Gris,Ropa,Converse,29.45,321,CON-4144-C9SU4
4145,Acondicionador MAC Para todo tipo de piel,Belleza y Cuidado Personal,MAC,58.11,889,MAC-4145-A7T8L
4146,Plancha de Vapor Hamilton Beach Modelo 1649,Hogar,Hamilton Beach,303.02,42,HAM-4146-SI25U
4147,Aspiradora Koblenz Modelo 8720,Hogar,Koblenz,64.91,189,KOB-4147-6YGQN
4148,Tostador KitchenAid Modelo 2615,Hogar,KitchenAid,742.33,0,KIT-4148-9DASI
4149,Raqueta de Tenis CamelBak Profesional Premium,Deportes,CamelBak,264.52,101,CAM-4149-FBJ1D
4150,Batidora de Pedestal Hamilton Beach Modelo 8672,Hogar,Hamilton Beach,62.52,687,HAM-4150-NC14A
4151,Camiseta Zara Talla S Color Rojo,Ropa,Zara,101.96,72,ZAR-4151-2JF5P
4152,Botella de Agua 1L Wilson Profesional Premium,Deportes,Wilson,141.63,430,WIL-4152-NHG9B
4153,Cafetera Whirlpool Modelo 2102,Hogar,Whirlpool,677.24,859,WHI-4153-M0D0R
4154,Refrigerador Ninja Modelo 1299,Hogar,Ninja,764.69,90,NIN-4154-FFEFT
4155,Smartwatch HP Pro,Electrónica,HP,127.0,243,HP-4155-21RE7
4156,Tienda de Campaña Speedo Profesional Estándar,Deportes,Speedo,149.19,2,SPE-4156-A57U6
4157,Desmaquillante CeraVe Para todo tipo de piel,Belleza y Cuidado Personal,CeraVe,51.37,808,CER-4157-F06ZA
4158,Batidora de Pedestal Whirlpool Modelo 4607,Hogar,Whirlpool,211.13,930,WHI-4158-11WUV
4159,Tenis Converse Talla XXL Color Azul,Ropa,Converse,16.51,839,CON-4159-8KSRK
4160,Shampoo Nivea Tono Medio,Belleza y Cuidado Personal,Nivea,29.79,449,NIV-4160-745OE
4161,Tostador Philips Modelo 3592,Hogar,Philips,320.45,624,PHI-4161-7M0E0
4162,Aspiradora Philips Modelo 9202,Hogar,Philips,349.72,18,PHI-4162-5FEXD
4163,Calcetines (Paquete) Levi's Talla XL Color Azul,Ropa,Levi's,131.51,521,LEV-4163-2AVV5
4164,Cámara Mirrorless Xiaomi Plus,Electrónica,Xiaomi,1130.04,716,XIA-4164-7GTHQ
4165,Suero de Vitamina C Estée Lauder Tono Claro,Belleza y Cuidado Personal,Estée Lauder,29.81,274,EST-4165-GG59I
4166,Rímel Voluminizador MAC Tono Medio,Belleza y Cuidado Personal,MAC,74.57,678,MAC-4166-47Z8C
4167,TV 4K Motorola Gen 6 512GB,Electrónica,Motorola,384.74,952,MOT-4167-IRNPW
4168,Crema Hidratante Nivea Tono Medio,Belleza y Cuidado Personal,Nivea,15.47,737,NIV-4168-A6JC2
4169,Short Deportivo Levi's Talla XL Color Azul,Ropa,Levi's,96.69,763,LEV-4169-JJ5LN
4170,Aspiradora Philips Modelo 8711,Hogar,Philips,170.34,448,PHI-4170-51NC1
4171,Base de Maquillaje Dove Piel Seca,Belleza y Cuidado Personal,Dove,53.88,500,DOV-4171-PG3X7
4172,Protector Solar SPF 50 Garnier Tono Claro,Belleza y Cuidado Personal,Garnier,84.2,831,GAR-4172-O9LBS
4173,Tapete de Yoga Rawlings Profesional Edición Especial,Deportes,Rawlings,75.78,307,RAW-4173-69SF5
4174,Smartphone LG Ultra 1TB,Electrónica,LG,213.39,635,LG-4174-V4AOQ
4175,Acondicionador Clinique Piel Seca,Belleza y Cuidado Personal,Clinique,48.28,409,CLI-4175-364OU
4176,Balón de Básquetbol Gatorade Profesional Pro,Deportes,Gatorade,75.06,452,GAT-4176-M7YK2
4177,Rímel Voluminizador L'Oréal Tono Claro,Belleza y Cuidado Personal,L'Oréal,84.94,0,L'O-4177-XS9HF
4178,Desmaquillante Maybelline Tono Claro,Belleza y Cuidado Personal,Maybelline,35.34,633,MAY-4178-LWJY2
4179,Plancha de Vapor Black+Decker Modelo 3967,Hogar,Black+Decker,465.18,166,BLA-4179-FOWQ8
4180,Base de Maquillaje Garnier Tono Oscuro,Belleza y Cuidado Personal,Garnier,77.57,22,GAR-4180-9TTC4
4181,Raqueta de Tenis CamelBak Profesional Premium,Deportes,CamelBak,216.68,467,CAM-4181-VA9VG
4182,Calcetines (Paquete) Calvin Klein Talla S Color Blanco,Ropa,Calvin Klein,84.44,922,CAL-4182-XDAMT
4183,Cafetera Oster Modelo 7568,Hogar,Oster,267.72,699,OST-4183-XMO2L
4184,Suéter Calvin Klein Talla M Color Blanco,Ropa,Calvin Klein,74.86,21,CAL-4184-HLOIE
4185,Smartphone Samsung Max 256GB,Electrónica,Samsung,419.76,157,SAM-4185-33DWY
4186,Microondas Oster Modelo 4333,Hogar,Oster,94.77,323,OST-4186-BRCCC
4187,Aspiradora Whirlpool Modelo 7740,Hogar,Whirlpool,776.78,127,WHI-4187-O4B3W
4188,Mouse Dell Lite 256GB,Electrónica,Dell,236.2,878,DEL-4188-03C5O
4189,Crema Hidratante Maybelline Piel Seca,Belleza y Cuidado Personal,Maybelline,9.23,21,MAY-4189-E8DOU
4190,Mouse HP Lite,Electrónica,HP,2482.58,164,HP-4190-PMIP4
4191,Tenis Zara Talla S Color Azul,Ropa,Zara,113.19,318,ZAR-4191-9Z3Q5
4192,Camiseta Levi's Talla L Color Gris,Ropa,Levi's,87.2,402,LEV-4192-Y42JV
4193,Mochila de Senderismo CamelBak Profesional Estándar,Deportes,CamelBak,140.59,754,CAM-4193-N7I4I
4194,Goggles de Natación Everlast Profesional Edición Especial,Deportes,Everlast,262.47,537,EVE-4194-JDHZC
4195,Mouse Asus Max 512GB,Electrónica,Asus,487.78,597,ASU-4195-G6XAT
4196,Raqueta de Tenis Yeti Profesional Edición Especial,Deportes,Yeti,102.68,710,YET-4196-R4UUM
4197,Tostador Koblenz Modelo 2531,Hogar,Koblenz,78.21,367,KOB-4197-DQQIZ
4198,Tablet Bose Plus,Electrónica,Bose,1926.47,228,BOS-4198-7U1AP
4199,Bocina Bluetooth Dell Pro,Electrónica,Dell,2100.66,125,DEL-4199-XK17H
4200,Audífonos Inalámbricos Apple Pro 1TB,Electrónica,Apple,1770.98,534,APP-4200-W0JSU
4201,Mancuernas 10kg Gatorade Profesional Premium,Deportes,Gatorade,80.8,99,GAT-4201-24883
4202,Crema Hidratante La Roche-Posay Tono Medio,Belleza y Cuidado Personal,La Roche-Posay,101.27,573,LA -4202-YQJC6
4203,Botella de Agua 1L Wilson Profesional Estándar,Deportes,Wilson,166.15,396,WIL-4203-D8D57
4204,Freidora de Aire Hamilton Beach Modelo 1898,Hogar,Hamilton Beach,445.54,828,HAM-4204-AQV5G
4205,Refrigerador Koblenz Modelo 4750,Hogar,Koblenz,397.95,810,KOB-4205-EVMZY
4206,Rímel Voluminizador Estée Lauder Tono Oscuro,Belleza y Cuidado Personal,Estée Lauder,86.45,929,EST-4206-DZ64H
4207,Shampoo La Roche-Posay Tono Medio,Belleza y Cuidado Personal,La Roche-Posay,45.12,881,LA -4207-T3ZCM
4208,Smartphone Sony Lite 512GB,Electrónica,Sony,2387.98,607,SON-4208-BTKW4
4209,Mancuernas 10kg Rawlings Profesional Edición Especial,Deportes,Rawlings,72.65,769,RAW-4209-9ZXSZ
4210,Plancha de Vapor Philips Modelo 2385,Hogar,Philips,268.5,192,PHI-4210-BZ5CX
4211,Batidora de Pedestal Mabe Modelo 2247,Hogar,Mabe,458.66,422,MAB-4211-H8PT4
4212,Sudadera H&M Talla M Color Gris,Ropa,H&M,73.72,981,H&M-4212-K3ZUQ
4213,Plancha de Vapor Koblenz Modelo 5598,Hogar,Koblenz,142.02,565,KOB-4213-D53RS
4214,Plancha de Vapor Dyson Modelo 2348,Hogar,Dyson,179.69,112,DYS-4214-UYVEL
4215,Rímel Voluminizador Estée Lauder Para todo tipo de piel,Belleza y Cuidado Personal,Estée Lauder,36.98,408,EST-4215-07VD9
4216,Licuadora Ninja Modelo 6194,Hogar,Ninja,555.35,720,NIN-4216-NJ3OK
4217,Raqueta de Tenis Yeti Profesional Pro,Deportes,Yeti,104.14,499,YET-4217-NL5Y7
4218,Crema Hidratante CeraVe Tono Claro,Belleza y Cuidado Personal,CeraVe,93.66,888,CER-4218-9OI8N
4219,Batidora de Pedestal Whirlpool Modelo 9767,Hogar,Whirlpool,514.23,902,WHI-4219-3PBQE
4220,Acondicionador MAC Para todo tipo de piel,Belleza y Cuidado Personal,MAC,37.8,94,MAC-4220-VFCY0
4221,Procesador de Alimentos Whirlpool Modelo 7123,Hogar,Whirlpool,539.11,536,WHI-4221-6O540
4222,Plancha de Vapor Whirlpool Modelo 8579,Hogar,Whirlpool,682.33,843,WHI-4222-D5NWQ
4223,Short Deportivo Calvin Klein Talla XL Color Azul,Ropa,Calvin Klein,67.68,190,CAL-4223-LC9KK
4224,Tienda de Campaña Coleman Profesional Estándar,Deportes,Coleman,48.61,665,COL-4224-M5BCF
4225,Base de Maquillaje Dove Tono Oscuro,Belleza y Cuidado Personal,Dove,60.49,206,DOV-4225-RUVW2
4226,Tablet Bose Plus 256GB,Electrónica,Bose,2350.73,165,BOS-4226-AX7PA
4227,Shampoo Garnier Tono Claro,Belleza y Cuidado Personal,Garnier,101.04,423,GAR-4227-FKGGY
4228,Aspiradora Koblenz Modelo 1448,Hogar,Koblenz,717.6,118,KOB-4228-SWHZP
4229,Aspiradora Hamilton Beach Modelo 4494,Hogar,Hamilton Beach,534.32,840,HAM-4229-X7DLF
4230,Perfume 100ml Maybelline Para todo tipo de piel,Belleza y Cuidado Personal,Maybelline,111.96,427,MAY-4230-3A48V
4231,TV 4K Sony Lite 128GB,Electrónica,Sony,660.13,47,SON-4231-S7F3F
4232,Freidora de Aire Black+Decker Modelo 8039,Hogar,Black+Decker,622.42,513,BLA-4232-IEH6X
4233,Sudadera Calvin Klein Talla XL Color Azul,Ropa,Calvin Klein,119.73,540,CAL-4233-RYV73
4234,Crema Hidratante Nivea Tono Claro,Belleza y Cuidado Personal,Nivea,112.68,588,NIV-4234-VMQWY
4235,Tenis Vans Talla M Color Gris,Ropa,Vans,37.39,62,VAN-4235-H6ZWR
4236,Gorra Nike Talla XL Color Blanco,Ropa,Nike,81.39,965,NIK-4236-YEKUV
4237,Licuadora KitchenAid Modelo 2238,Hogar,KitchenAid,331.07,401,KIT-4237-KOIEB
4238,Perfume 100ml MAC Tono Oscuro,Belleza y Cuidado Personal,MAC,73.5,27,MAC-4238-ILX7S
4239,Licuadora Black+Decker Modelo 2713,Hogar,Black+Decker,497.01,103,BLA-4239-676K1
4240,Base de Maquillaje Estée Lauder Tono Medio,Belleza y Cuidado Personal,Estée Lauder,44.63,810,EST-4240-ZHB15
4241,Freidora de Aire Dyson Modelo 4475,Hogar,Dyson,683.5,74,DYS-4241-8TT2R
4242,Rímel Voluminizador L'Oréal Tono Medio,Belleza y Cuidado Personal,L'Oréal,38.4,919,L'O-4242-VJMIM
4243,"Monitor 24"" Dell Lite",Electrónica,Dell,1575.3,291,DEL-4243-VF6IP
4244,"Monitor 24"" Sony Max 256GB",Electrónica,Sony,1347.89,756,SON-4244-RAML6
4245,Suero de Vitamina C La Roche-Posay Tono Oscuro,Belleza y Cuidado Personal,La Roche-Posay,90.73,978,LA -4245-8GX5W
4246,Botella de Agua 1L Rawlings Profesional Edición Especial,Deportes,Rawlings,274.99,743,RAW-4246-228DK
4247,"Monitor 24"" Sony Lite 128GB",Electrónica,Sony,989.21,836,SON-4247-N4CVZ
4248,Raqueta de Tenis Rawlings Profesional Estándar,Deportes,Rawlings,38.79,40,RAW-4248-HD3BL
4249,Goggles de Natación CamelBak Profesional Edición Especial,Deportes,CamelBak,141.23,156,CAM-4249-9YVUR
4250,Base de Maquillaje MAC Tono Oscuro,Belleza y Cuidado Personal,MAC,46.05,119,MAC-4250-XTONT
4251,Calcetines (Paquete) Puma Talla S Color Azul,Ropa,Puma,26.13,858,PUM-4251-ALOIF
4252,Tenis H&M Talla XXL Color Gris,Ropa,H&M,37.08,315,H&M-4252-KJ4X8
4253,Calcetines (Paquete) Levi's Talla M Color Azul,Ropa,Levi's,47.06,868,LEV-4253-1HDAC
4254,Chamarra Levi's Talla S Color Negro,Ropa,Levi's,89.37,750,LEV-4254-S3I93
4255,Raqueta de Tenis Everlast Profesional Pro,Deportes,Everlast,241.46,767,EVE-4255-2OWF2
4256,Tenis Levi's Talla XL Color Gris,Ropa,Levi's,92.28,857,LEV-4256-T2GC8
4257,Audífonos Inalámbricos Dell Gen 3 128GB,Electrónica,Dell,444.02,6,DEL-4257-1IRMI
4258,Mochila de Senderismo Rawlings Profesional Premium,Deportes,Rawlings,124.32,55,RAW-4258-7YMMV
4259,Protector Solar SPF 50 MAC Para todo tipo de piel,Belleza y Cuidado Personal,MAC,48.65,540,MAC-4259-Q9290
4260,Aspiradora Oster Modelo 8524,Hogar,Oster,367.55,731,OST-4260-WPYD8
4261,Labial Líquido Nivea Para todo tipo de piel,Belleza y Cuidado Personal,Nivea,46.52,779,NIV-4261-2TRTY
4262,Microondas Oster Modelo 8123,Hogar,Oster,747.44,737,OST-4262-W8CTC
4263,Botella de Agua 1L Spalding Profesional Pro,Deportes,Spalding,168.53,91,SPA-4263-5H1D2
4264,Aspiradora Black+Decker Modelo 2852,Hogar,Black+Decker,666.45,838,BLA-4264-9JYEW
4265,Shampoo La Roche-Posay Tono Claro,Belleza y Cuidado Personal,La Roche-Posay,116.07,454,LA -4265-8L6LJ
4266,Chaqueta de Cuero Under Armour Talla XXL Color Rojo,Ropa,Under Armour,67.56,907,UND-4266-MQKO3
4267,TV 4K JBL Lite,Electrónica,JBL,1848.34,737,JBL-4267-EWLXC
4268,Aspiradora Hamilton Beach Modelo 8989,Hogar,Hamilton Beach,425.41,744,HAM-4268-R89EJ
4269,Mouse JBL Lite 1TB,Electrónica,JBL,2380.78,3,JBL-4269-HVPBE
4270,Chaqueta de Cuero Reebok Talla L Color Negro,Ropa,Reebok,29.54,185,REE-4270-I4RT3
4271,TV 4K JBL Plus 512GB,Electrónica,JBL,1557.59,105,JBL-4271-WW2S0
4272,Calcetines (Paquete) Calvin Klein Talla S Color Gris,Ropa,Calvin Klein,145.82,400,CAL-4272-LGQEO
4273,Aspiradora KitchenAid Modelo 1586,Hogar,KitchenAid,567.03,948,KIT-4273-174OK
4274,Labial Líquido La Roche-Posay Tono Medio,Belleza y Cuidado Personal,La Roche-Posay,58.52,778,LA -4274-GC9CO
4275,Balón de Básquetbol Everlast Profesional Edición Especial,Deportes,Everlast,31.39,193,EVE-4275-QC872
4276,Suero de Vitamina C Estée Lauder Tono Claro,Belleza y Cuidado Personal,Estée Lauder,72.53,294,EST-4276-A6GHC
4277,Mouse Lenovo Pro 256GB,Electrónica,Lenovo,778.04,662,LEN-4277-YVV0I
4278,Desmaquillante Nivea Piel Seca,Belleza y Cuidado Personal,Nivea,57.65,152,NIV-4278-PSK1M
4279,Shampoo Estée Lauder Tono Oscuro,Belleza y Cuidado Personal,Estée Lauder,65.32,671,EST-4279-2YOJH
4280,Pantalón de Mezclilla Zara Talla M Color Gris,Ropa,Zara,126.71,316,ZAR-4280-DFXYH
4281,Chamarra H&M Talla L Color Negro,Ropa,H&M,62.0,462,H&M-4281-D4B27
4282,Protector Solar SPF 50 La Roche-Posay Tono Medio,Belleza y Cuidado Personal,La Roche-Posay,77.19,544,LA -4282-7IHV2
4283,Tapete de Yoga Rawlings Profesional Pro,Deportes,Rawlings,19.25,436,RAW-4283-P12B7
4284,Guantes de Box Everlast Profesional Premium,Deportes,Everlast,203.28,696,EVE-4284-14NB5
4285,Procesador de Alimentos Hamilton Beach Modelo 7691,Hogar,Hamilton Beach,534.79,58,HAM-4285-UE8BN
4286,Tienda de Campaña Everlast Profesional Estándar,Deportes,Everlast,240.9,130,EVE-4286-L4R1Y
4287,Tienda de Campaña Coleman Profesional Estándar,Deportes,Coleman,285.91,637,COL-4287-YF3TS
4288,Protector Solar SPF 50 Dove Para todo tipo de piel,Belleza y Cuidado Personal,Dove,55.81,432,DOV-4288-RYO1T
4289,Aspiradora Dyson Modelo 1905,Hogar,Dyson,456.5,711,DYS-4289-U0601
4290,Labial Líquido Dove Tono Oscuro,Belleza y Cuidado Personal,Dove,97.36,922,DOV-4290-M18WG
4291,Tienda de Campaña Rawlings Profesional Edición Especial,Deportes,Rawlings,287.72,337,RAW-4291-PHXTV
4292,Balón de Básquetbol Gatorade Profesional Edición Especial,Deportes,Gatorade,51.61,519,GAT-4292-YSP3R
4293,Mouse Motorola Ultra 128GB,Electrónica,Motorola,2254.55,663,MOT-4293-RI38N
4294,Tostador Koblenz Modelo 5059,Hogar,Koblenz,411.53,137,KOB-4294-YNHAH
4295,Base de Maquillaje Estée Lauder Tono Medio,Belleza y Cuidado Personal,Estée Lauder,51.81,671,EST-4295-06SQ2
4296,Camiseta Calvin Klein Talla XL Color Negro,Ropa,Calvin Klein,50.85,15,CAL-4296-OBGKZ
4297,Labial Líquido Revlon Tono Medio,Belleza y Cuidado Personal,Revlon,12.69,39,REV-4297-H9U04
4298,Licuadora Oster Modelo 9635,Hogar,Oster,172.19,354,OST-4298-PKBJW
4299,Base de Maquillaje CeraVe Tono Claro,Belleza y Cuidado Personal,CeraVe,82.82,760,CER-4299-UR30K
4300,Goggles de Natación CamelBak Profesional Estándar,Deportes,CamelBak,281.94,397,CAM-4300-8EJ1A
4301,Protector Solar SPF 50 CeraVe Tono Claro,Belleza y Cuidado Personal,CeraVe,45.9,944,CER-4301-UQPJL
4302,Batidora de Pedestal Black+Decker Modelo 9137,Hogar,Black+Decker,171.75,925,BLA-4302-XWSLC
4303,Smartwatch Xiaomi Ultra 128GB,Electrónica,Xiaomi,594.55,970,XIA-4303-ZOBK7
4304,Tapete de Yoga CamelBak Profesional Pro,Deportes,CamelBak,50.08,163,CAM-4304-6XLCM
4305,Mancuernas 10kg Yeti Profesional Estándar,Deportes,Yeti,14.41,942,YET-4305-U7WSF
4306,Rímel Voluminizador La Roche-Posay Tono Claro,Belleza y Cuidado Personal,La Roche-Posay,21.47,724,LA -4306-EKB6U
4307,Suéter Puma Talla L Color Rojo,Ropa,Puma,69.63,253,PUM-4307-FOXII
4308,Freidora de Aire T-fal Modelo 4948,Hogar,T-fal,566.34,869,T-F-4308-FPIJF
4309,Microondas Oster Modelo 4783,Hogar,Oster,468.69,977,OST-4309-6323B
4310,TV 4K Sony Gen 6 1TB,Electrónica,Sony,1437.39,258,SON-4310-TL5S0
4311,Shampoo Clinique Tono Medio,Belleza y Cuidado Personal,Clinique,73.33,358,CLI-4311-IEDAF
4312,Microondas Hamilton Beach Modelo 4210,Hogar,Hamilton Beach,428.19,692,HAM-4312-53ONY
4313,Microondas Whirlpool Modelo 2236,Hogar,Whirlpool,73.06,421,WHI-4313-IEKZV
4314,Laptop Bose Ultra,Electrónica,Bose,1193.35,360,BOS-4314-A8D98
4315,Laptop Sony Plus 1TB,Electrónica,Sony,2060.3,227,SON-4315-O6VLD
4316,Aspiradora KitchenAid Modelo 3044,Hogar,KitchenAid,303.54,529,KIT-4316-LODVQ
4317,Plancha de Vapor KitchenAid Modelo 7100,Hogar,KitchenAid,357.09,994,KIT-4317-5Q1M3
4318,Bocina Bluetooth JBL Max 128GB,Electrónica,JBL,2168.81,96,JBL-4318-RP3QU
4319,Gorra Under Armour Talla XL Color Azul,Ropa,Under Armour,146.14,790,UND-4319-I97R1
4320,Mouse LG Plus 512GB,Electrónica,LG,1117.75,259,LG-4320-TRU0I
4321,Tapete de Yoga Wilson Profesional Pro,Deportes,Wilson,103.06,817,WIL-4321-C3EFP
4322,Rímel Voluminizador La Roche-Posay Tono Claro,Belleza y Cuidado Personal,La Roche-Posay,114.37,165,LA -4322-9765M
4323,Suero de Vitamina C La Roche-Posay Tono Oscuro,Belleza y Cuidado Personal,La Roche-Posay,54.5,84,LA -4323-V5PIN
4324,Gorra Nike Talla XL Color Negro,Ropa,Nike,19.57,801,NIK-4324-ECKT7
4325,Gorra Adidas Talla M Color Blanco,Ropa,Adidas,142.88,955,ADI-4325-DMDDU
4326,Bocina Bluetooth HP Ultra 512GB,Electrónica,HP,771.85,593,HP-4326-UH7A4
4327,Freidora de Aire Hamilton Beach Modelo 2174,Hogar,Hamilton Beach,671.55,813,HAM-4327-654IY
4328,Bocina Bluetooth Motorola Pro,Electrónica,Motorola,1084.67,777,MOT-4328-RDZ5N
4329,Mancuernas 10kg Everlast Profesional Premium,Deportes,Everlast,251.14,317,EVE-4329-OAO3S
4330,Suéter Vans Talla M Color Blanco,Ropa,Vans,138.41,757,VAN-4330-G860X
4331,Tablet Asus Max 128GB,Electrónica,Asus,1424.68,89,ASU-4331-7J2IU
4332,Gorra Tommy Hilfiger Talla XL Color Gris,Ropa,Tommy Hilfiger,141.95,471,TOM-4332-2178N
4333,Procesador de Alimentos Dyson Modelo 9824,Hogar,Dyson,509.02,609,DYS-4333-77TRZ
4334,Licuadora Ninja Modelo 2898,Hogar,Ninja,217.29,873,NIN-4334-HH1O5
4335,Base de Maquillaje Garnier Tono Claro,Belleza y Cuidado Personal,Garnier,16.17,963,GAR-4335-ALRAK
4336,Aspiradora Dyson Modelo 3354,Hogar,Dyson,774.45,229,DYS-4336-MJLHK
4337,Freidora de Aire Whirlpool Modelo 5452,Hogar,Whirlpool,110.75,356,WHI-4337-X4XPQ
4338,Calcetines (Paquete) Reebok Talla S Color Azul,Ropa,Reebok,64.92,15,REE-4338-F3VMS
4339,Tienda de Campaña Yeti Profesional Estándar,Deportes,Yeti,31.85,307,YET-4339-NEEB0
4340,TV 4K Motorola Gen 9 128GB,Electrónica,Motorola,722.42,501,MOT-4340-8BYR7
4341,Chaqueta de Cuero Zara Talla M Color Negro,Ropa,Zara,97.23,855,ZAR-4341-85YVY
4342,Camiseta Under Armour Talla XXL Color Rojo,Ropa,Under Armour,113.85,931,UND-4342-IAHLF
4343,Calcetines (Paquete) Tommy Hilfiger Talla M Color Blanco,Ropa,Tommy Hilfiger,112.26,927,TOM-4343-KCCLQ
4344,Gorra Adidas Talla M Color Gris,Ropa,Adidas,122.29,265,ADI-4344-X65VS
4345,Refrigerador Philips Modelo 9882,Hogar,Philips,541.63,39,PHI-4345-EGL0G
4346,Batidora de Pedestal Oster Modelo 2771,Hogar,Oster,199.74,207,OST-4346-GEV69
4347,Botella de Agua 1L Yeti Profesional Estándar,Deportes,Yeti,241.76,304,YET-4347-CWICG
4348,Balón de Básquetbol Everlast Profesional Premium,Deportes,Everlast,251.58,867,EVE-4348-ZRX5Z
4349,Balón de Básquetbol Rawlings Profesional Pro,Deportes,Rawlings,166.05,209,RAW-4349-9SL7L
4350,Crema Hidratante Maybelline Para todo tipo de piel,Belleza y Cuidado Personal,Maybelline,111.76,773,MAY-4350-PUIB7
4351,Suéter Reebok Talla XXL Color Negro,Ropa,Reebok,40.39,927,REE-4351-15MDH
4352,Tenis H&M Talla XXL Color Blanco,Ropa,H&M,73.87,619,H&M-4352-9FCKR
4353,Desmaquillante MAC Tono Medio,Belleza y Cuidado Personal,MAC,64.35,521,MAC-4353-V5O13
4354,Acondicionador CeraVe Tono Oscuro,Belleza y Cuidado Personal,CeraVe,7.65,849,CER-4354-GGUEF
4355,Goggles de Natación CamelBak Profesional Estándar,Deportes,CamelBak,165.25,698,CAM-4355-4Z0VX
4356,Procesador de Alimentos Hamilton Beach Modelo 1378,Hogar,Hamilton Beach,606.6,98,HAM-4356-EETRA
4357,Laptop Xiaomi Max,Electrónica,Xiaomi,1232.09,84,XIA-4357-RFFE1
4358,Cafetera KitchenAid Modelo 1370,Hogar,KitchenAid,534.38,970,KIT-4358-KRT8Y
4359,Procesador de Alimentos Black+Decker Modelo 1678,Hogar,Black+Decker,318.33,499,BLA-4359-UYRZE
4360,Raqueta de Tenis Everlast Profesional Edición Especial,Deportes,Everlast,278.28,36,EVE-4360-P4IPJ
4361,Microondas Philips Modelo 9842,Hogar,Philips,412.82,263,PHI-4361-8AEKA
4362,Mochila de Senderismo Rawlings Profesional Pro,Deportes,Rawlings,282.0,26,RAW-4362-NU1U0
4363,Licuadora Whirlpool Modelo 7340,Hogar,Whirlpool,484.9,647,WHI-4363-ZZSDN
4364,Microondas Mabe Modelo 2316,Hogar,Mabe,725.91,963,MAB-4364-I7R7O
4365,Microondas Whirlpool Modelo 7168,Hogar,Whirlpool,270.15,769,WHI-4365-KCON2
4366,Labial Líquido Garnier Tono Claro,Belleza y Cuidado Personal,Garnier,117.28,500,GAR-4366-H464M
4367,Microondas Oster Modelo 6911,Hogar,Oster,239.24,780,OST-4367-PO0VN
4368,Teclado Mecánico HP Max,Electrónica,HP,404.28,430,HP-4368-MTLUK
4369,Rímel Voluminizador Garnier Tono Oscuro,Belleza y Cuidado Personal,Garnier,119.73,799,GAR-4369-QOHNJ
4370,Chamarra Adidas Talla M Color Negro,Ropa,Adidas,92.04,726,ADI-4370-QWEL6
4371,Crema Hidratante Revlon Tono Oscuro,Belleza y Cuidado Personal,Revlon,9.87,323,REV-4371-2NOZ9
4372,Cámara Mirrorless Samsung Gen 8 256GB,Electrónica,Samsung,449.92,325,SAM-4372-NII9P
4373,Mouse Samsung Max,Electrónica,Samsung,496.99,907,SAM-4373-W420V
4374,Suéter Zara Talla M Color Negro,Ropa,Zara,78.49,572,ZAR-4374-WE0V4
4375,Chamarra Zara Talla XL Color Rojo,Ropa,Zara,103.9,251,ZAR-4375-L4DRZ
4376,Sudadera Vans Talla M Color Blanco,Ropa,Vans,35.79,954,VAN-4376-XMM5E
4377,Refrigerador Dyson Modelo 9284,Hogar,Dyson,432.93,764,DYS-4377-PV3LP
4378,Shampoo Maybelline Para todo tipo de piel,Belleza y Cuidado Personal,Maybelline,76.75,342,MAY-4378-8PG8S
4379,Sudadera Adidas Talla XXL Color Azul,Ropa,Adidas,35.83,396,ADI-4379-UF8EC
4380,Cámara Mirrorless HP Lite 256GB,Electrónica,HP,502.08,766,HP-4380-BZYX6
4381,Cafetera Dyson Modelo 5655,Hogar,Dyson,779.85,770,DYS-4381-FTEP5
4382,Audífonos Inalámbricos HP Gen 6 256GB,Electrónica,HP,1025.36,389,HP-4382-PJTKM
4383,Refrigerador KitchenAid Modelo 2585,Hogar,KitchenAid,309.58,632,KIT-4383-LWOFX
4384,Rímel Voluminizador La Roche-Posay Tono Medio,Belleza y Cuidado Personal,La Roche-Posay,35.33,29,LA -4384-4SEFQ
4385,Refrigerador Ninja Modelo 5875,Hogar,Ninja,625.35,930,NIN-4385-CG74V
4386,Tapete de Yoga Spalding Profesional Pro,Deportes,Spalding,11.92,839,SPA-4386-U0IHI
4387,Chamarra Calvin Klein Talla XL Color Gris,Ropa,Calvin Klein,19.92,164,CAL-4387-DRJIX
4388,Smartphone Apple Ultra 1TB,Electrónica,Apple,1883.48,442,APP-4388-9VZE2
4389,Audífonos Inalámbricos Sony Max 256GB,Electrónica,Sony,349.72,425,SON-4389-DQ1W7
4390,Chaqueta de Cuero Puma Talla XXL Color Rojo,Ropa,Puma,84.18,356,PUM-4390-371B4
4391,Mochila de Senderismo Coleman Profesional Pro,Deportes,Coleman,37.17,215,COL-4391-XSFF9
4392,Sudadera Levi's Talla S Color Azul,Ropa,Levi's,20.09,309,LEV-4392-B2ITU
4393,"Monitor 24"" Motorola Gen 9 256GB",Electrónica,Motorola,1967.24,108,MOT-4393-NM0F6
4394,Teclado Mecánico Apple Max 512GB,Electrónica,Apple,1974.55,758,APP-4394-OT72D
4395,Bocina Bluetooth Dell Plus 128GB,Electrónica,Dell,1191.44,75,DEL-4395-5BFU9
4396,Crema Hidratante La Roche-Posay Tono Medio,Belleza y Cuidado Personal,La Roche-Posay,65.56,863,LA -4396-1WH9T
4397,Bocina Bluetooth Acer Plus 256GB,Electrónica,Acer,492.75,649,ACE-4397-B04JD
4398,Rímel Voluminizador MAC Tono Medio,Belleza y Cuidado Personal,MAC,17.92,245,MAC-4398-Y1LCN
4399,Camiseta Under Armour Talla XXL Color Rojo,Ropa,Under Armour,122.0,151,UND-4399-M3L0R
4400,TV 4K JBL Plus 256GB,Electrónica,JBL,1168.01,584,JBL-4400-EIQQM
4401,Cafetera Koblenz Modelo 2972,Hogar,Koblenz,434.46,46,KOB-4401-XL4DD
4402,Gorra Under Armour Talla M Color Blanco,Ropa,Under Armour,15.19,82,UND-4402-VL0S0
4403,Suéter Levi's Talla S Color Gris,Ropa,Levi's,102.54,94,LEV-4403-T0RZE
4404,Botella de Agua 1L CamelBak Profesional Estándar,Deportes,CamelBak,60.9,135,CAM-4404-OK4KN
4405,Audífonos Inalámbricos Asus Plus 256GB,Electrónica,Asus,1883.79,681,ASU-4405-BP5T1
4406,Cafetera Philips Modelo 1820,Hogar,Philips,193.83,765,PHI-4406-6BIPV
4407,Audífonos Inalámbricos Xiaomi Lite,Electrónica,Xiaomi,124.98,786,XIA-4407-35HT3
4408,Tapete de Yoga Everlast Profesional Pro,Deportes,Everlast,151.95,667,EVE-4408-RIBPC
4409,Freidora de Aire Koblenz Modelo 2992,Hogar,Koblenz,512.23,922,KOB-4409-22AJR
4410,"Monitor 24"" JBL Ultra 1TB",Electrónica,JBL,2069.5,240,JBL-4410-VO45A
4411,Protector Solar SPF 50 MAC Para todo tipo de piel,Belleza y Cuidado Personal,MAC,44.85,212,MAC-4411-V8YW9
4412,Protector Solar SPF 50 L'Oréal Tono Medio,Belleza y Cuidado Personal,L'Oréal,7.77,838,L'O-4412-D715P
4413,Refrigerador Hamilton Beach Modelo 1775,Hogar,Hamilton Beach,735.9,846,HAM-4413-Z71A6
4414,Plancha de Vapor Hamilton Beach Modelo 7322,Hogar,Hamilton Beach,46.54,587,HAM-4414-PRACB
4415,Balón de Básquetbol CamelBak Profesional Estándar,Deportes,CamelBak,193.88,231,CAM-4415-65163
4416,Mochila de Senderismo Yeti Profesional Estándar,Deportes,Yeti,252.96,471,YET-4416-MBSF4
4417,Cámara Mirrorless Acer Gen 8 256GB,Electrónica,Acer,1416.79,426,ACE-4417-V0VE5
4418,Acondicionador Clinique Tono Oscuro,Belleza y Cuidado Personal,Clinique,31.23,846,CLI-4418-143HB
4419,Protector Solar SPF 50 Clinique Para todo tipo de piel,Belleza y Cuidado Personal,Clinique,35.19,226,CLI-4419-T4NU2
4420,Bocina Bluetooth HP Lite 256GB,Electrónica,HP,275.86,322,HP-4420-XKM4D
4421,Chaqueta de Cuero Puma Talla L Color Azul,Ropa,Puma,75.06,641,PUM-4421-KWAAF
4422,Aspiradora Oster Modelo 4218,Hogar,Oster,35.97,250,OST-4422-6C6VR
4423,Suéter Vans Talla L Color Gris,Ropa,Vans,92.23,809,VAN-4423-KMB7B
4424,Tostador T-fal Modelo 1802,Hogar,T-fal,462.4,959,T-F-4424-OJ8P6
4425,Sudadera Tommy Hilfiger Talla L Color Negro,Ropa,Tommy Hilfiger,18.21,734,TOM-4425-M6B77
4426,Crema Hidratante Revlon Tono Claro,Belleza y Cuidado Personal,Revlon,100.37,883,REV-4426-GG0HQ
4427,Tapete de Yoga Speedo Profesional Pro,Deportes,Speedo,283.91,632,SPE-4427-JP6BQ
4428,Suero de Vitamina C L'Oréal Tono Oscuro,Belleza y Cuidado Personal,L'Oréal,69.52,1,L'O-4428-OBM6L
4429,Crema Hidratante La Roche-Posay Tono Claro,Belleza y Cuidado Personal,La Roche-Posay,118.7,164,LA -4429-53SJP
4430,Crema Hidratante Garnier Tono Claro,Belleza y Cuidado Personal,Garnier,85.63,302,GAR-4430-3G6BW
4431,Calcetines (Paquete) Vans Talla S Color Gris,Ropa,Vans,62.47,428,VAN-4431-1H9PN
4432,Microondas KitchenAid Modelo 9479,Hogar,KitchenAid,738.54,556,KIT-4432-2XO7L
4433,Camiseta Under Armour Talla L Color Rojo,Ropa,Under Armour,40.98,178,UND-4433-22BR7
4434,Aspiradora Hamilton Beach Modelo 7100,Hogar,Hamilton Beach,758.17,987,HAM-4434-TX5H7
4435,Procesador de Alimentos Dyson Modelo 2439,Hogar,Dyson,60.63,624,DYS-4435-X8IWF
4436,Short Deportivo Vans Talla XXL Color Rojo,Ropa,Vans,96.78,444,VAN-4436-EHIIC
4437,Bocina Bluetooth Motorola Lite 128GB,Electrónica,Motorola,2360.81,77,MOT-4437-1V1WG
4438,Acondicionador Clinique Para todo tipo de piel,Belleza y Cuidado Personal,Clinique,15.34,406,CLI-4438-CZWEA
4439,Plancha de Vapor Whirlpool Modelo 3175,Hogar,Whirlpool,603.59,384,WHI-4439-D21JX
4440,Crema Hidratante CeraVe Para todo tipo de piel,Belleza y Cuidado Personal,CeraVe,47.05,793,CER-4440-6CP0O
4441,Botella de Agua 1L Wilson Profesional Edición Especial,Deportes,Wilson,216.39,18,WIL-4441-JGDIB
4442,Guantes de Box Everlast Profesional Premium,Deportes,Everlast,264.39,506,EVE-4442-W31G7
4443,Freidora de Aire Dyson Modelo 1890,Hogar,Dyson,638.71,544,DYS-4443-LGFER
4444,Cámara Mirrorless Lenovo Max 128GB,Electrónica,Lenovo,343.0,704,LEN-4444-3PHWX
4445,Perfume 100ml Nivea Tono Claro,Belleza y Cuidado Personal,Nivea,110.18,357,NIV-4445-GNLX9
4446,Batidora de Pedestal Koblenz Modelo 9505,Hogar,Koblenz,236.12,578,KOB-4446-GI5C2
4447,Desmaquillante Dove Para todo tipo de piel,Belleza y Cuidado Personal,Dove,71.98,730,DOV-4447-X1IIB
4448,Labial Líquido Maybelline Piel Seca,Belleza y Cuidado Personal,Maybelline,29.13,272,MAY-4448-EX5QN
4449,Shampoo L'Oréal Piel Seca,Belleza y Cuidado Personal,L'Oréal,63.23,307,L'O-4449-B2QYD
4450,"Monitor 24"" LG Max 256GB",Electrónica,LG,348.81,43,LG-4450-KD2ZU
4451,Tablet Dell Gen 5,Electrónica,Dell,105.91,784,DEL-4451-YH5H3
4452,Acondicionador Maybelline Tono Claro,Belleza y Cuidado Personal,Maybelline,100.41,942,MAY-4452-5C28B
4453,Pantalón de Mezclilla Nike Talla M Color Rojo,Ropa,Nike,139.6,632,NIK-4453-EM7ZR
4454,Guantes de Box CamelBak Profesional Edición Especial,Deportes,CamelBak,119.79,239,CAM-4454-UKF21
4455,Cámara Mirrorless Sony Plus,Electrónica,Sony,729.66,341,SON-4455-YBO96
4456,Crema Hidratante Garnier Tono Oscuro,Belleza y Cuidado Personal,Garnier,93.85,334,GAR-4456-LOHP6
4457,Camiseta Reebok Talla XL Color Rojo,Ropa,Reebok,141.49,746,REE-4457-7EJT5
4458,Freidora de Aire Koblenz Modelo 5752,Hogar,Koblenz,351.17,956,KOB-4458-UZEAW
4459,Labial Líquido Maybelline Tono Medio,Belleza y Cuidado Personal,Maybelline,102.81,553,MAY-4459-IPAE1
4460,Base de Maquillaje Maybelline Para todo tipo de piel,Belleza y Cuidado Personal,Maybelline,53.61,325,MAY-4460-3BK63
4461,Short Deportivo Tommy Hilfiger Talla S Color Gris,Ropa,Tommy Hilfiger,73.36,635,TOM-4461-CGF9Y
4462,Botella de Agua 1L Spalding Profesional Premium,Deportes,Spalding,69.45,75,SPA-4462-8EGW5
4463,Mancuernas 10kg Rawlings Profesional Estándar,Deportes,Rawlings,156.6,916,RAW-4463-AGOJ0
4464,Mancuernas 10kg Wilson Profesional Estándar,Deportes,Wilson,214.8,115,WIL-4464-B63FR
4465,Mochila de Senderismo Coleman Profesional Premium,Deportes,Coleman,234.91,635,COL-4465-M0S6G
4466,Labial Líquido CeraVe Tono Medio,Belleza y Cuidado Personal,CeraVe,71.17,983,CER-4466-3ZKM9
4467,Aspiradora Black+Decker Modelo 3335,Hogar,Black+Decker,238.95,637,BLA-4467-22OIL
4468,Tenis Zara Talla L Color Azul,Ropa,Zara,133.15,673,ZAR-4468-R1AG5
4469,Mancuernas 10kg Coleman Profesional Pro,Deportes,Coleman,241.23,32,COL-4469-RF7SF
4470,Chaqueta de Cuero Under Armour Talla XL Color Gris,Ropa,Under Armour,39.44,914,UND-4470-IGGCV
4471,Suero de Vitamina C MAC Piel Seca,Belleza y Cuidado Personal,MAC,68.06,410,MAC-4471-W4BXR
4472,Base de Maquillaje Revlon Tono Claro,Belleza y Cuidado Personal,Revlon,35.63,865,REV-4472-ULO00
4473,Goggles de Natación Coleman Profesional Premium,Deportes,Coleman,236.33,807,COL-4473-O73UK
4474,Plancha de Vapor Mabe Modelo 3605,Hogar,Mabe,52.82,940,MAB-4474-BLQ69
4475,Chaqueta de Cuero Vans Talla XL Color Negro,Ropa,Vans,124.37,611,VAN-4475-P7FAZ
4476,Cámara Mirrorless Apple Max,Electrónica,Apple,1447.63,3,APP-4476-KPBL7
4477,Cámara Mirrorless HP Plus,Electrónica,HP,2148.76,614,HP-4477-AEXOX
4478,Mochila de Senderismo Coleman Profesional Edición Especial,Deportes,Coleman,295.85,496,COL-4478-1UYLQ
4479,Procesador de Alimentos T-fal Modelo 5116,Hogar,T-fal,508.34,210,T-F-4479-JYJPK
4480,Botella de Agua 1L CamelBak Profesional Pro,Deportes,CamelBak,24.88,610,CAM-4480-IOULW
4481,Gorra Zara Talla S Color Blanco,Ropa,Zara,62.33,728,ZAR-4481-EZ4ZU
4482,Rímel Voluminizador L'Oréal Tono Medio,Belleza y Cuidado Personal,L'Oréal,85.09,77,L'O-4482-OZF8R
4483,Refrigerador KitchenAid Modelo 3245,Hogar,KitchenAid,566.36,468,KIT-4483-85MRY
4484,Tapete de Yoga Everlast Profesional Estándar,Deportes,Everlast,147.48,289,EVE-4484-0MZFJ
4485,Licuadora Dyson Modelo 8125,Hogar,Dyson,519.49,148,DYS-4485-1E5OB
4486,Refrigerador Ninja Modelo 1972,Hogar,Ninja,626.09,259,NIN-4486-6DQQY
4487,Procesador de Alimentos Oster Modelo 8018,Hogar,Oster,299.78,40,OST-4487-M1E63
4488,Smartwatch Samsung Max 128GB,Electrónica,Samsung,730.21,886,SAM-4488-GTR8G
4489,Procesador de Alimentos Black+Decker Modelo 8794,Hogar,Black+Decker,684.74,245,BLA-4489-2URC2
4490,Suero de Vitamina C Dove Piel Seca,Belleza y Cuidado Personal,Dove,109.24,373,DOV-4490-M13BN
4491,Microondas Hamilton Beach Modelo 1283,Hogar,Hamilton Beach,132.01,961,HAM-4491-NNPV4
4492,Rímel Voluminizador L'Oréal Piel Seca,Belleza y Cuidado Personal,L'Oréal,75.17,529,L'O-4492-B7GA5
4493,Calcetines (Paquete) Adidas Talla M Color Azul,Ropa,Adidas,55.09,126,ADI-4493-XQJML
4494,Tienda de Campaña Wilson Profesional Estándar,Deportes,Wilson,258.24,458,WIL-4494-Y8DL1
4495,Gorra Converse Talla XL Color Negro,Ropa,Converse,41.63,385,CON-4495-7F378
4496,Tenis Levi's Talla XXL Color Rojo,Ropa,Levi's,43.0,486,LEV-4496-X3W7W
4497,Mouse Lenovo Lite 512GB,Electrónica,Lenovo,1644.15,718,LEN-4497-91RDM
4498,Perfume 100ml Clinique Para todo tipo de piel,Belleza y Cuidado Personal,Clinique,25.41,598,CLI-4498-LAV03
4499,Raqueta de Tenis Speedo Profesional Pro,Deportes,Speedo,210.77,462,SPE-4499-6IOW0
4500,Short Deportivo H&M Talla S Color Rojo,Ropa,H&M,27.63,970,H&M-4500-YKR2Y
4501,Pantalón de Mezclilla Under Armour Talla M Color Rojo,Ropa,Under Armour,60.83,829,UND-4501-IMRZH
4502,Protector Solar SPF 50 Estée Lauder Tono Medio,Belleza y Cuidado Personal,Estée Lauder,62.24,353,EST-4502-F5P3B
4503,Mochila de Senderismo CamelBak Profesional Estándar,Deportes,CamelBak,228.71,527,CAM-4503-0U1SR
4504,Goggles de Natación CamelBak Profesional Pro,Deportes,CamelBak,61.71,478,CAM-4504-QOZJP
4505,Calcetines (Paquete) Tommy Hilfiger Talla XXL Color Negro,Ropa,Tommy Hilfiger,67.27,291,TOM-4505-8KRCU
4506,Laptop Asus Pro 256GB,Electrónica,Asus,2132.86,916,ASU-4506-OSOWX
4507,Camiseta Vans Talla M Color Negro,Ropa,Vans,134.28,949,VAN-4507-AG4K8
4508,Refrigerador Dyson Modelo 1914,Hogar,Dyson,307.71,384,DYS-4508-1S30S
4509,Calcetines (Paquete) Levi's Talla L Color Negro,Ropa,Levi's,75.91,925,LEV-4509-3C1RC
4510,Mouse Dell Gen 1 1TB,Electrónica,Dell,675.25,15,DEL-4510-C6Y8O
4511,Tapete de Yoga Everlast Profesional Estándar,Deportes,Everlast,205.69,734,EVE-4511-Y7JJW
4512,Laptop Asus Lite 512GB,Electrónica,Asus,998.45,836,ASU-4512-IXG5U
4513,Perfume 100ml Maybelline Para todo tipo de piel,Belleza y Cuidado Personal,Maybelline,106.01,801,MAY-4513-9T9PE
4514,Protector Solar SPF 50 Maybelline Tono Claro,Belleza y Cuidado Personal,Maybelline,101.9,728,MAY-4514-C1T98
4515,Suero de Vitamina C Maybelline Para todo tipo de piel,Belleza y Cuidado Personal,Maybelline,14.03,741,MAY-4515-D6XRX
4516,Refrigerador Philips Modelo 4981,Hogar,Philips,625.56,715,PHI-4516-Q38S2
4517,Protector Solar SPF 50 Nivea Tono Medio,Belleza y Cuidado Personal,Nivea,29.35,112,NIV-4517-BMQ1D
4518,Tenis Under Armour Talla XXL Color Blanco,Ropa,Under Armour,66.65,677,UND-4518-5O14H
4519,Cafetera Koblenz Modelo 2327,Hogar,Koblenz,730.93,182,KOB-4519-R3MLV
4520,Botella de Agua 1L Speedo Profesional Estándar,Deportes,Speedo,156.2,180,SPE-4520-E3EKQ
4521,Tienda de Campaña Speedo Profesional Edición Especial,Deportes,Speedo,262.82,972,SPE-4521-N8PFK
4522,Tablet Asus Ultra 256GB,Electrónica,Asus,1063.94,688,ASU-4522-QBRMV
4523,Tapete de Yoga Speedo Profesional Premium,Deportes,Speedo,89.91,456,SPE-4523-787W3
4524,Licuadora Philips Modelo 3225,Hogar,Philips,278.04,539,PHI-4524-GF26P
4525,Guantes de Box Coleman Profesional Pro,Deportes,Coleman,121.1,930,COL-4525-C3DDS
4526,Suéter Under Armour Talla M Color Azul,Ropa,Under Armour,43.09,883,UND-4526-TCXLJ
4527,Calcetines (Paquete) Vans Talla L Color Azul,Ropa,Vans,116.73,940,VAN-4527-SBDIN
4528,"Monitor 24"" Motorola Plus 256GB",Electrónica,Motorola,264.46,380,MOT-4528-5FOA3
4529,Rímel Voluminizador Revlon Piel Seca,Belleza y Cuidado Personal,Revlon,77.2,469,REV-4529-ZHND8
4530,Batidora de Pedestal Ninja Modelo 2503,Hogar,Ninja,748.13,297,NIN-4530-PNUIF
4531,Tablet Xiaomi Pro,Electrónica,Xiaomi,272.25,731,XIA-4531-SSBHA
4532,Procesador de Alimentos Hamilton Beach Modelo 6661,Hogar,Hamilton Beach,419.38,804,HAM-4532-46QGP
4533,Tablet Samsung Gen 1 128GB,Electrónica,Samsung,117.64,149,SAM-4533-MR2IV
4534,"Monitor 24"" Bose Lite",Electrónica,Bose,2391.8,447,BOS-4534-J7Z3M
4535,Tablet Xiaomi Ultra 512GB,Electrónica,Xiaomi,305.36,75,XIA-4535-IYX29
4536,Protector Solar SPF 50 Dove Tono Oscuro,Belleza y Cuidado Personal,Dove,45.02,45,DOV-4536-B7MVO
4537,Cafetera T-fal Modelo 9849,Hogar,T-fal,641.29,628,T-F-4537-ZCPVU
4538,Laptop Dell Gen 2 256GB,Electrónica,Dell,2019.16,228,DEL-4538-0BR43
4539,Plancha de Vapor Koblenz Modelo 9725,Hogar,Koblenz,249.36,665,KOB-4539-LCQLJ
4540,Rímel Voluminizador MAC Tono Medio,Belleza y Cuidado Personal,MAC,9.93,55,MAC-4540-978ON
4541,Tablet Motorola Gen 4 512GB,Electrónica,Motorola,1212.91,95,MOT-4541-NJRJP
4542,Raqueta de Tenis Gatorade Profesional Premium,Deportes,Gatorade,249.81,976,GAT-4542-UXH92
4543,Aspiradora Mabe Modelo 3716,Hogar,Mabe,51.11,566,MAB-4543-NS309
4544,Licuadora Oster Modelo 3798,Hogar,Oster,636.47,367,OST-4544-UDYT2
4545,Rímel Voluminizador Maybelline Para todo tipo de piel,Belleza y Cuidado Personal,Maybelline,108.59,863,MAY-4545-E93IO
4546,Bocina Bluetooth Asus Ultra 512GB,Electrónica,Asus,2142.14,773,ASU-4546-XFI3N
4547,Balón de Básquetbol Coleman Profesional Pro,Deportes,Coleman,148.14,243,COL-4547-WDVYU
4548,Laptop Sony Gen 8 128GB,Electrónica,Sony,274.01,107,SON-4548-970M3
4549,Labial Líquido Garnier Para todo tipo de piel,Belleza y Cuidado Personal,Garnier,21.86,295,GAR-4549-4A9JA
4550,Shampoo CeraVe Tono Medio,Belleza y Cuidado Personal,CeraVe,30.38,905,CER-4550-22896
4551,Rímel Voluminizador CeraVe Para todo tipo de piel,Belleza y Cuidado Personal,CeraVe,12.58,796,CER-4551-J4ILX
4552,Tienda de Campaña Yeti Profesional Premium,Deportes,Yeti,58.87,53,YET-4552-GHSOH
4553,Bocina Bluetooth Dell Max,Electrónica,Dell,997.96,683,DEL-4553-7ZQVT
4554,Labial Líquido Revlon Piel Seca,Belleza y Cuidado Personal,Revlon,108.7,76,REV-4554-5NPP3
4555,Gorra Zara Talla XXL Color Negro,Ropa,Zara,76.53,239,ZAR-4555-EKSL0
4556,Crema Hidratante Dove Piel Seca,Belleza y Cuidado Personal,Dove,71.56,296,DOV-4556-38LDS
4557,Crema Hidratante Garnier Tono Oscuro,Belleza y Cuidado Personal,Garnier,117.59,139,GAR-4557-7KTLK
4558,Aspiradora Black+Decker Modelo 6263,Hogar,Black+Decker,108.23,495,BLA-4558-25RKY
4559,Gorra Tommy Hilfiger Talla M Color Gris,Ropa,Tommy Hilfiger,57.77,349,TOM-4559-WD9MV
4560,Perfume 100ml CeraVe Piel Seca,Belleza y Cuidado Personal,CeraVe,29.73,509,CER-4560-7ZFFB
4561,Tapete de Yoga CamelBak Profesional Edición Especial,Deportes,CamelBak,149.92,531,CAM-4561-8YVE8
4562,Tapete de Yoga Gatorade Profesional Edición Especial,Deportes,Gatorade,89.7,663,GAT-4562-L7Z3G
4563,Laptop Asus Gen 8 128GB,Electrónica,Asus,497.72,369,ASU-4563-JPVQB
4564,Perfume 100ml Nivea Tono Medio,Belleza y Cuidado Personal,Nivea,77.32,915,NIV-4564-P9VY0
4565,Base de Maquillaje Estée Lauder Tono Medio,Belleza y Cuidado Personal,Estée Lauder,12.63,900,EST-4565-2I7R9
4566,Chamarra Adidas Talla M Color Blanco,Ropa,Adidas,142.27,575,ADI-4566-347CO
4567,Shampoo Dove Tono Claro,Belleza y Cuidado Personal,Dove,78.15,829,DOV-4567-38NCP
4568,Tostador Mabe Modelo 3785,Hogar,Mabe,452.95,82,MAB-4568-EW6AQ
4569,Calcetines (Paquete) Vans Talla XL Color Blanco,Ropa,Vans,27.91,886,VAN-4569-TEGPZ
4570,Protector Solar SPF 50 Nivea Tono Oscuro,Belleza y Cuidado Personal,Nivea,77.66,943,NIV-4570-TU62T
4571,Freidora de Aire Whirlpool Modelo 4952,Hogar,Whirlpool,320.43,663,WHI-4571-15URX
4572,Gorra Nike Talla XL Color Azul,Ropa,Nike,23.15,472,NIK-4572-GUYCZ
4573,Microondas Whirlpool Modelo 9206,Hogar,Whirlpool,755.09,411,WHI-4573-81DL4
4574,Gorra Calvin Klein Talla M Color Blanco,Ropa,Calvin Klein,86.27,618,CAL-4574-KSC5R
4575,Mochila de Senderismo Rawlings Profesional Pro,Deportes,Rawlings,109.23,714,RAW-4575-I1TGP
4576,Smartwatch Samsung Plus 512GB,Electrónica,Samsung,494.41,414,SAM-4576-07DKE
4577,Audífonos Inalámbricos Motorola Lite 512GB,Electrónica,Motorola,987.35,946,MOT-4577-JP9JS
4578,Laptop Dell Gen 6 128GB,Electrónica,Dell,1849.09,317,DEL-4578-6MPMN
4579,Mochila de Senderismo Yeti Profesional Estándar,Deportes,Yeti,122.24,288,YET-4579-AUTMO
4580,Audífonos Inalámbricos Bose Pro 1TB,Electrónica,Bose,1154.47,25,BOS-4580-7UNNK
4581,Tablet Acer Lite 1TB,Electrónica,Acer,352.7,48,ACE-4581-ZSB6C
4582,Balón de Básquetbol Yeti Profesional Premium,Deportes,Yeti,60.07,683,YET-4582-HTHIX
4583,Cámara Mirrorless Lenovo Max 128GB,Electrónica,Lenovo,351.42,133,LEN-4583-8WFP1
4584,Short Deportivo Under Armour Talla L Color Rojo,Ropa,Under Armour,24.14,634,UND-4584-98CMH
4585,Base de Maquillaje MAC Piel Seca,Belleza y Cuidado Personal,MAC,85.04,340,MAC-4585-0BCAL
4586,Tostador Oster Modelo 2312,Hogar,Oster,529.9,770,OST-4586-2BKTA
4587,TV 4K Apple Pro 256GB,Electrónica,Apple,2443.18,479,APP-4587-9VVHH
4588,Freidora de Aire Dyson Modelo 2702,Hogar,Dyson,403.3,713,DYS-4588-2S6AI
4589,Rímel Voluminizador Clinique Piel Seca,Belleza y Cuidado Personal,Clinique,118.52,506,CLI-4589-WWQKQ
4590,Chamarra Nike Talla L Color Gris,Ropa,Nike,109.19,608,NIK-4590-39WXO
4591,Tienda de Campaña Gatorade Profesional Pro,Deportes,Gatorade,295.89,751,GAT-4591-5FR72
4592,Tienda de Campaña Wilson Profesional Pro,Deportes,Wilson,298.43,374,WIL-4592-TIW2P
4593,Protector Solar SPF 50 La Roche-Posay Para todo tipo de piel,Belleza y Cuidado Personal,La Roche-Posay,82.71,565,LA -4593-LEBZR
4594,Sudadera Calvin Klein Talla XXL Color Blanco,Ropa,Calvin Klein,24.68,326,CAL-4594-BXEWX
4595,Smartphone JBL Gen 7 256GB,Electrónica,JBL,2184.88,705,JBL-4595-YLBZX
4596,Base de Maquillaje Revlon Para todo tipo de piel,Belleza y Cuidado Personal,Revlon,88.25,203,REV-4596-DLI3V
4597,Smartwatch Motorola Gen 10,Electrónica,Motorola,343.18,418,MOT-4597-UPWSI
4598,Tapete de Yoga Gatorade Profesional Premium,Deportes,Gatorade,181.82,668,GAT-4598-KQOHB
4599,Chamarra Adidas Talla M Color Blanco,Ropa,Adidas,108.97,702,ADI-4599-DWRJR
4600,Mancuernas 10kg Wilson Profesional Premium,Deportes,Wilson,97.93,614,WIL-4600-NVKK8
4601,TV 4K Apple Pro 1TB,Electrónica,Apple,286.24,757,APP-4601-4OVM5
4602,Shampoo MAC Tono Oscuro,Belleza y Cuidado Personal,MAC,99.94,246,MAC-4602-DV0O8
4603,Crema Hidratante Nivea Tono Medio,Belleza y Cuidado Personal,Nivea,6.99,104,NIV-4603-L20EC
4604,Bocina Bluetooth Lenovo Gen 8 1TB,Electrónica,Lenovo,2451.63,315,LEN-4604-A7GSH
4605,Smartwatch Sony Plus 1TB,Electrónica,Sony,1598.31,694,SON-4605-CT2A4
4606,Short Deportivo Under Armour Talla XL Color Azul,Ropa,Under Armour,44.15,23,UND-4606-VW184
4607,Botella de Agua 1L Spalding Profesional Premium,Deportes,Spalding,199.32,774,SPA-4607-KNUDK
4608,Raqueta de Tenis Speedo Profesional Edición Especial,Deportes,Speedo,25.93,317,SPE-4608-RS67M
4609,Mochila de Senderismo CamelBak Profesional Pro,Deportes,CamelBak,79.5,553,CAM-4609-B0VPD
4610,Suero de Vitamina C CeraVe Tono Claro,Belleza y Cuidado Personal,CeraVe,30.54,680,CER-4610-W6L5P
4611,Rímel Voluminizador Clinique Piel Seca,Belleza y Cuidado Personal,Clinique,48.62,207,CLI-4611-R08UV
4612,Shampoo CeraVe Tono Medio,Belleza y Cuidado Personal,CeraVe,73.14,843,CER-4612-80MGN
4613,Procesador de Alimentos Koblenz Modelo 6593,Hogar,Koblenz,101.0,433,KOB-4613-DMSXM
4614,Plancha de Vapor Whirlpool Modelo 6508,Hogar,Whirlpool,135.44,288,WHI-4614-MAXWB
4615,Rímel Voluminizador Estée Lauder Piel Seca,Belleza y Cuidado Personal,Estée Lauder,40.26,269,EST-4615-446VS
4616,Mouse JBL Max,Electrónica,JBL,1824.31,476,JBL-4616-5P4T6
4617,Tapete de Yoga Everlast Profesional Pro,Deportes,Everlast,278.65,888,EVE-4617-GE3P0
4618,Protector Solar SPF 50 Maybelline Tono Medio,Belleza y Cuidado Personal,Maybelline,76.04,438,MAY-4618-CDGMY
4619,Aspiradora Oster Modelo 9958,Hogar,Oster,761.73,545,OST-4619-4HVBI
4620,Suero de Vitamina C Revlon Tono Claro,Belleza y Cuidado Personal,Revlon,35.8,880,REV-4620-EOJKG
4621,Mochila de Senderismo CamelBak Profesional Pro,Deportes,CamelBak,104.91,498,CAM-4621-SLNGK
4622,Shampoo Clinique Tono Medio,Belleza y Cuidado Personal,Clinique,32.32,106,CLI-4622-7J0HQ
4623,Botella de Agua 1L Coleman Profesional Premium,Deportes,Coleman,94.66,420,COL-4623-I208T
4624,Labial Líquido MAC Tono Medio,Belleza y Cuidado Personal,MAC,34.89,212,MAC-4624-W6K4D
4625,Tenis Nike Talla L Color Negro,Ropa,Nike,65.27,5,NIK-4625-KP834
4626,Botella de Agua 1L Speedo Profesional Premium,Deportes,Speedo,190.47,200,SPE-4626-UZNML
4627,Camiseta Tommy Hilfiger Talla XXL Color Blanco,Ropa,Tommy Hilfiger,61.79,892,TOM-4627-HFY1V
4628,Aspiradora Koblenz Modelo 7774,Hogar,Koblenz,693.66,130,KOB-4628-H6L7P
4629,Suéter Nike Talla XXL Color Gris,Ropa,Nike,45.19,834,NIK-4629-VSTSB
4630,Labial Líquido Clinique Tono Oscuro,Belleza y Cuidado Personal,Clinique,78.07,157,CLI-4630-XQPII
4631,Laptop Samsung Max,Electrónica,Samsung,319.88,376,SAM-4631-JB5MA
4632,Desmaquillante Revlon Para todo tipo de piel,Belleza y Cuidado Personal,Revlon,28.37,429,REV-4632-3JUBY
4633,Suéter Reebok Talla S Color Rojo,Ropa,Reebok,111.58,872,REE-4633-EK87B
4634,Tablet Apple Gen 1 256GB,Electrónica,Apple,1289.79,150,APP-4634-SERRI
4635,Plancha de Vapor Koblenz Modelo 4607,Hogar,Koblenz,634.72,31,KOB-4635-25FLR
4636,Mochila de Senderismo Everlast Profesional Edición Especial,Deportes,Everlast,82.3,992,EVE-4636-6VS56
4637,Bocina Bluetooth Sony Max 1TB,Electrónica,Sony,1197.64,270,SON-4637-Y8C9F
4638,Goggles de Natación Wilson Profesional Premium,Deportes,Wilson,99.21,151,WIL-4638-0TXJ8
4639,Botella de Agua 1L Coleman Profesional Edición Especial,Deportes,Coleman,55.49,707,COL-4639-FX661
4640,Mochila de Senderismo Wilson Profesional Estándar,Deportes,Wilson,87.74,674,WIL-4640-IHELY
4641,Sudadera H&M Talla XL Color Blanco,Ropa,H&M,107.79,841,H&M-4641-2NF5E
4642,Tablet Motorola Ultra 1TB,Electrónica,Motorola,1626.11,131,MOT-4642-CNQJD
4643,Teclado Mecánico Apple Lite 512GB,Electrónica,Apple,1206.68,479,APP-4643-KV25W
4644,Licuadora KitchenAid Modelo 3692,Hogar,KitchenAid,780.99,456,KIT-4644-I4C2D
4645,Tenis Nike Talla XL Color Blanco,Ropa,Nike,86.99,497,NIK-4645-KIG7B
4646,Acondicionador CeraVe Tono Medio,Belleza y Cuidado Personal,CeraVe,7.27,194,CER-4646-ARE07
4647,TV 4K HP Plus 1TB,Electrónica,HP,1208.43,349,HP-4647-GW4E5
4648,Raqueta de Tenis CamelBak Profesional Pro,Deportes,CamelBak,240.79,958,CAM-4648-YU42P
4649,Mouse Acer Lite,Electrónica,Acer,2263.37,816,ACE-4649-WI8MQ
4650,Gorra Under Armour Talla XXL Color Gris,Ropa,Under Armour,20.44,800,UND-4650-DM2LC
4651,Licuadora Ninja Modelo 9004,Hogar,Ninja,459.67,188,NIN-4651-J982N
4652,Rímel Voluminizador La Roche-Posay Para todo tipo de piel,Belleza y Cuidado Personal,La Roche-Posay,85.01,140,LA -4652-PQB2Y
4653,Cafetera Whirlpool Modelo 9868,Hogar,Whirlpool,510.91,698,WHI-4653-HK3IE
4654,Smartwatch Acer Ultra 256GB,Electrónica,Acer,2191.32,493,ACE-4654-H38LM
4655,Pantalón de Mezclilla Zara Talla S Color Blanco,Ropa,Zara,50.74,794,ZAR-4655-8TX08
4656,Tablet LG Lite 1TB,Electrónica,LG,1451.4,875,LG-4656-9YNBP
4657,Camiseta Converse Talla XL Color Gris,Ropa,Converse,51.05,982,CON-4657-OBOYH
4658,Crema Hidratante Dove Tono Medio,Belleza y Cuidado Personal,Dove,30.28,560,DOV-4658-E5KCF
4659,Smartwatch Bose Max 512GB,Electrónica,Bose,2445.09,348,BOS-4659-6VRI1
4660,Perfume 100ml Garnier Tono Oscuro,Belleza y Cuidado Personal,Garnier,10.12,302,GAR-4660-K7QD2
4661,Suéter Tommy Hilfiger Talla L Color Azul,Ropa,Tommy Hilfiger,54.89,584,TOM-4661-0CJQP
4662,Botella de Agua 1L CamelBak Profesional Pro,Deportes,CamelBak,143.36,252,CAM-4662-F7DV9
4663,Freidora de Aire KitchenAid Modelo 9077,Hogar,KitchenAid,111.81,871,KIT-4663-097KH
4664,Suéter Adidas Talla XXL Color Gris,Ropa,Adidas,18.68,931,ADI-4664-0S3XG
4665,Gorra Zara Talla L Color Rojo,Ropa,Zara,88.65,887,ZAR-4665-OLZN1
4666,Freidora de Aire Oster Modelo 6919,Hogar,Oster,580.97,30,OST-4666-LMSZM
4667,Desmaquillante Estée Lauder Para todo tipo de piel,Belleza y Cuidado Personal,Estée Lauder,27.05,997,EST-4667-4ZMTW
4668,TV 4K Asus Plus 128GB,Electrónica,Asus,1036.06,248,ASU-4668-EWS5R
4669,Protector Solar SPF 50 Nivea Piel Seca,Belleza y Cuidado Personal,Nivea,29.34,915,NIV-4669-IJ7ER
4670,Balón de Básquetbol Gatorade Profesional Pro,Deportes,Gatorade,157.32,103,GAT-4670-O7PST
4671,Shampoo CeraVe Tono Oscuro,Belleza y Cuidado Personal,CeraVe,97.47,154,CER-4671-LZLQG
4672,Audífonos Inalámbricos Apple Max 128GB,Electrónica,Apple,808.09,706,APP-4672-0CBBP
4673,Shampoo Revlon Piel Seca,Belleza y Cuidado Personal,Revlon,33.11,807,REV-4673-S048Y
4674,Rímel Voluminizador Clinique Tono Oscuro,Belleza y Cuidado Personal,Clinique,12.39,833,CLI-4674-U612F
4675,Mouse Acer Pro 128GB,Electrónica,Acer,1564.71,354,ACE-4675-K5ZKZ
4676,Perfume 100ml Garnier Tono Oscuro,Belleza y Cuidado Personal,Garnier,86.09,172,GAR-4676-MMAP1
4677,Chamarra Levi's Talla XL Color Azul,Ropa,Levi's,93.61,617,LEV-4677-T3W7B
4678,Gorra Under Armour Talla XL Color Azul,Ropa,Under Armour,143.57,298,UND-4678-Y0ZU3
4679,Labial Líquido MAC Tono Claro,Belleza y Cuidado Personal,MAC,40.57,817,MAC-4679-4G2F5
4680,Mancuernas 10kg Wilson Profesional Estándar,Deportes,Wilson,252.35,739,WIL-4680-3Q5YB
4681,TV 4K Lenovo Gen 5 128GB,Electrónica,Lenovo,296.9,207,LEN-4681-1U1WR
4682,Mochila de Senderismo Wilson Profesional Estándar,Deportes,Wilson,143.29,4,WIL-4682-3GUSY
4683,Mochila de Senderismo Everlast Profesional Estándar,Deportes,Everlast,183.69,482,EVE-4683-QN3TN
4684,Chaqueta de Cuero H&M Talla L Color Blanco,Ropa,H&M,32.78,553,H&M-4684-UAYJD
4685,Smartphone Apple Max,Electrónica,Apple,1434.6,438,APP-4685-HEPBK
4686,Acondicionador Estée Lauder Piel Seca,Belleza y Cuidado Personal,Estée Lauder,74.21,806,EST-4686-8N4DZ
4687,Raqueta de Tenis Everlast Profesional Premium,Deportes,Everlast,181.94,774,EVE-4687-6HY9T
4688,Tablet Samsung Gen 7 1TB,Electrónica,Samsung,1966.9,540,SAM-4688-POVRB
4689,Gorra Adidas Talla S Color Azul,Ropa,Adidas,93.4,98,ADI-4689-JEKXZ
4690,Cámara Mirrorless Bose Lite 512GB,Electrónica,Bose,2365.9,780,BOS-4690-07B7K
4691,Pantalón de Mezclilla Puma Talla XL Color Negro,Ropa,Puma,120.46,138,PUM-4691-C520V
4692,Base de Maquillaje CeraVe Tono Oscuro,Belleza y Cuidado Personal,CeraVe,96.15,618,CER-4692-C8PP3
4693,Tostador Mabe Modelo 9446,Hogar,Mabe,788.37,279,MAB-4693-OQL03
4694,Camiseta Reebok Talla S Color Blanco,Ropa,Reebok,70.49,4,REE-4694-NM3RQ
4695,Calcetines (Paquete) Nike Talla L Color Azul,Ropa,Nike,139.99,749,NIK-4695-1VPO7
4696,Tablet Apple Plus 128GB,Electrónica,Apple,2011.41,106,APP-4696-I50GP
4697,Labial Líquido L'Oréal Tono Claro,Belleza y Cuidado Personal,L'Oréal,74.12,201,L'O-4697-JVMNN
4698,Teclado Mecánico Sony Plus 512GB,Electrónica,Sony,1223.17,46,SON-4698-RVV4R
4699,Guantes de Box Speedo Profesional Premium,Deportes,Speedo,252.36,483,SPE-4699-NUZFP
4700,Chaqueta de Cuero Levi's Talla L Color Negro,Ropa,Levi's,110.49,384,LEV-4700-AU593
4701,Cafetera Koblenz Modelo 8976,Hogar,Koblenz,333.81,711,KOB-4701-PVEN7
4702,Protector Solar SPF 50 Dove Para todo tipo de piel,Belleza y Cuidado Personal,Dove,23.93,223,DOV-4702-DG835
4703,Protector Solar SPF 50 Dove Para todo tipo de piel,Belleza y Cuidado Personal,Dove,116.83,82,DOV-4703-NPHF0
4704,Mouse Apple Gen 9 128GB,Electrónica,Apple,867.43,814,APP-4704-46Z1V
4705,Teclado Mecánico Bose Pro,Electrónica,Bose,284.62,87,BOS-4705-GQKA8
4706,TV 4K Apple Pro 128GB,Electrónica,Apple,342.36,991,APP-4706-JADUI
4707,Shampoo Estée Lauder Tono Oscuro,Belleza y Cuidado Personal,Estée Lauder,20.78,854,EST-4707-JCF8G
4708,Chaqueta de Cuero Under Armour Talla L Color Gris,Ropa,Under Armour,40.4,233,UND-4708-WVHS4
4709,Batidora de Pedestal Dyson Modelo 1332,Hogar,Dyson,496.73,186,DYS-4709-27H59
4710,Chaqueta de Cuero Zara Talla S Color Azul,Ropa,Zara,93.14,511,ZAR-4710-V845S
4711,Mancuernas 10kg Everlast Profesional Estándar,Deportes,Everlast,98.11,293,EVE-4711-CU8SB
4712,Rímel Voluminizador Maybelline Piel Seca,Belleza y Cuidado Personal,Maybelline,88.59,335,MAY-4712-2B3A7
4713,Gorra Levi's Talla XL Color Gris,Ropa,Levi's,67.75,97,LEV-4713-VTPS8
4714,Rímel Voluminizador La Roche-Posay Tono Medio,Belleza y Cuidado Personal,La Roche-Posay,63.14,471,LA -4714-ZH8ND
4715,Acondicionador Garnier Tono Oscuro,Belleza y Cuidado Personal,Garnier,97.31,799,GAR-4715-T8QZU
4716,Camiseta Vans Talla M Color Negro,Ropa,Vans,63.4,122,VAN-4716-Y088R
4717,Cafetera Koblenz Modelo 9368,Hogar,Koblenz,785.93,785,KOB-4717-79SII
4718,Aspiradora T-fal Modelo 9996,Hogar,T-fal,442.49,673,T-F-4718-Y6LRU
4719,Chaqueta de Cuero H&M Talla M Color Gris,Ropa,H&M,116.75,271,H&M-4719-FBBRU
4720,Tenis Vans Talla XL Color Azul,Ropa,Vans,56.25,613,VAN-4720-G7T5M
4721,Gorra Converse Talla XXL Color Negro,Ropa,Converse,74.42,972,CON-4721-17PND
4722,Tapete de Yoga Spalding Profesional Estándar,Deportes,Spalding,112.45,546,SPA-4722-0UHGC
4723,Smartphone HP Ultra,Electrónica,HP,1085.24,965,HP-4723-K1J9P
4724,Calcetines (Paquete) Levi's Talla XXL Color Gris,Ropa,Levi's,138.06,335,LEV-4724-VZ2KN
4725,Crema Hidratante L'Oréal Para todo tipo de piel,Belleza y Cuidado Personal,L'Oréal,107.5,677,L'O-4725-TF9AU
4726,Laptop HP Max 256GB,Electrónica,HP,250.8,656,HP-4726-E5ZHM
4727,Base de Maquillaje Estée Lauder Piel Seca,Belleza y Cuidado Personal,Estée Lauder,95.32,402,EST-4727-GX1SI
4728,Bocina Bluetooth Sony Pro 256GB,Electrónica,Sony,2303.99,858,SON-4728-GSOA5
4729,Suero de Vitamina C Estée Lauder Tono Medio,Belleza y Cuidado Personal,Estée Lauder,16.6,712,EST-4729-EM75D
4730,Laptop JBL Gen 6 128GB,Electrónica,JBL,292.15,175,JBL-4730-L2LNK
4731,Chamarra Tommy Hilfiger Talla S Color Rojo,Ropa,Tommy Hilfiger,27.42,116,TOM-4731-PA8RU
4732,Chaqueta de Cuero Vans Talla L Color Negro,Ropa,Vans,41.13,844,VAN-4732-VLV3C
4733,Tienda de Campaña Gatorade Profesional Premium,Deportes,Gatorade,161.31,110,GAT-4733-FY0Q2
4734,Tapete de Yoga Gatorade Profesional Estándar,Deportes,Gatorade,197.73,846,GAT-4734-0KSBM
4735,Base de Maquillaje Garnier Piel Seca,Belleza y Cuidado Personal,Garnier,20.61,573,GAR-4735-8CI9T
4736,Rímel Voluminizador MAC Tono Oscuro,Belleza y Cuidado Personal,MAC,36.67,703,MAC-4736-1PV93
4737,Audífonos Inalámbricos Lenovo Gen 4 256GB,Electrónica,Lenovo,1789.91,91,LEN-4737-BMMYO
4738,Crema Hidratante CeraVe Tono Claro,Belleza y Cuidado Personal,CeraVe,25.57,133,CER-4738-XQVO1
4739,Acondicionador Dove Para todo tipo de piel,Belleza y Cuidado Personal,Dove,86.15,873,DOV-4739-L4TFG
4740,Rímel Voluminizador Garnier Tono Claro,Belleza y Cuidado Personal,Garnier,56.82,836,GAR-4740-7DHIK
4741,Mochila de Senderismo Spalding Profesional Estándar,Deportes,Spalding,70.97,787,SPA-4741-S7BC3
4742,Smartphone HP Gen 4 128GB,Electrónica,HP,1020.15,315,HP-4742-H915M
4743,Teclado Mecánico HP Gen 10 128GB,Electrónica,HP,840.5,330,HP-4743-VQQ1X
4744,TV 4K Lenovo Lite 128GB,Electrónica,Lenovo,1380.51,34,LEN-4744-I0DKL
4745,Goggles de Natación Rawlings Profesional Edición Especial,Deportes,Rawlings,254.93,443,RAW-4745-U5X70
4746,Batidora de Pedestal Mabe Modelo 2093,Hogar,Mabe,792.76,303,MAB-4746-4QP4X
4747,Rímel Voluminizador MAC Piel Seca,Belleza y Cuidado Personal,MAC,31.11,72,MAC-4747-75FGD
4748,Smartwatch Bose Pro 128GB,Electrónica,Bose,253.24,740,BOS-4748-STG43
4749,Mochila de Senderismo Spalding Profesional Estándar,Deportes,Spalding,172.05,706,SPA-4749-5HSLH
4750,Microondas Ninja Modelo 6144,Hogar,Ninja,519.79,235,NIN-4750-UTV76
4751,Laptop Lenovo Ultra 1TB,Electrónica,Lenovo,595.65,802,LEN-4751-SE08G
4752,Raqueta de Tenis Spalding Profesional Premium,Deportes,Spalding,43.54,944,SPA-4752-561OC
4753,Bocina Bluetooth Asus Plus,Electrónica,Asus,2415.3,990,ASU-4753-YD42T
4754,Cámara Mirrorless HP Pro 256GB,Electrónica,HP,622.88,582,HP-4754-UKMCI
4755,Labial Líquido Clinique Tono Oscuro,Belleza y Cuidado Personal,Clinique,35.45,296,CLI-4755-DVKVN
4756,Mouse Acer Pro 512GB,Electrónica,Acer,672.72,587,ACE-4756-QS853
4757,Acondicionador Garnier Tono Claro,Belleza y Cuidado Personal,Garnier,68.47,354,GAR-4757-A61EV
4758,Balón de Básquetbol Gatorade Profesional Edición Especial,Deportes,Gatorade,97.73,820,GAT-4758-DPCBM
4759,Base de Maquillaje Dove Tono Claro,Belleza y Cuidado Personal,Dove,8.25,137,DOV-4759-G1SR7
4760,Procesador de Alimentos Dyson Modelo 4118,Hogar,Dyson,129.72,381,DYS-4760-M8OO1
4761,Gorra Levi's Talla M Color Blanco,Ropa,Levi's,146.58,95,LEV-4761-MMX9K
4762,Acondicionador L'Oréal Tono Oscuro,Belleza y Cuidado Personal,L'Oréal,80.38,249,L'O-4762-N0UQU
4763,Base de Maquillaje La Roche-Posay Tono Oscuro,Belleza y Cuidado Personal,La Roche-Posay,95.55,47,LA -4763-VOMD7
4764,Bocina Bluetooth JBL Pro 1TB,Electrónica,JBL,520.29,348,JBL-4764-YPQNV
4765,Suéter Puma Talla L Color Rojo,Ropa,Puma,31.14,709,PUM-4765-R2K7X
4766,Suero de Vitamina C Maybelline Para todo tipo de piel,Belleza y Cuidado Personal,Maybelline,58.59,890,MAY-4766-OYNXG
4767,Protector Solar SPF 50 CeraVe Para todo tipo de piel,Belleza y Cuidado Personal,CeraVe,116.8,181,CER-4767-GLJJU
4768,Suero de Vitamina C Nivea Piel Seca,Belleza y Cuidado Personal,Nivea,67.15,459,NIV-4768-13IMZ
4769,Tablet Asus Lite 512GB,Electrónica,Asus,1814.83,511,ASU-4769-23IYZ
4770,Procesador de Alimentos KitchenAid Modelo 5008,Hogar,KitchenAid,594.5,758,KIT-4770-JD9FX
4771,Short Deportivo Vans Talla M Color Azul,Ropa,Vans,114.25,183,VAN-4771-2VCO2
4772,Acondicionador Revlon Piel Seca,Belleza y Cuidado Personal,Revlon,32.48,261,REV-4772-BXGJD
4773,Chamarra Converse Talla XL Color Blanco,Ropa,Converse,140.48,602,CON-4773-1T86W
4774,Suéter Calvin Klein Talla XXL Color Rojo,Ropa,Calvin Klein,92.46,543,CAL-4774-ZOY28
4775,Aspiradora Hamilton Beach Modelo 4064,Hogar,Hamilton Beach,504.49,959,HAM-4775-U2IOQ
4776,Base de Maquillaje Garnier Tono Oscuro,Belleza y Cuidado Personal,Garnier,65.28,365,GAR-4776-880PH
4777,Tapete de Yoga Rawlings Profesional Estándar,Deportes,Rawlings,207.73,416,RAW-4777-8HAZH
4778,Shampoo Maybelline Tono Claro,Belleza y Cuidado Personal,Maybelline,104.93,491,MAY-4778-WUB1V
4779,Camiseta H&M Talla XL Color Rojo,Ropa,H&M,22.31,588,H&M-4779-41B6U
4780,Short Deportivo Calvin Klein Talla S Color Blanco,Ropa,Calvin Klein,84.11,62,CAL-4780-S0LQ0
4781,Plancha de Vapor Black+Decker Modelo 4931,Hogar,Black+Decker,387.55,890,BLA-4781-0P93G
4782,Mancuernas 10kg Coleman Profesional Estándar,Deportes,Coleman,269.46,764,COL-4782-D5Q69
4783,Cámara Mirrorless JBL Plus 128GB,Electrónica,JBL,636.22,744,JBL-4783-B2C5J
4784,Tenis Calvin Klein Talla L Color Azul,Ropa,Calvin Klein,134.4,923,CAL-4784-1EL98
4785,Shampoo La Roche-Posay Tono Claro,Belleza y Cuidado Personal,La Roche-Posay,86.4,809,LA -4785-D7H0D
4786,Crema Hidratante Clinique Para todo tipo de piel,Belleza y Cuidado Personal,Clinique,47.72,379,CLI-4786-C7KQM
4787,Pantalón de Mezclilla Converse Talla S Color Blanco,Ropa,Converse,126.98,940,CON-4787-IESDG
4788,Suéter Puma Talla XXL Color Gris,Ropa,Puma,113.58,76,PUM-4788-N0ACI
4789,Short Deportivo Adidas Talla XL Color Negro,Ropa,Adidas,115.74,954,ADI-4789-ZFS22
4790,Batidora de Pedestal Mabe Modelo 1360,Hogar,Mabe,234.56,991,MAB-4790-MBF1F
4791,Sudadera Puma Talla L Color Blanco,Ropa,Puma,138.45,985,PUM-4791-7TQTG
4792,Procesador de Alimentos Whirlpool Modelo 9877,Hogar,Whirlpool,343.63,436,WHI-4792-JXKW0
4793,Balón de Básquetbol Coleman Profesional Edición Especial,Deportes,Coleman,255.2,484,COL-4793-MNNVV
4794,Smartwatch JBL Ultra 512GB,Electrónica,JBL,577.93,868,JBL-4794-GTHTG
4795,Rímel Voluminizador Revlon Tono Claro,Belleza y Cuidado Personal,Revlon,92.26,15,REV-4795-VIRNO
4796,Audífonos Inalámbricos Samsung Ultra 512GB,Electrónica,Samsung,470.56,130,SAM-4796-SGNNO
4797,Rímel Voluminizador MAC Tono Oscuro,Belleza y Cuidado Personal,MAC,108.51,739,MAC-4797-TSRY0
4798,Procesador de Alimentos Koblenz Modelo 4303,Hogar,Koblenz,205.87,380,KOB-4798-TGMRE
4799,Acondicionador Estée Lauder Tono Oscuro,Belleza y Cuidado Personal,Estée Lauder,42.88,141,EST-4799-ATXMV
4800,Camiseta Converse Talla L Color Negro,Ropa,Converse,37.11,128,CON-4800-ZWA35
4801,Base de Maquillaje CeraVe Tono Medio,Belleza y Cuidado Personal,CeraVe,56.12,793,CER-4801-RQCM6
4802,Calcetines (Paquete) Tommy Hilfiger Talla XXL Color Azul,Ropa,Tommy Hilfiger,51.47,554,TOM-4802-O42X2
4803,Labial Líquido L'Oréal Tono Claro,Belleza y Cuidado Personal,L'Oréal,100.7,480,L'O-4803-TZ89X
4804,Tablet HP Ultra 1TB,Electrónica,HP,601.97,492,HP-4804-IPPHS
4805,Procesador de Alimentos Hamilton Beach Modelo 7333,Hogar,Hamilton Beach,604.73,441,HAM-4805-8BKRL
4806,Shampoo L'Oréal Tono Medio,Belleza y Cuidado Personal,L'Oréal,107.11,825,L'O-4806-UEDHV
4807,Plancha de Vapor Mabe Modelo 4467,Hogar,Mabe,400.4,994,MAB-4807-5BMRC
4808,Licuadora T-fal Modelo 5711,Hogar,T-fal,109.12,943,T-F-4808-YFRVU
4809,Chaqueta de Cuero Calvin Klein Talla XL Color Gris,Ropa,Calvin Klein,33.99,330,CAL-4809-EMU8S
4810,Rímel Voluminizador Garnier Tono Claro,Belleza y Cuidado Personal,Garnier,113.42,796,GAR-4810-0DE7W
4811,Chamarra Zara Talla L Color Gris,Ropa,Zara,142.97,943,ZAR-4811-UJMIK
4812,Audífonos Inalámbricos Acer Plus 1TB,Electrónica,Acer,1927.68,598,ACE-4812-YEKUK
4813,Perfume 100ml MAC Tono Medio,Belleza y Cuidado Personal,MAC,110.47,432,MAC-4813-3JK68
4814,Mancuernas 10kg Gatorade Profesional Estándar,Deportes,Gatorade,115.92,556,GAT-4814-ROUCN
4815,Perfume 100ml Garnier Tono Claro,Belleza y Cuidado Personal,Garnier,57.97,545,GAR-4815-6YJD4
4816,Mochila de Senderismo Yeti Profesional Premium,Deportes,Yeti,216.25,253,YET-4816-2EXHG
4817,Bocina Bluetooth Sony Pro 128GB,Electrónica,Sony,1892.73,358,SON-4817-HDZHW
4818,Cámara Mirrorless Dell Max 512GB,Electrónica,Dell,2072.9,479,DEL-4818-MFF2N
4819,Desmaquillante Estée Lauder Tono Medio,Belleza y Cuidado Personal,Estée Lauder,45.46,87,EST-4819-RXUV0
4820,Tostador Hamilton Beach Modelo 3000,Hogar,Hamilton Beach,259.82,988,HAM-4820-QKNPV
4821,Procesador de Alimentos Black+Decker Modelo 2934,Hogar,Black+Decker,560.4,26,BLA-4821-W1R3Q
4822,Gorra Vans Talla L Color Gris,Ropa,Vans,59.58,128,VAN-4822-EK5V5
4823,Desmaquillante Revlon Piel Seca,Belleza y Cuidado Personal,Revlon,77.58,153,REV-4823-NNVDS
4824,Balón de Básquetbol Coleman Profesional Premium,Deportes,Coleman,228.1,548,COL-4824-8LPYC
4825,Tapete de Yoga Spalding Profesional Edición Especial,Deportes,Spalding,18.88,347,SPA-4825-X0VKT
4826,Plancha de Vapor Koblenz Modelo 9948,Hogar,Koblenz,703.37,56,KOB-4826-QON49
4827,Tostador Mabe Modelo 8246,Hogar,Mabe,79.27,9,MAB-4827-36YH6
4828,Aspiradora Hamilton Beach Modelo 1592,Hogar,Hamilton Beach,191.03,910,HAM-4828-5XZ4K
4829,Gorra Under Armour Talla S Color Negro,Ropa,Under Armour,134.06,507,UND-4829-D4U70
4830,Smartphone Motorola Ultra 256GB,Electrónica,Motorola,151.85,709,MOT-4830-ZRBLY
4831,Pantalón de Mezclilla Levi's Talla XXL Color Blanco,Ropa,Levi's,120.01,997,LEV-4831-WTANI
4832,Crema Hidratante Clinique Para todo tipo de piel,Belleza y Cuidado Personal,Clinique,92.97,917,CLI-4832-G2BW1
4833,Sudadera Puma Talla S Color Negro,Ropa,Puma,110.04,75,PUM-4833-6J4Y2
4834,Mancuernas 10kg Coleman Profesional Premium,Deportes,Coleman,263.17,20,COL-4834-5J0ZC
4835,Suero de Vitamina C Estée Lauder Tono Claro,Belleza y Cuidado Personal,Estée Lauder,97.49,113,EST-4835-YO9LN
4836,Aspiradora Dyson Modelo 4539,Hogar,Dyson,208.86,134,DYS-4836-6ZYB3
4837,Labial Líquido Clinique Tono Medio,Belleza y Cuidado Personal,Clinique,80.38,435,CLI-4837-ZVXWP
4838,Microondas Ninja Modelo 1971,Hogar,Ninja,183.83,55,NIN-4838-2GL0F
4839,Procesador de Alimentos Dyson Modelo 8963,Hogar,Dyson,39.13,876,DYS-4839-IZ6S6
4840,Cámara Mirrorless Apple Lite 128GB,Electrónica,Apple,1385.07,658,APP-4840-ZZC1H
4841,Smartwatch LG Gen 10 1TB,Electrónica,LG,1721.39,674,LG-4841-MIS0T
4842,Procesador de Alimentos Oster Modelo 7778,Hogar,Oster,488.03,866,OST-4842-O813Z
4843,Guantes de Box Yeti Profesional Estándar,Deportes,Yeti,41.0,816,YET-4843-KW7CL
4844,Shampoo Maybelline Piel Seca,Belleza y Cuidado Personal,Maybelline,54.76,832,MAY-4844-UPX45
4845,Tostador Philips Modelo 7002,Hogar,Philips,311.56,695,PHI-4845-E171Y
4846,Base de Maquillaje L'Oréal Tono Claro,Belleza y Cuidado Personal,L'Oréal,86.94,628,L'O-4846-0PWVG
4847,Tostador Mabe Modelo 8258,Hogar,Mabe,176.4,267,MAB-4847-TM1AZ
4848,Microondas Whirlpool Modelo 6375,Hogar,Whirlpool,404.81,569,WHI-4848-NRSNK
4849,Chaqueta de Cuero Levi's Talla XXL Color Rojo,Ropa,Levi's,67.56,899,LEV-4849-UMHOC
4850,"Monitor 24"" LG Plus 1TB",Electrónica,LG,643.81,264,LG-4850-HG8NL
4851,Tapete de Yoga CamelBak Profesional Edición Especial,Deportes,CamelBak,157.99,822,CAM-4851-3F4CY
4852,Mouse Apple Lite,Electrónica,Apple,1735.19,961,APP-4852-NHU5Z
4853,Mancuernas 10kg Coleman Profesional Estándar,Deportes,Coleman,189.83,128,COL-4853-GNP1C
4854,Smartphone Samsung Max 1TB,Electrónica,Samsung,1725.89,314,SAM-4854-H5FPN
4855,Freidora de Aire Koblenz Modelo 9744,Hogar,Koblenz,52.65,610,KOB-4855-Y2H5W
4856,Licuadora KitchenAid Modelo 2712,Hogar,KitchenAid,455.67,209,KIT-4856-W0TUF
4857,Refrigerador Koblenz Modelo 9587,Hogar,Koblenz,81.14,122,KOB-4857-9NLLO
4858,Mancuernas 10kg Gatorade Profesional Edición Especial,Deportes,Gatorade,99.29,56,GAT-4858-1KH8L
4859,Crema Hidratante Revlon Tono Oscuro,Belleza y Cuidado Personal,Revlon,40.28,453,REV-4859-2GEF6
4860,Desmaquillante Nivea Tono Oscuro,Belleza y Cuidado Personal,Nivea,26.51,782,NIV-4860-NTWED
4861,Rímel Voluminizador L'Oréal Tono Oscuro,Belleza y Cuidado Personal,L'Oréal,18.7,421,L'O-4861-FYDBW
4862,Mochila de Senderismo Yeti Profesional Estándar,Deportes,Yeti,190.22,835,YET-4862-EU0QV
4863,Desmaquillante MAC Tono Oscuro,Belleza y Cuidado Personal,MAC,96.25,585,MAC-4863-3CAFZ
4864,Bocina Bluetooth Samsung Lite 1TB,Electrónica,Samsung,1752.79,92,SAM-4864-HYGJJ
4865,Crema Hidratante Maybelline Para todo tipo de piel,Belleza y Cuidado Personal,Maybelline,100.48,214,MAY-4865-8KSW4
4866,Tienda de Campaña Spalding Profesional Estándar,Deportes,Spalding,236.05,931,SPA-4866-4Z75B
4867,Acondicionador Revlon Piel Seca,Belleza y Cuidado Personal,Revlon,32.84,862,REV-4867-QO5II
4868,Desmaquillante La Roche-Posay Tono Oscuro,Belleza y Cuidado Personal,La Roche-Posay,5.98,892,LA -4868-SJ080
4869,Plancha de Vapor KitchenAid Modelo 9732,Hogar,KitchenAid,546.36,229,KIT-4869-54LQW
4870,Laptop Dell Lite 256GB,Electrónica,Dell,2280.32,746,DEL-4870-PYPXY
4871,Procesador de Alimentos Oster Modelo 4325,Hogar,Oster,706.79,120,OST-4871-UTVSU
4872,Guantes de Box Rawlings Profesional Edición Especial,Deportes,Rawlings,182.09,128,RAW-4872-UXGXM
4873,Labial Líquido MAC Para todo tipo de piel,Belleza y Cuidado Personal,MAC,90.24,350,MAC-4873-ZSJ82
4874,Raqueta de Tenis Wilson Profesional Pro,Deportes,Wilson,90.24,738,WIL-4874-A7R27
4875,Balón de Básquetbol Yeti Profesional Edición Especial,Deportes,Yeti,142.98,480,YET-4875-X8JJK
4876,Mouse Motorola Plus 128GB,Electrónica,Motorola,840.62,916,MOT-4876-6BOO2
4877,Raqueta de Tenis Everlast Profesional Pro,Deportes,Everlast,144.59,293,EVE-4877-V49QK
4878,Sudadera Reebok Talla XL Color Negro,Ropa,Reebok,121.31,895,REE-4878-LLV3N
4879,Suero de Vitamina C Maybelline Tono Claro,Belleza y Cuidado Personal,Maybelline,118.13,60,MAY-4879-6PQSL
4880,Balón de Básquetbol CamelBak Profesional Estándar,Deportes,CamelBak,13.76,147,CAM-4880-6SA8J
4881,Batidora de Pedestal Black+Decker Modelo 8562,Hogar,Black+Decker,278.99,89,BLA-4881-XML42
4882,Aspiradora Dyson Modelo 5428,Hogar,Dyson,728.07,346,DYS-4882-I733C
4883,Audífonos Inalámbricos Samsung Max 512GB,Electrónica,Samsung,1047.45,385,SAM-4883-TDGZ1
4884,Shampoo Clinique Tono Medio,Belleza y Cuidado Personal,Clinique,56.74,824,CLI-4884-LIX8Y
4885,Acondicionador Estée Lauder Piel Seca,Belleza y Cuidado Personal,Estée Lauder,72.73,654,EST-4885-CSO3W
4886,Tapete de Yoga CamelBak Profesional Pro,Deportes,CamelBak,234.61,297,CAM-4886-CFEJS
4887,Guantes de Box Rawlings Profesional Pro,Deportes,Rawlings,281.98,797,RAW-4887-I5IGA
4888,Gorra Under Armour Talla S Color Azul,Ropa,Under Armour,76.75,668,UND-4888-N9S9V
4889,Base de Maquillaje Nivea Para todo tipo de piel,Belleza y Cuidado Personal,Nivea,15.35,786,NIV-4889-0UQLJ
4890,Perfume 100ml Estée Lauder Tono Medio,Belleza y Cuidado Personal,Estée Lauder,16.05,591,EST-4890-AZXQ5
4891,Suero de Vitamina C Nivea Tono Oscuro,Belleza y Cuidado Personal,Nivea,45.38,848,NIV-4891-EXUWA
4892,Balón de Básquetbol Coleman Profesional Pro,Deportes,Coleman,224.71,755,COL-4892-U80YZ
4893,Gorra H&M Talla M Color Rojo,Ropa,H&M,22.1,314,H&M-4893-GGBLT
4894,Cámara Mirrorless Xiaomi Pro 1TB,Electrónica,Xiaomi,2276.25,511,XIA-4894-O50IN
4895,Suéter Puma Talla XL Color Gris,Ropa,Puma,105.56,594,PUM-4895-MSB40
4896,Base de Maquillaje CeraVe Para todo tipo de piel,Belleza y Cuidado Personal,CeraVe,96.15,221,CER-4896-B4Z9B
4897,Chamarra Zara Talla L Color Negro,Ropa,Zara,64.29,485,ZAR-4897-MX3KO
4898,Shampoo La Roche-Posay Tono Claro,Belleza y Cuidado Personal,La Roche-Posay,29.87,60,LA -4898-ZED4C
4899,Botella de Agua 1L Everlast Profesional Estándar,Deportes,Everlast,113.86,661,EVE-4899-FE96N
4900,Tienda de Campaña Rawlings Profesional Edición Especial,Deportes,Rawlings,244.26,648,RAW-4900-4IC9Z
4901,Refrigerador KitchenAid Modelo 6961,Hogar,KitchenAid,329.84,1,KIT-4901-26LZP
4902,Refrigerador Black+Decker Modelo 9140,Hogar,Black+Decker,794.25,57,BLA-4902-2WSF1
4903,Tienda de Campaña Spalding Profesional Premium,Deportes,Spalding,20.93,400,SPA-4903-JHMXU
4904,Mochila de Senderismo Spalding Profesional Pro,Deportes,Spalding,205.58,421,SPA-4904-BEXLP
4905,Laptop Sony Lite 128GB,Electrónica,Sony,139.52,765,SON-4905-D7I3G
4906,Calcetines (Paquete) Converse Talla L Color Blanco,Ropa,Converse,62.82,591,CON-4906-CFNSX
4907,Protector Solar SPF 50 Revlon Tono Oscuro,Belleza y Cuidado Personal,Revlon,49.7,271,REV-4907-2C21Y
4908,Laptop Apple Pro 128GB,Electrónica,Apple,620.26,966,APP-4908-SKDDO
4909,Bocina Bluetooth Motorola Gen 6 1TB,Electrónica,Motorola,2109.47,994,MOT-4909-UC7ST
4910,Smartphone LG Plus 256GB,Electrónica,LG,1804.07,683,LG-4910-6U10P
4911,Crema Hidratante Nivea Para todo tipo de piel,Belleza y Cuidado Personal,Nivea,101.49,136,NIV-4911-WLOGM
4912,Short Deportivo Under Armour Talla XXL Color Azul,Ropa,Under Armour,65.87,195,UND-4912-M33FB
4913,Protector Solar SPF 50 Nivea Tono Medio,Belleza y Cuidado Personal,Nivea,42.48,287,NIV-4913-KMZLC
4914,Protector Solar SPF 50 Nivea Tono Medio,Belleza y Cuidado Personal,Nivea,68.99,62,NIV-4914-E0QXY
4915,Sudadera Adidas Talla XXL Color Rojo,Ropa,Adidas,93.4,187,ADI-4915-5E6F6
4916,Suéter Levi's Talla XL Color Negro,Ropa,Levi's,115.11,561,LEV-4916-5W3M4
4917,Perfume 100ml MAC Tono Medio,Belleza y Cuidado Personal,MAC,51.42,476,MAC-4917-8IXOM
4918,Crema Hidratante MAC Para todo tipo de piel,Belleza y Cuidado Personal,MAC,17.79,812,MAC-4918-F4448
4919,Tostador KitchenAid Modelo 3735,Hogar,KitchenAid,580.24,384,KIT-4919-CI5B7
4920,Sudadera Adidas Talla XXL Color Azul,Ropa,Adidas,67.3,656,ADI-4920-QYLIR
4921,Guantes de Box Speedo Profesional Estándar,Deportes,Speedo,268.05,158,SPE-4921-OBVNY
4922,Bocina Bluetooth Lenovo Plus 256GB,Electrónica,Lenovo,1884.6,376,LEN-4922-KPXYM
4923,Suero de Vitamina C Garnier Tono Claro,Belleza y Cuidado Personal,Garnier,82.85,848,GAR-4923-WNR3Q
4924,Acondicionador MAC Tono Claro,Belleza y Cuidado Personal,MAC,96.71,717,MAC-4924-1D22U
4925,Mochila de Senderismo Rawlings Profesional Premium,Deportes,Rawlings,88.25,184,RAW-4925-G7W73
4926,Gorra Adidas Talla M Color Rojo,Ropa,Adidas,40.12,464,ADI-4926-W5N6Z
4927,Batidora de Pedestal Oster Modelo 2335,Hogar,Oster,47.6,217,OST-4927-83KH3
4928,Short Deportivo Vans Talla L Color Blanco,Ropa,Vans,118.47,596,VAN-4928-PZ464
4929,Protector Solar SPF 50 Revlon Tono Oscuro,Belleza y Cuidado Personal,Revlon,114.86,733,REV-4929-G9T53
4930,Plancha de Vapor Philips Modelo 6144,Hogar,Philips,398.89,678,PHI-4930-A6EWF
4931,Calcetines (Paquete) Calvin Klein Talla S Color Blanco,Ropa,Calvin Klein,147.16,201,CAL-4931-N61AR
4932,Balón de Básquetbol CamelBak Profesional Edición Especial,Deportes,CamelBak,26.8,872,CAM-4932-PHX5W
4933,Base de Maquillaje Garnier Tono Claro,Belleza y Cuidado Personal,Garnier,102.95,129,GAR-4933-1ZXHE
4934,Licuadora Koblenz Modelo 9883,Hogar,Koblenz,645.04,950,KOB-4934-4VSL9
4935,Protector Solar SPF 50 Revlon Tono Medio,Belleza y Cuidado Personal,Revlon,54.36,519,REV-4935-NY0IM
4936,Tostador Hamilton Beach Modelo 6085,Hogar,Hamilton Beach,474.13,614,HAM-4936-C1K8C
4937,Tablet HP Pro 1TB,Electrónica,HP,958.81,891,HP-4937-C7YJT
4938,Pantalón de Mezclilla Levi's Talla XXL Color Azul,Ropa,Levi's,120.53,920,LEV-4938-CILVS
4939,Protector Solar SPF 50 Dove Para todo tipo de piel,Belleza y Cuidado Personal,Dove,6.58,495,DOV-4939-QYUL5
4940,Tablet JBL Lite 128GB,Electrónica,JBL,1306.54,599,JBL-4940-TOO7B
4941,Tienda de Campaña CamelBak Profesional Premium,Deportes,CamelBak,149.37,867,CAM-4941-MIS65
4942,Tenis Puma Talla S Color Rojo,Ropa,Puma,127.01,171,PUM-4942-37046
4943,Teclado Mecánico Sony Ultra 512GB,Electrónica,Sony,2009.74,65,SON-4943-OGBM5
4944,Acondicionador Garnier Piel Seca,Belleza y Cuidado Personal,Garnier,42.31,274,GAR-4944-VQUJR
4945,Protector Solar SPF 50 Dove Piel Seca,Belleza y Cuidado Personal,Dove,97.19,435,DOV-4945-8O092
4946,Raqueta de Tenis CamelBak Profesional Premium,Deportes,CamelBak,34.01,269,CAM-4946-CS15N
4947,Pantalón de Mezclilla Vans Talla XXL Color Azul,Ropa,Vans,136.56,777,VAN-4947-DUUQL
4948,Cámara Mirrorless Acer Gen 3,Electrónica,Acer,1368.63,619,ACE-4948-IN4XT
4949,Refrigerador Black+Decker Modelo 4578,Hogar,Black+Decker,157.18,20,BLA-4949-1IGNY
4950,Shampoo CeraVe Tono Oscuro,Belleza y Cuidado Personal,CeraVe,50.62,105,CER-4950-XWMFH
4951,Calcetines (Paquete) Tommy Hilfiger Talla XXL Color Rojo,Ropa,Tommy Hilfiger,107.44,671,TOM-4951-XH51Q
4952,Cafetera KitchenAid Modelo 4736,Hogar,KitchenAid,204.23,821,KIT-4952-I92L7
4953,Camiseta Vans Talla S Color Blanco,Ropa,Vans,55.6,299,VAN-4953-5I9WS
4954,Mancuernas 10kg Yeti Profesional Premium,Deportes,Yeti,98.79,323,YET-4954-IKLBO
4955,Rímel Voluminizador MAC Tono Oscuro,Belleza y Cuidado Personal,MAC,111.8,717,MAC-4955-IRRL5
4956,Goggles de Natación Yeti Profesional Premium,Deportes,Yeti,261.46,683,YET-4956-BLH00
4957,Raqueta de Tenis Yeti Profesional Premium,Deportes,Yeti,299.97,476,YET-4957-0OKL7
4958,Cafetera Mabe Modelo 3953,Hogar,Mabe,438.39,799,MAB-4958-3OMMW
4959,Desmaquillante Garnier Tono Oscuro,Belleza y Cuidado Personal,Garnier,16.28,497,GAR-4959-A6JXQ
4960,Acondicionador L'Oréal Tono Claro,Belleza y Cuidado Personal,L'Oréal,35.35,198,L'O-4960-UQFV6
4961,Cafetera Dyson Modelo 4554,Hogar,Dyson,217.06,195,DYS-4961-J1JRO
4962,Raqueta de Tenis CamelBak Profesional Estándar,Deportes,CamelBak,203.66,700,CAM-4962-771EP
4963,Laptop Xiaomi Pro 256GB,Electrónica,Xiaomi,1816.07,213,XIA-4963-09FKV
4964,Plancha de Vapor KitchenAid Modelo 2038,Hogar,KitchenAid,743.17,511,KIT-4964-E09LK
4965,Base de Maquillaje MAC Para todo tipo de piel,Belleza y Cuidado Personal,MAC,56.08,183,MAC-4965-GR9FE
4966,Refrigerador KitchenAid Modelo 9083,Hogar,KitchenAid,725.37,476,KIT-4966-9ZPYM
4967,Goggles de Natación Wilson Profesional Pro,Deportes,Wilson,21.32,853,WIL-4967-HNQYP
4968,Freidora de Aire Philips Modelo 4005,Hogar,Philips,213.66,494,PHI-4968-6AKTV
4969,Procesador de Alimentos Philips Modelo 9424,Hogar,Philips,723.05,960,PHI-4969-EGMTN
4970,Teclado Mecánico Sony Plus 128GB,Electrónica,Sony,441.86,413,SON-4970-BXQ3P
4971,Goggles de Natación Coleman Profesional Pro,Deportes,Coleman,79.75,731,COL-4971-IIZ3A
4972,Licuadora Whirlpool Modelo 9558,Hogar,Whirlpool,151.24,220,WHI-4972-E3WVH
4973,Cafetera KitchenAid Modelo 1917,Hogar,KitchenAid,282.62,342,KIT-4973-Q16NG
4974,Calcetines (Paquete) Puma Talla XL Color Gris,Ropa,Puma,55.07,982,PUM-4974-H0HLG
4975,Mouse JBL Max,Electrónica,JBL,1858.3,513,JBL-4975-08P75
4976,Suero de Vitamina C CeraVe Piel Seca,Belleza y Cuidado Personal,CeraVe,43.84,790,CER-4976-UV0RN
4977,Tablet Acer Max 128GB,Electrónica,Acer,1567.19,897,ACE-4977-KOD75
4978,Tablet Dell Pro 128GB,Electrónica,Dell,1580.61,342,DEL-4978-HP21X
4979,Sudadera Reebok Talla XXL Color Gris,Ropa,Reebok,93.56,622,REE-4979-3XQXM
4980,Chamarra Zara Talla L Color Negro,Ropa,Zara,133.51,796,ZAR-4980-HGNA9
4981,Microondas Mabe Modelo 8257,Hogar,Mabe,590.93,285,MAB-4981-ONWCC
4982,Pantalón de Mezclilla Converse Talla XL Color Rojo,Ropa,Converse,110.16,29,CON-4982-PC78Y
4983,Mouse Lenovo Ultra 128GB,Electrónica,Lenovo,1634.31,127,LEN-4983-X6J6O
4984,Camiseta Nike Talla L Color Blanco,Ropa,Nike,133.93,641,NIK-4984-NPUCK
4985,Smartwatch HP Lite,Electrónica,HP,2190.3,300,HP-4985-7613J
4986,Smartphone Asus Ultra 256GB,Electrónica,Asus,2336.46,685,ASU-4986-WIJUF
4987,Chaqueta de Cuero Calvin Klein Talla L Color Gris,Ropa,Calvin Klein,123.24,4,CAL-4987-YE9NP
4988,Gorra Converse Talla XXL Color Blanco,Ropa,Converse,25.33,177,CON-4988-EOS9Z
4989,Goggles de Natación Speedo Profesional Edición Especial,Deportes,Speedo,285.17,991,SPE-4989-Z835F
4990,Teclado Mecánico Acer Plus,Electrónica,Acer,431.55,75,ACE-4990-MU7SX
4991,Aspiradora Oster Modelo 6534,Hogar,Oster,563.73,616,OST-4991-70TCK
4992,Desmaquillante MAC Tono Medio,Belleza y Cuidado Personal,MAC,97.54,368,MAC-4992-L78RD
4993,Balón de Básquetbol Speedo Profesional Edición Especial,Deportes,Speedo,85.06,202,SPE-4993-DU7AD
4994,Microondas KitchenAid Modelo 1775,Hogar,KitchenAid,700.69,509,KIT-4994-O6IB2
4995,Camiseta Vans Talla S Color Negro,Ropa,Vans,85.8,148,VAN-4995-KUQJA
4996,Chaqueta de Cuero Levi's Talla M Color Negro,Ropa,Levi's,139.67,113,LEV-4996-W7E9I
4997,Microondas Oster Modelo 9828,Hogar,Oster,194.37,263,OST-4997-OAV47
4998,Audífonos Inalámbricos Xiaomi Ultra,Electrónica,Xiaomi,154.49,855,XIA-4998-H4BH7
4999,Botella de Agua 1L Rawlings Profesional Edición Especial,Deportes,Rawlings,217.58,153,RAW-4999-HR67N
5000,Short Deportivo Under Armour Talla XL Color Gris,Ropa,Under Armour,128.06,125,UND-5000-3EO6S
